2024-11-05T02:59:45.521-05:00  INFO 13724 --- [SysPasteleriaDulcesitoFx] [JavaFX-Launcher] o.s.boot.SpringApplication               : Starting application using Java 22 with PID 13724 (started by ASUS in C:\EVALUACION (YEFRI-ANDRE)\EVALUACION-U2\SysPasteleriaDulcesitoFx)
2024-11-05T02:59:45.539-05:00  INFO 13724 --- [SysPasteleriaDulcesitoFx] [JavaFX-Launcher] o.s.boot.SpringApplication               : No active profile set, falling back to 1 default profile: "default"
2024-11-05T02:59:46.578-05:00  INFO 13724 --- [SysPasteleriaDulcesitoFx] [JavaFX-Launcher] .s.d.r.c.RepositoryConfigurationDelegate : Bootstrapping Spring Data JPA repositories in DEFAULT mode.
2024-11-05T02:59:46.703-05:00  INFO 13724 --- [SysPasteleriaDulcesitoFx] [JavaFX-Launcher] .s.d.r.c.RepositoryConfigurationDelegate : Finished Spring Data repository scanning in 114 ms. Found 15 JPA repository interfaces.
2024-11-05T02:59:47.236-05:00  INFO 13724 --- [SysPasteleriaDulcesitoFx] [JavaFX-Launcher] o.hibernate.jpa.internal.util.LogHelper  : HHH000204: Processing PersistenceUnitInfo [name: default]
2024-11-05T02:59:47.335-05:00  INFO 13724 --- [SysPasteleriaDulcesitoFx] [JavaFX-Launcher] org.hibernate.Version                    : HHH000412: Hibernate ORM core version 6.5.3.Final
2024-11-05T02:59:47.389-05:00  INFO 13724 --- [SysPasteleriaDulcesitoFx] [JavaFX-Launcher] o.h.c.internal.RegionFactoryInitiator    : HHH000026: Second-level cache disabled
2024-11-05T02:59:47.781-05:00  INFO 13724 --- [SysPasteleriaDulcesitoFx] [JavaFX-Launcher] o.s.o.j.p.SpringPersistenceUnitInfo      : No LoadTimeWeaver setup: ignoring JPA class transformer
2024-11-05T02:59:47.813-05:00  INFO 13724 --- [SysPasteleriaDulcesitoFx] [JavaFX-Launcher] com.zaxxer.hikari.HikariDataSource       : HikariPool-1 - Starting...
2024-11-05T02:59:48.422-05:00  INFO 13724 --- [SysPasteleriaDulcesitoFx] [JavaFX-Launcher] com.zaxxer.hikari.pool.HikariPool        : HikariPool-1 - Added connection org.sqlite.jdbc4.JDBC4Connection@32e2e285
2024-11-05T02:59:48.425-05:00  INFO 13724 --- [SysPasteleriaDulcesitoFx] [JavaFX-Launcher] com.zaxxer.hikari.HikariDataSource       : HikariPool-1 - Start completed.
2024-11-05T02:59:49.987-05:00  INFO 13724 --- [SysPasteleriaDulcesitoFx] [JavaFX-Launcher] o.h.e.t.j.p.i.JtaPlatformInitiator       : HHH000489: No JTA platform available (set 'hibernate.transaction.jta.platform' to enable JTA platform integration)
2024-11-05T02:59:50.038-05:00  INFO 13724 --- [SysPasteleriaDulcesitoFx] [JavaFX-Launcher] j.LocalContainerEntityManagerFactoryBean : Initialized JPA EntityManagerFactory for persistence unit 'default'
2024-11-05T02:59:50.383-05:00  INFO 13724 --- [SysPasteleriaDulcesitoFx] [JavaFX-Launcher] o.s.d.j.r.query.QueryEnhancerFactory     : Hibernate is in classpath; If applicable, HQL parser will be used.
2024-11-05T02:59:50.831-05:00  INFO 13724 --- [SysPasteleriaDulcesitoFx] [JavaFX-Launcher] o.s.boot.SpringApplication               : Started application in 6.208 seconds (process running for 7.482)
2024-11-05T03:09:37.975-05:00  INFO 13724 --- [SysPasteleriaDulcesitoFx] [SpringApplicationShutdownHook] j.LocalContainerEntityManagerFactoryBean : Closing JPA EntityManagerFactory for persistence unit 'default'
2024-11-05T03:09:38.158-05:00  INFO 13724 --- [SysPasteleriaDulcesitoFx] [SpringApplicationShutdownHook] com.zaxxer.hikari.HikariDataSource       : HikariPool-1 - Shutdown initiated...
2024-11-05T03:09:38.218-05:00  INFO 13724 --- [SysPasteleriaDulcesitoFx] [SpringApplicationShutdownHook] com.zaxxer.hikari.HikariDataSource       : HikariPool-1 - Shutdown completed.
2024-11-05T03:09:49.886-05:00  INFO 1192 --- [SysPasteleriaDulcesitoFx] [JavaFX-Launcher] o.s.boot.SpringApplication               : Starting application using Java 22 with PID 1192 (started by ASUS in C:\EVALUACION (YEFRI-ANDRE)\EVALUACION-U2\SysPasteleriaDulcesitoFx)
2024-11-05T03:09:49.893-05:00  INFO 1192 --- [SysPasteleriaDulcesitoFx] [JavaFX-Launcher] o.s.boot.SpringApplication               : No active profile set, falling back to 1 default profile: "default"
2024-11-05T03:09:52.672-05:00  INFO 1192 --- [SysPasteleriaDulcesitoFx] [JavaFX-Launcher] .s.d.r.c.RepositoryConfigurationDelegate : Bootstrapping Spring Data JPA repositories in DEFAULT mode.
2024-11-05T03:09:52.891-05:00  INFO 1192 --- [SysPasteleriaDulcesitoFx] [JavaFX-Launcher] .s.d.r.c.RepositoryConfigurationDelegate : Finished Spring Data repository scanning in 202 ms. Found 15 JPA repository interfaces.
2024-11-05T03:09:53.784-05:00  INFO 1192 --- [SysPasteleriaDulcesitoFx] [JavaFX-Launcher] o.hibernate.jpa.internal.util.LogHelper  : HHH000204: Processing PersistenceUnitInfo [name: default]
2024-11-05T03:09:53.893-05:00  INFO 1192 --- [SysPasteleriaDulcesitoFx] [JavaFX-Launcher] org.hibernate.Version                    : HHH000412: Hibernate ORM core version 6.5.3.Final
2024-11-05T03:09:53.956-05:00  INFO 1192 --- [SysPasteleriaDulcesitoFx] [JavaFX-Launcher] o.h.c.internal.RegionFactoryInitiator    : HHH000026: Second-level cache disabled
2024-11-05T03:09:54.460-05:00  INFO 1192 --- [SysPasteleriaDulcesitoFx] [JavaFX-Launcher] o.s.o.j.p.SpringPersistenceUnitInfo      : No LoadTimeWeaver setup: ignoring JPA class transformer
2024-11-05T03:09:54.502-05:00  INFO 1192 --- [SysPasteleriaDulcesitoFx] [JavaFX-Launcher] com.zaxxer.hikari.HikariDataSource       : HikariPool-1 - Starting...
2024-11-05T03:09:54.552-05:00 ERROR 1192 --- [SysPasteleriaDulcesitoFx] [JavaFX-Launcher] org.sqlite.SQLiteJDBCLoader              : Failed to delete old native lib

java.nio.file.AccessDeniedException: C:\Users\ASUS\AppData\Local\Temp\sqlite-3.46.0.0-9729cba7-08d9-4f6d-968e-b3e289a62659-sqlitejdbc.dll
	at java.base/sun.nio.fs.WindowsException.translateToIOException(WindowsException.java:89) ~[na:na]
	at java.base/sun.nio.fs.WindowsException.rethrowAsIOException(WindowsException.java:103) ~[na:na]
	at java.base/sun.nio.fs.WindowsException.rethrowAsIOException(WindowsException.java:108) ~[na:na]
	at java.base/sun.nio.fs.WindowsFileSystemProvider.implDelete(WindowsFileSystemProvider.java:273) ~[na:na]
	at java.base/sun.nio.fs.AbstractFileSystemProvider.delete(AbstractFileSystemProvider.java:104) ~[na:na]
	at java.base/java.nio.file.Files.delete(Files.java:1152) ~[na:na]
	at org.sqlite.SQLiteJDBCLoader.lambda$cleanup$1(SQLiteJDBCLoader.java:102) ~[sqlite-jdbc-3.46.0.0.jar:na]
	at java.base/java.util.stream.ForEachOps$ForEachOp$OfRef.accept(ForEachOps.java:184) ~[na:na]
	at java.base/java.util.stream.ReferencePipeline$2$1.accept(ReferencePipeline.java:194) ~[na:na]
	at java.base/java.util.Iterator.forEachRemaining(Iterator.java:133) ~[na:na]
	at java.base/java.util.Spliterators$IteratorSpliterator.forEachRemaining(Spliterators.java:1939) ~[na:na]
	at java.base/java.util.stream.AbstractPipeline.copyInto(AbstractPipeline.java:556) ~[na:na]
	at java.base/java.util.stream.AbstractPipeline.wrapAndCopyInto(AbstractPipeline.java:546) ~[na:na]
	at java.base/java.util.stream.ForEachOps$ForEachOp.evaluateSequential(ForEachOps.java:151) ~[na:na]
	at java.base/java.util.stream.ForEachOps$ForEachOp$OfRef.evaluateSequential(ForEachOps.java:174) ~[na:na]
	at java.base/java.util.stream.AbstractPipeline.evaluate(AbstractPipeline.java:265) ~[na:na]
	at java.base/java.util.stream.ReferencePipeline.forEach(ReferencePipeline.java:611) ~[na:na]
	at org.sqlite.SQLiteJDBCLoader.cleanup(SQLiteJDBCLoader.java:97) ~[sqlite-jdbc-3.46.0.0.jar:na]
	at org.sqlite.SQLiteJDBCLoader.initialize(SQLiteJDBCLoader.java:73) ~[sqlite-jdbc-3.46.0.0.jar:na]
	at org.sqlite.core.NativeDB.load(NativeDB.java:69) ~[sqlite-jdbc-3.46.0.0.jar:na]
	at org.sqlite.SQLiteConnection.open(SQLiteConnection.java:280) ~[sqlite-jdbc-3.46.0.0.jar:na]
	at org.sqlite.SQLiteConnection.<init>(SQLiteConnection.java:67) ~[sqlite-jdbc-3.46.0.0.jar:na]
	at org.sqlite.jdbc3.JDBC3Connection.<init>(JDBC3Connection.java:28) ~[sqlite-jdbc-3.46.0.0.jar:na]
	at org.sqlite.jdbc4.JDBC4Connection.<init>(JDBC4Connection.java:19) ~[sqlite-jdbc-3.46.0.0.jar:na]
	at org.sqlite.JDBC.createConnection(JDBC.java:106) ~[sqlite-jdbc-3.46.0.0.jar:na]
	at org.sqlite.JDBC.connect(JDBC.java:79) ~[sqlite-jdbc-3.46.0.0.jar:na]
	at com.zaxxer.hikari.util.DriverDataSource.getConnection(DriverDataSource.java:120) ~[HikariCP-5.1.0.jar:na]
	at com.zaxxer.hikari.pool.PoolBase.newConnection(PoolBase.java:360) ~[HikariCP-5.1.0.jar:na]
	at com.zaxxer.hikari.pool.PoolBase.newPoolEntry(PoolBase.java:202) ~[HikariCP-5.1.0.jar:na]
	at com.zaxxer.hikari.pool.HikariPool.createPoolEntry(HikariPool.java:461) ~[HikariCP-5.1.0.jar:na]
	at com.zaxxer.hikari.pool.HikariPool.checkFailFast(HikariPool.java:550) ~[HikariCP-5.1.0.jar:na]
	at com.zaxxer.hikari.pool.HikariPool.<init>(HikariPool.java:98) ~[HikariCP-5.1.0.jar:na]
	at com.zaxxer.hikari.HikariDataSource.getConnection(HikariDataSource.java:111) ~[HikariCP-5.1.0.jar:na]
	at org.hibernate.engine.jdbc.connections.internal.DatasourceConnectionProviderImpl.getConnection(DatasourceConnectionProviderImpl.java:122) ~[hibernate-core-6.5.3.Final.jar:6.5.3.Final]
	at org.hibernate.engine.jdbc.env.internal.JdbcEnvironmentInitiator$ConnectionProviderJdbcConnectionAccess.obtainConnection(JdbcEnvironmentInitiator.java:439) ~[hibernate-core-6.5.3.Final.jar:6.5.3.Final]
	at org.hibernate.resource.transaction.backend.jdbc.internal.JdbcIsolationDelegate.delegateWork(JdbcIsolationDelegate.java:61) ~[hibernate-core-6.5.3.Final.jar:6.5.3.Final]
	at org.hibernate.engine.jdbc.env.internal.JdbcEnvironmentInitiator.getJdbcEnvironmentUsingJdbcMetadata(JdbcEnvironmentInitiator.java:292) ~[hibernate-core-6.5.3.Final.jar:6.5.3.Final]
	at org.hibernate.engine.jdbc.env.internal.JdbcEnvironmentInitiator.initiateService(JdbcEnvironmentInitiator.java:124) ~[hibernate-core-6.5.3.Final.jar:6.5.3.Final]
	at org.hibernate.engine.jdbc.env.internal.JdbcEnvironmentInitiator.initiateService(JdbcEnvironmentInitiator.java:78) ~[hibernate-core-6.5.3.Final.jar:6.5.3.Final]
	at org.hibernate.boot.registry.internal.StandardServiceRegistryImpl.initiateService(StandardServiceRegistryImpl.java:130) ~[hibernate-core-6.5.3.Final.jar:6.5.3.Final]
	at org.hibernate.service.internal.AbstractServiceRegistryImpl.createService(AbstractServiceRegistryImpl.java:263) ~[hibernate-core-6.5.3.Final.jar:6.5.3.Final]
	at org.hibernate.service.internal.AbstractServiceRegistryImpl.initializeService(AbstractServiceRegistryImpl.java:238) ~[hibernate-core-6.5.3.Final.jar:6.5.3.Final]
	at org.hibernate.service.internal.AbstractServiceRegistryImpl.getService(AbstractServiceRegistryImpl.java:215) ~[hibernate-core-6.5.3.Final.jar:6.5.3.Final]
	at org.hibernate.boot.model.relational.Database.<init>(Database.java:45) ~[hibernate-core-6.5.3.Final.jar:6.5.3.Final]
	at org.hibernate.boot.internal.InFlightMetadataCollectorImpl.getDatabase(InFlightMetadataCollectorImpl.java:221) ~[hibernate-core-6.5.3.Final.jar:6.5.3.Final]
	at org.hibernate.boot.internal.InFlightMetadataCollectorImpl.<init>(InFlightMetadataCollectorImpl.java:189) ~[hibernate-core-6.5.3.Final.jar:6.5.3.Final]
	at org.hibernate.boot.model.process.spi.MetadataBuildingProcess.complete(MetadataBuildingProcess.java:171) ~[hibernate-core-6.5.3.Final.jar:6.5.3.Final]
	at org.hibernate.jpa.boot.internal.EntityManagerFactoryBuilderImpl.metadata(EntityManagerFactoryBuilderImpl.java:1431) ~[hibernate-core-6.5.3.Final.jar:6.5.3.Final]
	at org.hibernate.jpa.boot.internal.EntityManagerFactoryBuilderImpl.build(EntityManagerFactoryBuilderImpl.java:1502) ~[hibernate-core-6.5.3.Final.jar:6.5.3.Final]
	at org.springframework.orm.jpa.vendor.SpringHibernateJpaPersistenceProvider.createContainerEntityManagerFactory(SpringHibernateJpaPersistenceProvider.java:75) ~[spring-orm-6.1.13.jar:6.1.13]
	at org.springframework.orm.jpa.LocalContainerEntityManagerFactoryBean.createNativeEntityManagerFactory(LocalContainerEntityManagerFactoryBean.java:390) ~[spring-orm-6.1.13.jar:6.1.13]
	at org.springframework.orm.jpa.AbstractEntityManagerFactoryBean.buildNativeEntityManagerFactory(AbstractEntityManagerFactoryBean.java:409) ~[spring-orm-6.1.13.jar:6.1.13]
	at org.springframework.orm.jpa.AbstractEntityManagerFactoryBean.afterPropertiesSet(AbstractEntityManagerFactoryBean.java:396) ~[spring-orm-6.1.13.jar:6.1.13]
	at org.springframework.orm.jpa.LocalContainerEntityManagerFactoryBean.afterPropertiesSet(LocalContainerEntityManagerFactoryBean.java:366) ~[spring-orm-6.1.13.jar:6.1.13]
	at org.springframework.beans.factory.support.AbstractAutowireCapableBeanFactory.invokeInitMethods(AbstractAutowireCapableBeanFactory.java:1853) ~[spring-beans-6.1.13.jar:6.1.13]
	at org.springframework.beans.factory.support.AbstractAutowireCapableBeanFactory.initializeBean(AbstractAutowireCapableBeanFactory.java:1802) ~[spring-beans-6.1.13.jar:6.1.13]
	at org.springframework.beans.factory.support.AbstractAutowireCapableBeanFactory.doCreateBean(AbstractAutowireCapableBeanFactory.java:600) ~[spring-beans-6.1.13.jar:6.1.13]
	at org.springframework.beans.factory.support.AbstractAutowireCapableBeanFactory.createBean(AbstractAutowireCapableBeanFactory.java:522) ~[spring-beans-6.1.13.jar:6.1.13]
	at org.springframework.beans.factory.support.AbstractBeanFactory.lambda$doGetBean$0(AbstractBeanFactory.java:337) ~[spring-beans-6.1.13.jar:6.1.13]
	at org.springframework.beans.factory.support.DefaultSingletonBeanRegistry.getSingleton(DefaultSingletonBeanRegistry.java:234) ~[spring-beans-6.1.13.jar:6.1.13]
	at org.springframework.beans.factory.support.AbstractBeanFactory.doGetBean(AbstractBeanFactory.java:335) ~[spring-beans-6.1.13.jar:6.1.13]
	at org.springframework.beans.factory.support.AbstractBeanFactory.getBean(AbstractBeanFactory.java:205) ~[spring-beans-6.1.13.jar:6.1.13]
	at org.springframework.context.support.AbstractApplicationContext.finishBeanFactoryInitialization(AbstractApplicationContext.java:954) ~[spring-context-6.1.13.jar:6.1.13]
	at org.springframework.context.support.AbstractApplicationContext.refresh(AbstractApplicationContext.java:625) ~[spring-context-6.1.13.jar:6.1.13]
	at org.springframework.boot.SpringApplication.refresh(SpringApplication.java:754) ~[spring-boot-3.3.4.jar:3.3.4]
	at org.springframework.boot.SpringApplication.refreshContext(SpringApplication.java:456) ~[spring-boot-3.3.4.jar:3.3.4]
	at org.springframework.boot.SpringApplication.run(SpringApplication.java:335) ~[spring-boot-3.3.4.jar:3.3.4]
	at org.springframework.boot.builder.SpringApplicationBuilder.run(SpringApplicationBuilder.java:149) ~[spring-boot-3.3.4.jar:3.3.4]
	at pe.edu.upeu.syspasteleriadulcesitofx.SysPasteleriaDulcesitoFxApplication.init(SysPasteleriaDulcesitoFxApplication.java:29) ~[classes/:na]
	at com.sun.javafx.application.LauncherImpl.launchApplication1(LauncherImpl.java:824) ~[javafx-graphics-16-win.jar:na]
	at com.sun.javafx.application.LauncherImpl.lambda$launchApplication$2(LauncherImpl.java:195) ~[javafx-graphics-16-win.jar:na]
	at java.base/java.lang.Thread.run(Thread.java:1570) ~[na:na]

2024-11-05T03:09:54.874-05:00  INFO 1192 --- [SysPasteleriaDulcesitoFx] [JavaFX-Launcher] com.zaxxer.hikari.pool.HikariPool        : HikariPool-1 - Added connection org.sqlite.jdbc4.JDBC4Connection@3214433
2024-11-05T03:09:54.878-05:00  INFO 1192 --- [SysPasteleriaDulcesitoFx] [JavaFX-Launcher] com.zaxxer.hikari.HikariDataSource       : HikariPool-1 - Start completed.
2024-11-05T03:09:57.577-05:00  INFO 1192 --- [SysPasteleriaDulcesitoFx] [JavaFX-Launcher] o.h.e.t.j.p.i.JtaPlatformInitiator       : HHH000489: No JTA platform available (set 'hibernate.transaction.jta.platform' to enable JTA platform integration)
2024-11-05T03:09:57.649-05:00  INFO 1192 --- [SysPasteleriaDulcesitoFx] [JavaFX-Launcher] j.LocalContainerEntityManagerFactoryBean : Initialized JPA EntityManagerFactory for persistence unit 'default'
2024-11-05T03:09:58.430-05:00  INFO 1192 --- [SysPasteleriaDulcesitoFx] [JavaFX-Launcher] o.s.d.j.r.query.QueryEnhancerFactory     : Hibernate is in classpath; If applicable, HQL parser will be used.
2024-11-05T03:09:59.631-05:00  INFO 1192 --- [SysPasteleriaDulcesitoFx] [JavaFX-Launcher] o.s.boot.SpringApplication               : Started application in 11.037 seconds (process running for 17.241)
2024-11-05T03:16:25.325-05:00  INFO 1192 --- [SysPasteleriaDulcesitoFx] [SpringApplicationShutdownHook] j.LocalContainerEntityManagerFactoryBean : Closing JPA EntityManagerFactory for persistence unit 'default'
2024-11-05T03:16:25.512-05:00  INFO 1192 --- [SysPasteleriaDulcesitoFx] [SpringApplicationShutdownHook] com.zaxxer.hikari.HikariDataSource       : HikariPool-1 - Shutdown initiated...
2024-11-05T03:16:25.582-05:00  INFO 1192 --- [SysPasteleriaDulcesitoFx] [SpringApplicationShutdownHook] com.zaxxer.hikari.HikariDataSource       : HikariPool-1 - Shutdown completed.
2024-11-05T03:16:31.554-05:00  INFO 5036 --- [SysPasteleriaDulcesitoFx] [JavaFX-Launcher] o.s.boot.SpringApplication               : Starting application using Java 22 with PID 5036 (started by ASUS in C:\EVALUACION (YEFRI-ANDRE)\EVALUACION-U2\SysPasteleriaDulcesitoFx)
2024-11-05T03:16:31.557-05:00  INFO 5036 --- [SysPasteleriaDulcesitoFx] [JavaFX-Launcher] o.s.boot.SpringApplication               : No active profile set, falling back to 1 default profile: "default"
2024-11-05T03:16:32.583-05:00  INFO 5036 --- [SysPasteleriaDulcesitoFx] [JavaFX-Launcher] .s.d.r.c.RepositoryConfigurationDelegate : Bootstrapping Spring Data JPA repositories in DEFAULT mode.
2024-11-05T03:16:32.704-05:00  INFO 5036 --- [SysPasteleriaDulcesitoFx] [JavaFX-Launcher] .s.d.r.c.RepositoryConfigurationDelegate : Finished Spring Data repository scanning in 112 ms. Found 15 JPA repository interfaces.
2024-11-05T03:16:33.752-05:00  INFO 5036 --- [SysPasteleriaDulcesitoFx] [JavaFX-Launcher] o.hibernate.jpa.internal.util.LogHelper  : HHH000204: Processing PersistenceUnitInfo [name: default]
2024-11-05T03:16:33.903-05:00  INFO 5036 --- [SysPasteleriaDulcesitoFx] [JavaFX-Launcher] org.hibernate.Version                    : HHH000412: Hibernate ORM core version 6.5.3.Final
2024-11-05T03:16:33.988-05:00  INFO 5036 --- [SysPasteleriaDulcesitoFx] [JavaFX-Launcher] o.h.c.internal.RegionFactoryInitiator    : HHH000026: Second-level cache disabled
2024-11-05T03:16:35.016-05:00  INFO 5036 --- [SysPasteleriaDulcesitoFx] [JavaFX-Launcher] o.s.o.j.p.SpringPersistenceUnitInfo      : No LoadTimeWeaver setup: ignoring JPA class transformer
2024-11-05T03:16:35.053-05:00  INFO 5036 --- [SysPasteleriaDulcesitoFx] [JavaFX-Launcher] com.zaxxer.hikari.HikariDataSource       : HikariPool-1 - Starting...
2024-11-05T03:16:35.437-05:00  INFO 5036 --- [SysPasteleriaDulcesitoFx] [JavaFX-Launcher] com.zaxxer.hikari.pool.HikariPool        : HikariPool-1 - Added connection org.sqlite.jdbc4.JDBC4Connection@5701a263
2024-11-05T03:16:35.442-05:00  INFO 5036 --- [SysPasteleriaDulcesitoFx] [JavaFX-Launcher] com.zaxxer.hikari.HikariDataSource       : HikariPool-1 - Start completed.
2024-11-05T03:16:37.202-05:00  INFO 5036 --- [SysPasteleriaDulcesitoFx] [JavaFX-Launcher] o.h.e.t.j.p.i.JtaPlatformInitiator       : HHH000489: No JTA platform available (set 'hibernate.transaction.jta.platform' to enable JTA platform integration)
2024-11-05T03:16:37.259-05:00  INFO 5036 --- [SysPasteleriaDulcesitoFx] [JavaFX-Launcher] j.LocalContainerEntityManagerFactoryBean : Initialized JPA EntityManagerFactory for persistence unit 'default'
2024-11-05T03:16:37.670-05:00  INFO 5036 --- [SysPasteleriaDulcesitoFx] [JavaFX-Launcher] o.s.d.j.r.query.QueryEnhancerFactory     : Hibernate is in classpath; If applicable, HQL parser will be used.
2024-11-05T03:16:38.143-05:00  INFO 5036 --- [SysPasteleriaDulcesitoFx] [JavaFX-Launcher] o.s.boot.SpringApplication               : Started application in 7.932 seconds (process running for 9.426)
2024-11-05T03:25:43.773-05:00  INFO 5036 --- [SysPasteleriaDulcesitoFx] [SpringApplicationShutdownHook] j.LocalContainerEntityManagerFactoryBean : Closing JPA EntityManagerFactory for persistence unit 'default'
2024-11-05T03:25:43.916-05:00  INFO 5036 --- [SysPasteleriaDulcesitoFx] [SpringApplicationShutdownHook] com.zaxxer.hikari.HikariDataSource       : HikariPool-1 - Shutdown initiated...
2024-11-05T03:25:43.998-05:00  INFO 5036 --- [SysPasteleriaDulcesitoFx] [SpringApplicationShutdownHook] com.zaxxer.hikari.HikariDataSource       : HikariPool-1 - Shutdown completed.
2024-11-05T09:26:17.510-05:00  INFO 19260 --- [SysPasteleriaDulcesitoFx] [JavaFX-Launcher] o.s.boot.SpringApplication               : Starting application using Java 22 with PID 19260 (started by ASUS in C:\EVALUACION (YEFRI-ANDRE)\EVALUACION-U2\SysPasteleriaDulcesitoFx)
2024-11-05T09:26:17.513-05:00  INFO 19260 --- [SysPasteleriaDulcesitoFx] [JavaFX-Launcher] o.s.boot.SpringApplication               : No active profile set, falling back to 1 default profile: "default"
2024-11-05T09:26:18.448-05:00  INFO 19260 --- [SysPasteleriaDulcesitoFx] [JavaFX-Launcher] .s.d.r.c.RepositoryConfigurationDelegate : Bootstrapping Spring Data JPA repositories in DEFAULT mode.
2024-11-05T09:26:18.558-05:00  INFO 19260 --- [SysPasteleriaDulcesitoFx] [JavaFX-Launcher] .s.d.r.c.RepositoryConfigurationDelegate : Finished Spring Data repository scanning in 101 ms. Found 15 JPA repository interfaces.
2024-11-05T09:26:19.098-05:00  INFO 19260 --- [SysPasteleriaDulcesitoFx] [JavaFX-Launcher] o.hibernate.jpa.internal.util.LogHelper  : HHH000204: Processing PersistenceUnitInfo [name: default]
2024-11-05T09:26:19.189-05:00  INFO 19260 --- [SysPasteleriaDulcesitoFx] [JavaFX-Launcher] org.hibernate.Version                    : HHH000412: Hibernate ORM core version 6.5.3.Final
2024-11-05T09:26:19.230-05:00  INFO 19260 --- [SysPasteleriaDulcesitoFx] [JavaFX-Launcher] o.h.c.internal.RegionFactoryInitiator    : HHH000026: Second-level cache disabled
2024-11-05T09:26:19.596-05:00  INFO 19260 --- [SysPasteleriaDulcesitoFx] [JavaFX-Launcher] o.s.o.j.p.SpringPersistenceUnitInfo      : No LoadTimeWeaver setup: ignoring JPA class transformer
2024-11-05T09:26:19.629-05:00  INFO 19260 --- [SysPasteleriaDulcesitoFx] [JavaFX-Launcher] com.zaxxer.hikari.HikariDataSource       : HikariPool-1 - Starting...
2024-11-05T09:26:19.903-05:00  INFO 19260 --- [SysPasteleriaDulcesitoFx] [JavaFX-Launcher] com.zaxxer.hikari.pool.HikariPool        : HikariPool-1 - Added connection org.sqlite.jdbc4.JDBC4Connection@e65859
2024-11-05T09:26:19.905-05:00  INFO 19260 --- [SysPasteleriaDulcesitoFx] [JavaFX-Launcher] com.zaxxer.hikari.HikariDataSource       : HikariPool-1 - Start completed.
2024-11-05T09:26:21.383-05:00  INFO 19260 --- [SysPasteleriaDulcesitoFx] [JavaFX-Launcher] o.h.e.t.j.p.i.JtaPlatformInitiator       : HHH000489: No JTA platform available (set 'hibernate.transaction.jta.platform' to enable JTA platform integration)
2024-11-05T09:26:21.434-05:00  INFO 19260 --- [SysPasteleriaDulcesitoFx] [JavaFX-Launcher] j.LocalContainerEntityManagerFactoryBean : Initialized JPA EntityManagerFactory for persistence unit 'default'
2024-11-05T09:26:21.761-05:00  INFO 19260 --- [SysPasteleriaDulcesitoFx] [JavaFX-Launcher] o.s.d.j.r.query.QueryEnhancerFactory     : Hibernate is in classpath; If applicable, HQL parser will be used.
2024-11-05T09:26:22.145-05:00  INFO 19260 --- [SysPasteleriaDulcesitoFx] [JavaFX-Launcher] o.s.boot.SpringApplication               : Started application in 5.583 seconds (process running for 6.713)
2024-11-05T09:35:19.944-05:00  INFO 17828 --- [SysPasteleriaDulcesitoFx] [JavaFX-Launcher] o.s.boot.SpringApplication               : Starting application using Java 22.0.2 with PID 17828 (started by Datos in D:\ce nosostros }\EVALUACION-U2-main\EVALUACION-U2-main\SysPasteleriaDulcesitoFx)
2024-11-05T09:35:19.945-05:00  INFO 17828 --- [SysPasteleriaDulcesitoFx] [JavaFX-Launcher] o.s.boot.SpringApplication               : No active profile set, falling back to 1 default profile: "default"
2024-11-05T09:35:20.670-05:00  INFO 17828 --- [SysPasteleriaDulcesitoFx] [JavaFX-Launcher] .s.d.r.c.RepositoryConfigurationDelegate : Bootstrapping Spring Data JPA repositories in DEFAULT mode.
2024-11-05T09:35:20.723-05:00  INFO 17828 --- [SysPasteleriaDulcesitoFx] [JavaFX-Launcher] .s.d.r.c.RepositoryConfigurationDelegate : Finished Spring Data repository scanning in 48 ms. Found 15 JPA repository interfaces.
2024-11-05T09:35:20.964-05:00  INFO 17828 --- [SysPasteleriaDulcesitoFx] [JavaFX-Launcher] o.hibernate.jpa.internal.util.LogHelper  : HHH000204: Processing PersistenceUnitInfo [name: default]
2024-11-05T09:35:20.989-05:00  INFO 17828 --- [SysPasteleriaDulcesitoFx] [JavaFX-Launcher] org.hibernate.Version                    : HHH000412: Hibernate ORM core version 6.5.3.Final
2024-11-05T09:35:21.004-05:00  INFO 17828 --- [SysPasteleriaDulcesitoFx] [JavaFX-Launcher] o.h.c.internal.RegionFactoryInitiator    : HHH000026: Second-level cache disabled
2024-11-05T09:35:21.159-05:00  INFO 17828 --- [SysPasteleriaDulcesitoFx] [JavaFX-Launcher] o.s.o.j.p.SpringPersistenceUnitInfo      : No LoadTimeWeaver setup: ignoring JPA class transformer
2024-11-05T09:35:21.178-05:00  INFO 17828 --- [SysPasteleriaDulcesitoFx] [JavaFX-Launcher] com.zaxxer.hikari.HikariDataSource       : HikariPool-1 - Starting...
2024-11-05T09:35:21.297-05:00  INFO 17828 --- [SysPasteleriaDulcesitoFx] [JavaFX-Launcher] com.zaxxer.hikari.pool.HikariPool        : HikariPool-1 - Added connection org.sqlite.jdbc4.JDBC4Connection@719ac093
2024-11-05T09:35:21.298-05:00  INFO 17828 --- [SysPasteleriaDulcesitoFx] [JavaFX-Launcher] com.zaxxer.hikari.HikariDataSource       : HikariPool-1 - Start completed.
2024-11-05T09:35:21.960-05:00  INFO 17828 --- [SysPasteleriaDulcesitoFx] [JavaFX-Launcher] o.h.e.t.j.p.i.JtaPlatformInitiator       : HHH000489: No JTA platform available (set 'hibernate.transaction.jta.platform' to enable JTA platform integration)
2024-11-05T09:35:21.981-05:00  INFO 17828 --- [SysPasteleriaDulcesitoFx] [JavaFX-Launcher] j.LocalContainerEntityManagerFactoryBean : Initialized JPA EntityManagerFactory for persistence unit 'default'
2024-11-05T09:35:22.135-05:00  INFO 17828 --- [SysPasteleriaDulcesitoFx] [JavaFX-Launcher] o.s.d.j.r.query.QueryEnhancerFactory     : Hibernate is in classpath; If applicable, HQL parser will be used.
2024-11-05T09:35:22.334-05:00  INFO 17828 --- [SysPasteleriaDulcesitoFx] [JavaFX-Launcher] o.s.boot.SpringApplication               : Started application in 2.791 seconds (process running for 3.212)
2024-11-05T09:46:41.662-05:00  INFO 17828 --- [SysPasteleriaDulcesitoFx] [SpringApplicationShutdownHook] j.LocalContainerEntityManagerFactoryBean : Closing JPA EntityManagerFactory for persistence unit 'default'
2024-11-05T09:46:41.664-05:00  INFO 17828 --- [SysPasteleriaDulcesitoFx] [SpringApplicationShutdownHook] com.zaxxer.hikari.HikariDataSource       : HikariPool-1 - Shutdown initiated...
2024-11-05T09:46:41.666-05:00  INFO 17828 --- [SysPasteleriaDulcesitoFx] [SpringApplicationShutdownHook] com.zaxxer.hikari.HikariDataSource       : HikariPool-1 - Shutdown completed.
2024-11-05T09:46:46.378-05:00  INFO 10924 --- [SysPasteleriaDulcesitoFx] [JavaFX-Launcher] o.s.boot.SpringApplication               : Starting application using Java 22.0.2 with PID 10924 (started by Datos in D:\ce nosostros }\EVALUACION-U2-main\EVALUACION-U2-main\SysPasteleriaDulcesitoFx)
2024-11-05T09:46:46.380-05:00  INFO 10924 --- [SysPasteleriaDulcesitoFx] [JavaFX-Launcher] o.s.boot.SpringApplication               : No active profile set, falling back to 1 default profile: "default"
2024-11-05T09:46:47.087-05:00  INFO 10924 --- [SysPasteleriaDulcesitoFx] [JavaFX-Launcher] .s.d.r.c.RepositoryConfigurationDelegate : Bootstrapping Spring Data JPA repositories in DEFAULT mode.
2024-11-05T09:46:47.137-05:00  INFO 10924 --- [SysPasteleriaDulcesitoFx] [JavaFX-Launcher] .s.d.r.c.RepositoryConfigurationDelegate : Finished Spring Data repository scanning in 45 ms. Found 15 JPA repository interfaces.
2024-11-05T09:46:47.377-05:00  INFO 10924 --- [SysPasteleriaDulcesitoFx] [JavaFX-Launcher] o.hibernate.jpa.internal.util.LogHelper  : HHH000204: Processing PersistenceUnitInfo [name: default]
2024-11-05T09:46:47.408-05:00  INFO 10924 --- [SysPasteleriaDulcesitoFx] [JavaFX-Launcher] org.hibernate.Version                    : HHH000412: Hibernate ORM core version 6.5.3.Final
2024-11-05T09:46:47.424-05:00  INFO 10924 --- [SysPasteleriaDulcesitoFx] [JavaFX-Launcher] o.h.c.internal.RegionFactoryInitiator    : HHH000026: Second-level cache disabled
2024-11-05T09:46:47.601-05:00  INFO 10924 --- [SysPasteleriaDulcesitoFx] [JavaFX-Launcher] o.s.o.j.p.SpringPersistenceUnitInfo      : No LoadTimeWeaver setup: ignoring JPA class transformer
2024-11-05T09:46:47.620-05:00  INFO 10924 --- [SysPasteleriaDulcesitoFx] [JavaFX-Launcher] com.zaxxer.hikari.HikariDataSource       : HikariPool-1 - Starting...
2024-11-05T09:46:47.741-05:00  INFO 10924 --- [SysPasteleriaDulcesitoFx] [JavaFX-Launcher] com.zaxxer.hikari.pool.HikariPool        : HikariPool-1 - Added connection org.sqlite.jdbc4.JDBC4Connection@5aba2ec6
2024-11-05T09:46:47.742-05:00  INFO 10924 --- [SysPasteleriaDulcesitoFx] [JavaFX-Launcher] com.zaxxer.hikari.HikariDataSource       : HikariPool-1 - Start completed.
2024-11-05T09:46:48.501-05:00  INFO 10924 --- [SysPasteleriaDulcesitoFx] [JavaFX-Launcher] o.h.e.t.j.p.i.JtaPlatformInitiator       : HHH000489: No JTA platform available (set 'hibernate.transaction.jta.platform' to enable JTA platform integration)
2024-11-05T09:46:48.527-05:00  INFO 10924 --- [SysPasteleriaDulcesitoFx] [JavaFX-Launcher] j.LocalContainerEntityManagerFactoryBean : Initialized JPA EntityManagerFactory for persistence unit 'default'
2024-11-05T09:46:48.711-05:00  INFO 10924 --- [SysPasteleriaDulcesitoFx] [JavaFX-Launcher] o.s.d.j.r.query.QueryEnhancerFactory     : Hibernate is in classpath; If applicable, HQL parser will be used.
2024-11-05T09:46:48.947-05:00  INFO 10924 --- [SysPasteleriaDulcesitoFx] [JavaFX-Launcher] o.s.boot.SpringApplication               : Started application in 2.973 seconds (process running for 4.794)
2024-11-05T09:57:15.197-05:00  INFO 10924 --- [SysPasteleriaDulcesitoFx] [JavaFX Application Thread] j.LocalContainerEntityManagerFactoryBean : Closing JPA EntityManagerFactory for persistence unit 'default'
2024-11-05T09:57:15.200-05:00  INFO 10924 --- [SysPasteleriaDulcesitoFx] [JavaFX Application Thread] com.zaxxer.hikari.HikariDataSource       : HikariPool-1 - Shutdown initiated...
2024-11-05T09:57:15.203-05:00  INFO 10924 --- [SysPasteleriaDulcesitoFx] [JavaFX Application Thread] com.zaxxer.hikari.HikariDataSource       : HikariPool-1 - Shutdown completed.
2024-11-05T09:59:41.117-05:00  INFO 2288 --- [SysPasteleriaDulcesitoFx] [JavaFX-Launcher] o.s.boot.SpringApplication               : Starting application using Java 22.0.2 with PID 2288 (started by Datos in D:\ce nosostros }\EVALUACION-U2-main\EVALUACION-U2-main\SysPasteleriaDulcesitoFx)
2024-11-05T09:59:41.119-05:00  INFO 2288 --- [SysPasteleriaDulcesitoFx] [JavaFX-Launcher] o.s.boot.SpringApplication               : No active profile set, falling back to 1 default profile: "default"
2024-11-05T09:59:41.527-05:00  INFO 2288 --- [SysPasteleriaDulcesitoFx] [JavaFX-Launcher] .s.d.r.c.RepositoryConfigurationDelegate : Bootstrapping Spring Data JPA repositories in DEFAULT mode.
2024-11-05T09:59:41.578-05:00  INFO 2288 --- [SysPasteleriaDulcesitoFx] [JavaFX-Launcher] .s.d.r.c.RepositoryConfigurationDelegate : Finished Spring Data repository scanning in 47 ms. Found 15 JPA repository interfaces.
2024-11-05T09:59:41.858-05:00  INFO 2288 --- [SysPasteleriaDulcesitoFx] [JavaFX-Launcher] o.hibernate.jpa.internal.util.LogHelper  : HHH000204: Processing PersistenceUnitInfo [name: default]
2024-11-05T09:59:41.883-05:00  INFO 2288 --- [SysPasteleriaDulcesitoFx] [JavaFX-Launcher] org.hibernate.Version                    : HHH000412: Hibernate ORM core version 6.5.3.Final
2024-11-05T09:59:41.896-05:00  INFO 2288 --- [SysPasteleriaDulcesitoFx] [JavaFX-Launcher] o.h.c.internal.RegionFactoryInitiator    : HHH000026: Second-level cache disabled
2024-11-05T09:59:42.034-05:00  INFO 2288 --- [SysPasteleriaDulcesitoFx] [JavaFX-Launcher] o.s.o.j.p.SpringPersistenceUnitInfo      : No LoadTimeWeaver setup: ignoring JPA class transformer
2024-11-05T09:59:42.051-05:00  INFO 2288 --- [SysPasteleriaDulcesitoFx] [JavaFX-Launcher] com.zaxxer.hikari.HikariDataSource       : HikariPool-1 - Starting...
2024-11-05T09:59:42.174-05:00  INFO 2288 --- [SysPasteleriaDulcesitoFx] [JavaFX-Launcher] com.zaxxer.hikari.pool.HikariPool        : HikariPool-1 - Added connection org.sqlite.jdbc4.JDBC4Connection@47297dcf
2024-11-05T09:59:42.174-05:00  INFO 2288 --- [SysPasteleriaDulcesitoFx] [JavaFX-Launcher] com.zaxxer.hikari.HikariDataSource       : HikariPool-1 - Start completed.
2024-11-05T09:59:42.888-05:00  INFO 2288 --- [SysPasteleriaDulcesitoFx] [JavaFX-Launcher] o.h.e.t.j.p.i.JtaPlatformInitiator       : HHH000489: No JTA platform available (set 'hibernate.transaction.jta.platform' to enable JTA platform integration)
2024-11-05T09:59:42.913-05:00  INFO 2288 --- [SysPasteleriaDulcesitoFx] [JavaFX-Launcher] j.LocalContainerEntityManagerFactoryBean : Initialized JPA EntityManagerFactory for persistence unit 'default'
2024-11-05T09:59:43.121-05:00  INFO 2288 --- [SysPasteleriaDulcesitoFx] [JavaFX-Launcher] o.s.d.j.r.query.QueryEnhancerFactory     : Hibernate is in classpath; If applicable, HQL parser will be used.
2024-11-05T09:59:43.342-05:00  INFO 2288 --- [SysPasteleriaDulcesitoFx] [JavaFX-Launcher] o.s.boot.SpringApplication               : Started application in 2.613 seconds (process running for 3.021)
2024-11-05T10:01:03.350-05:00  INFO 2288 --- [SysPasteleriaDulcesitoFx] [JavaFX Application Thread] j.LocalContainerEntityManagerFactoryBean : Closing JPA EntityManagerFactory for persistence unit 'default'
2024-11-05T10:01:03.352-05:00  INFO 2288 --- [SysPasteleriaDulcesitoFx] [JavaFX Application Thread] com.zaxxer.hikari.HikariDataSource       : HikariPool-1 - Shutdown initiated...
2024-11-05T10:01:03.355-05:00  INFO 2288 --- [SysPasteleriaDulcesitoFx] [JavaFX Application Thread] com.zaxxer.hikari.HikariDataSource       : HikariPool-1 - Shutdown completed.
2024-11-05T10:01:17.734-05:00  INFO 4048 --- [SysPasteleriaDulcesitoFx] [JavaFX-Launcher] o.s.boot.SpringApplication               : Starting application using Java 22.0.2 with PID 4048 (started by Datos in D:\ce nosostros }\EVALUACION-U2-main\EVALUACION-U2-main\SysPasteleriaDulcesitoFx)
2024-11-05T10:01:17.736-05:00  INFO 4048 --- [SysPasteleriaDulcesitoFx] [JavaFX-Launcher] o.s.boot.SpringApplication               : No active profile set, falling back to 1 default profile: "default"
2024-11-05T10:01:18.161-05:00  INFO 4048 --- [SysPasteleriaDulcesitoFx] [JavaFX-Launcher] .s.d.r.c.RepositoryConfigurationDelegate : Bootstrapping Spring Data JPA repositories in DEFAULT mode.
2024-11-05T10:01:18.214-05:00  INFO 4048 --- [SysPasteleriaDulcesitoFx] [JavaFX-Launcher] .s.d.r.c.RepositoryConfigurationDelegate : Finished Spring Data repository scanning in 49 ms. Found 15 JPA repository interfaces.
2024-11-05T10:01:18.499-05:00  INFO 4048 --- [SysPasteleriaDulcesitoFx] [JavaFX-Launcher] o.hibernate.jpa.internal.util.LogHelper  : HHH000204: Processing PersistenceUnitInfo [name: default]
2024-11-05T10:01:18.526-05:00  INFO 4048 --- [SysPasteleriaDulcesitoFx] [JavaFX-Launcher] org.hibernate.Version                    : HHH000412: Hibernate ORM core version 6.5.3.Final
2024-11-05T10:01:18.540-05:00  INFO 4048 --- [SysPasteleriaDulcesitoFx] [JavaFX-Launcher] o.h.c.internal.RegionFactoryInitiator    : HHH000026: Second-level cache disabled
2024-11-05T10:01:18.683-05:00  INFO 4048 --- [SysPasteleriaDulcesitoFx] [JavaFX-Launcher] o.s.o.j.p.SpringPersistenceUnitInfo      : No LoadTimeWeaver setup: ignoring JPA class transformer
2024-11-05T10:01:18.697-05:00  INFO 4048 --- [SysPasteleriaDulcesitoFx] [JavaFX-Launcher] com.zaxxer.hikari.HikariDataSource       : HikariPool-1 - Starting...
2024-11-05T10:01:18.828-05:00  INFO 4048 --- [SysPasteleriaDulcesitoFx] [JavaFX-Launcher] com.zaxxer.hikari.pool.HikariPool        : HikariPool-1 - Added connection org.sqlite.jdbc4.JDBC4Connection@1ee814d4
2024-11-05T10:01:18.830-05:00  INFO 4048 --- [SysPasteleriaDulcesitoFx] [JavaFX-Launcher] com.zaxxer.hikari.HikariDataSource       : HikariPool-1 - Start completed.
2024-11-05T10:01:19.552-05:00  INFO 4048 --- [SysPasteleriaDulcesitoFx] [JavaFX-Launcher] o.h.e.t.j.p.i.JtaPlatformInitiator       : HHH000489: No JTA platform available (set 'hibernate.transaction.jta.platform' to enable JTA platform integration)
2024-11-05T10:01:19.579-05:00  INFO 4048 --- [SysPasteleriaDulcesitoFx] [JavaFX-Launcher] j.LocalContainerEntityManagerFactoryBean : Initialized JPA EntityManagerFactory for persistence unit 'default'
2024-11-05T10:01:19.795-05:00  INFO 4048 --- [SysPasteleriaDulcesitoFx] [JavaFX-Launcher] o.s.d.j.r.query.QueryEnhancerFactory     : Hibernate is in classpath; If applicable, HQL parser will be used.
2024-11-05T10:01:20.029-05:00  INFO 4048 --- [SysPasteleriaDulcesitoFx] [JavaFX-Launcher] o.s.boot.SpringApplication               : Started application in 2.697 seconds (process running for 3.099)
2024-11-05T10:03:21.525-05:00  INFO 4048 --- [SysPasteleriaDulcesitoFx] [JavaFX Application Thread] j.LocalContainerEntityManagerFactoryBean : Closing JPA EntityManagerFactory for persistence unit 'default'
2024-11-05T10:03:21.529-05:00  INFO 4048 --- [SysPasteleriaDulcesitoFx] [JavaFX Application Thread] com.zaxxer.hikari.HikariDataSource       : HikariPool-1 - Shutdown initiated...
2024-11-05T10:03:21.532-05:00  INFO 4048 --- [SysPasteleriaDulcesitoFx] [JavaFX Application Thread] com.zaxxer.hikari.HikariDataSource       : HikariPool-1 - Shutdown completed.
2024-11-05T10:03:27.772-05:00  INFO 3788 --- [SysPasteleriaDulcesitoFx] [JavaFX-Launcher] o.s.boot.SpringApplication               : Starting application using Java 22.0.2 with PID 3788 (started by Datos in D:\ce nosostros }\EVALUACION-U2-main\EVALUACION-U2-main\SysPasteleriaDulcesitoFx)
2024-11-05T10:03:27.775-05:00  INFO 3788 --- [SysPasteleriaDulcesitoFx] [JavaFX-Launcher] o.s.boot.SpringApplication               : No active profile set, falling back to 1 default profile: "default"
2024-11-05T10:03:28.179-05:00  INFO 3788 --- [SysPasteleriaDulcesitoFx] [JavaFX-Launcher] .s.d.r.c.RepositoryConfigurationDelegate : Bootstrapping Spring Data JPA repositories in DEFAULT mode.
2024-11-05T10:03:28.231-05:00  INFO 3788 --- [SysPasteleriaDulcesitoFx] [JavaFX-Launcher] .s.d.r.c.RepositoryConfigurationDelegate : Finished Spring Data repository scanning in 48 ms. Found 15 JPA repository interfaces.
2024-11-05T10:03:28.524-05:00  INFO 3788 --- [SysPasteleriaDulcesitoFx] [JavaFX-Launcher] o.hibernate.jpa.internal.util.LogHelper  : HHH000204: Processing PersistenceUnitInfo [name: default]
2024-11-05T10:03:28.557-05:00  INFO 3788 --- [SysPasteleriaDulcesitoFx] [JavaFX-Launcher] org.hibernate.Version                    : HHH000412: Hibernate ORM core version 6.5.3.Final
2024-11-05T10:03:28.573-05:00  INFO 3788 --- [SysPasteleriaDulcesitoFx] [JavaFX-Launcher] o.h.c.internal.RegionFactoryInitiator    : HHH000026: Second-level cache disabled
2024-11-05T10:03:28.715-05:00  INFO 3788 --- [SysPasteleriaDulcesitoFx] [JavaFX-Launcher] o.s.o.j.p.SpringPersistenceUnitInfo      : No LoadTimeWeaver setup: ignoring JPA class transformer
2024-11-05T10:03:28.732-05:00  INFO 3788 --- [SysPasteleriaDulcesitoFx] [JavaFX-Launcher] com.zaxxer.hikari.HikariDataSource       : HikariPool-1 - Starting...
2024-11-05T10:03:28.838-05:00  INFO 3788 --- [SysPasteleriaDulcesitoFx] [JavaFX-Launcher] com.zaxxer.hikari.pool.HikariPool        : HikariPool-1 - Added connection org.sqlite.jdbc4.JDBC4Connection@47297dcf
2024-11-05T10:03:28.839-05:00  INFO 3788 --- [SysPasteleriaDulcesitoFx] [JavaFX-Launcher] com.zaxxer.hikari.HikariDataSource       : HikariPool-1 - Start completed.
2024-11-05T10:03:29.537-05:00  INFO 3788 --- [SysPasteleriaDulcesitoFx] [JavaFX-Launcher] o.h.e.t.j.p.i.JtaPlatformInitiator       : HHH000489: No JTA platform available (set 'hibernate.transaction.jta.platform' to enable JTA platform integration)
2024-11-05T10:03:29.562-05:00  INFO 3788 --- [SysPasteleriaDulcesitoFx] [JavaFX-Launcher] j.LocalContainerEntityManagerFactoryBean : Initialized JPA EntityManagerFactory for persistence unit 'default'
2024-11-05T10:03:29.747-05:00  INFO 3788 --- [SysPasteleriaDulcesitoFx] [JavaFX-Launcher] o.s.d.j.r.query.QueryEnhancerFactory     : Hibernate is in classpath; If applicable, HQL parser will be used.
2024-11-05T10:03:29.994-05:00  INFO 3788 --- [SysPasteleriaDulcesitoFx] [JavaFX-Launcher] o.s.boot.SpringApplication               : Started application in 2.614 seconds (process running for 3.016)
2024-11-05T10:03:50.586-05:00 ERROR 3788 --- [SysPasteleriaDulcesitoFx] [JavaFX Application Thread] p.e.u.s.servicio.ProductoService         : Error al realizar la busqueda

org.springframework.orm.jpa.JpaObjectRetrievalFailureException: Unable to find pe.edu.upeu.syspasteleriadulcesitofx.modelo.UnidadMedida with id 4
	at org.springframework.orm.jpa.EntityManagerFactoryUtils.convertJpaAccessExceptionIfPossible(EntityManagerFactoryUtils.java:376) ~[spring-orm-6.1.13.jar:6.1.13]
	at org.springframework.orm.jpa.vendor.HibernateJpaDialect.translateExceptionIfPossible(HibernateJpaDialect.java:246) ~[spring-orm-6.1.13.jar:6.1.13]
	at org.springframework.orm.jpa.AbstractEntityManagerFactoryBean.translateExceptionIfPossible(AbstractEntityManagerFactoryBean.java:550) ~[spring-orm-6.1.13.jar:6.1.13]
	at org.springframework.dao.support.ChainedPersistenceExceptionTranslator.translateExceptionIfPossible(ChainedPersistenceExceptionTranslator.java:61) ~[spring-tx-6.1.13.jar:6.1.13]
	at org.springframework.dao.support.DataAccessUtils.translateIfNecessary(DataAccessUtils.java:335) ~[spring-tx-6.1.13.jar:6.1.13]
	at org.springframework.dao.support.PersistenceExceptionTranslationInterceptor.invoke(PersistenceExceptionTranslationInterceptor.java:160) ~[spring-tx-6.1.13.jar:6.1.13]
	at org.springframework.aop.framework.ReflectiveMethodInvocation.proceed(ReflectiveMethodInvocation.java:184) ~[spring-aop-6.1.13.jar:6.1.13]
	at org.springframework.data.jpa.repository.support.CrudMethodMetadataPostProcessor$CrudMethodMetadataPopulatingMethodInterceptor.invoke(CrudMethodMetadataPostProcessor.java:165) ~[spring-data-jpa-3.3.4.jar:3.3.4]
	at org.springframework.aop.framework.ReflectiveMethodInvocation.proceed(ReflectiveMethodInvocation.java:184) ~[spring-aop-6.1.13.jar:6.1.13]
	at org.springframework.aop.interceptor.ExposeInvocationInterceptor.invoke(ExposeInvocationInterceptor.java:97) ~[spring-aop-6.1.13.jar:6.1.13]
	at org.springframework.aop.framework.ReflectiveMethodInvocation.proceed(ReflectiveMethodInvocation.java:184) ~[spring-aop-6.1.13.jar:6.1.13]
	at org.springframework.aop.framework.JdkDynamicAopProxy.invoke(JdkDynamicAopProxy.java:223) ~[spring-aop-6.1.13.jar:6.1.13]
	at jdk.proxy2/jdk.proxy2.$Proxy123.findAll(Unknown Source) ~[na:na]
	at pe.edu.upeu.syspasteleriadulcesitofx.servicio.ProductoService.listAutoCompletProducto(ProductoService.java:53) ~[classes/:na]
	at pe.edu.upeu.syspasteleriadulcesitofx.control.ProdAutoCompControl.listarProducto(ProdAutoCompControl.java:57) ~[classes/:na]
	at pe.edu.upeu.syspasteleriadulcesitofx.control.ProdAutoCompControl.initialize(ProdAutoCompControl.java:43) ~[classes/:na]
	at java.base/jdk.internal.reflect.DirectMethodHandleAccessor.invoke(DirectMethodHandleAccessor.java:103) ~[na:na]
	at java.base/java.lang.reflect.Method.invoke(Method.java:580) ~[na:na]
	at com.sun.javafx.reflect.Trampoline.invoke(MethodUtil.java:76) ~[javafx-base-16-win.jar:na]
	at java.base/jdk.internal.reflect.DirectMethodHandleAccessor.invoke(DirectMethodHandleAccessor.java:103) ~[na:na]
	at java.base/java.lang.reflect.Method.invoke(Method.java:580) ~[na:na]
	at com.sun.javafx.reflect.MethodUtil.invoke(MethodUtil.java:273) ~[javafx-base-16-win.jar:na]
	at com.sun.javafx.fxml.MethodHelper.invoke(MethodHelper.java:83) ~[javafx-fxml-16-win.jar:na]
	at javafx.fxml.FXMLLoader.loadImpl(FXMLLoader.java:2673) ~[javafx-fxml-16-win.jar:na]
	at javafx.fxml.FXMLLoader.loadImpl(FXMLLoader.java:2548) ~[javafx-fxml-16-win.jar:na]
	at javafx.fxml.FXMLLoader.load(FXMLLoader.java:2517) ~[javafx-fxml-16-win.jar:na]
	at pe.edu.upeu.syspasteleriadulcesitofx.control.GUIMainFX$MenuItemListener.handle(GUIMainFX.java:141) ~[classes/:na]
	at com.sun.javafx.event.CompositeEventHandler.dispatchBubblingEvent(CompositeEventHandler.java:86) ~[javafx-base-16-win.jar:na]
	at com.sun.javafx.event.EventHandlerManager.dispatchBubblingEvent(EventHandlerManager.java:234) ~[javafx-base-16-win.jar:na]
	at com.sun.javafx.event.EventHandlerManager.dispatchBubblingEvent(EventHandlerManager.java:191) ~[javafx-base-16-win.jar:na]
	at com.sun.javafx.event.BasicEventDispatcher.dispatchEvent(BasicEventDispatcher.java:58) ~[javafx-base-16-win.jar:na]
	at com.sun.javafx.event.EventDispatchChainImpl.dispatchEvent(EventDispatchChainImpl.java:114) ~[javafx-base-16-win.jar:na]
	at com.sun.javafx.event.EventUtil.fireEventImpl(EventUtil.java:74) ~[javafx-base-16-win.jar:na]
	at com.sun.javafx.event.EventUtil.fireEvent(EventUtil.java:49) ~[javafx-base-16-win.jar:na]
	at javafx.event.Event.fireEvent(Event.java:198) ~[javafx-base-16-win.jar:na]
	at javafx.scene.control.MenuItem.fire(MenuItem.java:459) ~[javafx-controls-16-win.jar:na]
	at com.sun.javafx.scene.control.ContextMenuContent$MenuItemContainer.doSelect(ContextMenuContent.java:1385) ~[javafx-controls-16-win.jar:na]
	at com.sun.javafx.scene.control.ContextMenuContent$MenuItemContainer.lambda$createChildren$12(ContextMenuContent.java:1338) ~[javafx-controls-16-win.jar:na]
	at com.sun.javafx.event.CompositeEventHandler$NormalEventHandlerRecord.handleBubblingEvent(CompositeEventHandler.java:247) ~[javafx-base-16-win.jar:na]
	at com.sun.javafx.event.CompositeEventHandler.dispatchBubblingEvent(CompositeEventHandler.java:80) ~[javafx-base-16-win.jar:na]
	at com.sun.javafx.event.EventHandlerManager.dispatchBubblingEvent(EventHandlerManager.java:234) ~[javafx-base-16-win.jar:na]
	at com.sun.javafx.event.EventHandlerManager.dispatchBubblingEvent(EventHandlerManager.java:191) ~[javafx-base-16-win.jar:na]
	at com.sun.javafx.event.CompositeEventDispatcher.dispatchBubblingEvent(CompositeEventDispatcher.java:59) ~[javafx-base-16-win.jar:na]
	at com.sun.javafx.event.BasicEventDispatcher.dispatchEvent(BasicEventDispatcher.java:58) ~[javafx-base-16-win.jar:na]
	at com.sun.javafx.event.EventDispatchChainImpl.dispatchEvent(EventDispatchChainImpl.java:114) ~[javafx-base-16-win.jar:na]
	at com.sun.javafx.event.BasicEventDispatcher.dispatchEvent(BasicEventDispatcher.java:56) ~[javafx-base-16-win.jar:na]
	at com.sun.javafx.event.EventDispatchChainImpl.dispatchEvent(EventDispatchChainImpl.java:114) ~[javafx-base-16-win.jar:na]
	at com.sun.javafx.event.BasicEventDispatcher.dispatchEvent(BasicEventDispatcher.java:56) ~[javafx-base-16-win.jar:na]
	at com.sun.javafx.event.EventDispatchChainImpl.dispatchEvent(EventDispatchChainImpl.java:114) ~[javafx-base-16-win.jar:na]
	at com.sun.javafx.event.BasicEventDispatcher.dispatchEvent(BasicEventDispatcher.java:56) ~[javafx-base-16-win.jar:na]
	at com.sun.javafx.event.EventDispatchChainImpl.dispatchEvent(EventDispatchChainImpl.java:114) ~[javafx-base-16-win.jar:na]
	at com.sun.javafx.event.EventUtil.fireEventImpl(EventUtil.java:74) ~[javafx-base-16-win.jar:na]
	at com.sun.javafx.event.EventUtil.fireEvent(EventUtil.java:54) ~[javafx-base-16-win.jar:na]
	at javafx.event.Event.fireEvent(Event.java:198) ~[javafx-base-16-win.jar:na]
	at javafx.scene.Scene$MouseHandler.process(Scene.java:3856) ~[javafx-graphics-16-win.jar:na]
	at javafx.scene.Scene.processMouseEvent(Scene.java:1851) ~[javafx-graphics-16-win.jar:na]
	at javafx.scene.Scene$ScenePeerListener.mouseEvent(Scene.java:2584) ~[javafx-graphics-16-win.jar:na]
	at com.sun.javafx.tk.quantum.GlassViewEventHandler$MouseEventNotification.run(GlassViewEventHandler.java:409) ~[javafx-graphics-16-win.jar:na]
	at com.sun.javafx.tk.quantum.GlassViewEventHandler$MouseEventNotification.run(GlassViewEventHandler.java:299) ~[javafx-graphics-16-win.jar:na]
	at java.base/java.security.AccessController.doPrivileged(AccessController.java:400) ~[na:na]
	at com.sun.javafx.tk.quantum.GlassViewEventHandler.lambda$handleMouseEvent$2(GlassViewEventHandler.java:447) ~[javafx-graphics-16-win.jar:na]
	at com.sun.javafx.tk.quantum.QuantumToolkit.runWithoutRenderLock(QuantumToolkit.java:412) ~[javafx-graphics-16-win.jar:na]
	at com.sun.javafx.tk.quantum.GlassViewEventHandler.handleMouseEvent(GlassViewEventHandler.java:446) ~[javafx-graphics-16-win.jar:na]
	at com.sun.glass.ui.View.handleMouseEvent(View.java:556) ~[javafx-graphics-16-win.jar:na]
	at com.sun.glass.ui.View.notifyMouse(View.java:942) ~[javafx-graphics-16-win.jar:na]
	at com.sun.glass.ui.win.WinApplication._runLoop(Native Method) ~[javafx-graphics-16-win.jar:na]
	at com.sun.glass.ui.win.WinApplication.lambda$runLoop$3(WinApplication.java:174) ~[javafx-graphics-16-win.jar:na]
	at java.base/java.lang.Thread.run(Thread.java:1570) ~[na:na]
Caused by: jakarta.persistence.EntityNotFoundException: Unable to find pe.edu.upeu.syspasteleriadulcesitofx.modelo.UnidadMedida with id 4
	at org.hibernate.jpa.boot.internal.EntityManagerFactoryBuilderImpl$JpaEntityNotFoundDelegate.handleEntityNotFound(EntityManagerFactoryBuilderImpl.java:190) ~[hibernate-core-6.5.3.Final.jar:6.5.3.Final]
	at org.hibernate.event.internal.DefaultLoadEventListener.load(DefaultLoadEventListener.java:212) ~[hibernate-core-6.5.3.Final.jar:6.5.3.Final]
	at org.hibernate.event.internal.DefaultLoadEventListener.loadWithRegularProxy(DefaultLoadEventListener.java:290) ~[hibernate-core-6.5.3.Final.jar:6.5.3.Final]
	at org.hibernate.event.internal.DefaultLoadEventListener.proxyOrLoad(DefaultLoadEventListener.java:242) ~[hibernate-core-6.5.3.Final.jar:6.5.3.Final]
	at org.hibernate.event.internal.DefaultLoadEventListener.doOnLoad(DefaultLoadEventListener.java:111) ~[hibernate-core-6.5.3.Final.jar:6.5.3.Final]
	at org.hibernate.event.internal.DefaultLoadEventListener.onLoad(DefaultLoadEventListener.java:68) ~[hibernate-core-6.5.3.Final.jar:6.5.3.Final]
	at org.hibernate.event.service.internal.EventListenerGroupImpl.fireEventOnEachListener(EventListenerGroupImpl.java:138) ~[hibernate-core-6.5.3.Final.jar:6.5.3.Final]
	at org.hibernate.internal.SessionImpl.fireLoadNoChecks(SessionImpl.java:1225) ~[hibernate-core-6.5.3.Final.jar:6.5.3.Final]
	at org.hibernate.internal.SessionImpl.internalLoad(SessionImpl.java:1071) ~[hibernate-core-6.5.3.Final.jar:6.5.3.Final]
	at org.hibernate.sql.results.graph.entity.internal.EntitySelectFetchInitializer.initializeInstance(EntitySelectFetchInitializer.java:215) ~[hibernate-core-6.5.3.Final.jar:6.5.3.Final]
	at org.hibernate.sql.results.internal.InitializersList.initializeInstance(InitializersList.java:73) ~[hibernate-core-6.5.3.Final.jar:6.5.3.Final]
	at org.hibernate.sql.results.internal.StandardRowReader.coordinateInitializers(StandardRowReader.java:113) ~[hibernate-core-6.5.3.Final.jar:6.5.3.Final]
	at org.hibernate.sql.results.internal.StandardRowReader.readRow(StandardRowReader.java:87) ~[hibernate-core-6.5.3.Final.jar:6.5.3.Final]
	at org.hibernate.sql.results.spi.ListResultsConsumer.consume(ListResultsConsumer.java:205) ~[hibernate-core-6.5.3.Final.jar:6.5.3.Final]
	at org.hibernate.sql.results.spi.ListResultsConsumer.consume(ListResultsConsumer.java:33) ~[hibernate-core-6.5.3.Final.jar:6.5.3.Final]
	at org.hibernate.sql.exec.internal.JdbcSelectExecutorStandardImpl.doExecuteQuery(JdbcSelectExecutorStandardImpl.java:211) ~[hibernate-core-6.5.3.Final.jar:6.5.3.Final]
	at org.hibernate.sql.exec.internal.JdbcSelectExecutorStandardImpl.executeQuery(JdbcSelectExecutorStandardImpl.java:83) ~[hibernate-core-6.5.3.Final.jar:6.5.3.Final]
	at org.hibernate.sql.exec.spi.JdbcSelectExecutor.list(JdbcSelectExecutor.java:76) ~[hibernate-core-6.5.3.Final.jar:6.5.3.Final]
	at org.hibernate.sql.exec.spi.JdbcSelectExecutor.list(JdbcSelectExecutor.java:65) ~[hibernate-core-6.5.3.Final.jar:6.5.3.Final]
	at org.hibernate.query.sqm.internal.ConcreteSqmSelectQueryPlan.lambda$new$2(ConcreteSqmSelectQueryPlan.java:139) ~[hibernate-core-6.5.3.Final.jar:6.5.3.Final]
	at org.hibernate.query.sqm.internal.ConcreteSqmSelectQueryPlan.withCacheableSqmInterpretation(ConcreteSqmSelectQueryPlan.java:382) ~[hibernate-core-6.5.3.Final.jar:6.5.3.Final]
	at org.hibernate.query.sqm.internal.ConcreteSqmSelectQueryPlan.performList(ConcreteSqmSelectQueryPlan.java:302) ~[hibernate-core-6.5.3.Final.jar:6.5.3.Final]
	at org.hibernate.query.sqm.internal.QuerySqmImpl.doList(QuerySqmImpl.java:526) ~[hibernate-core-6.5.3.Final.jar:6.5.3.Final]
	at org.hibernate.query.spi.AbstractSelectionQuery.list(AbstractSelectionQuery.java:423) ~[hibernate-core-6.5.3.Final.jar:6.5.3.Final]
	at org.hibernate.query.Query.getResultList(Query.java:120) ~[hibernate-core-6.5.3.Final.jar:6.5.3.Final]
	at org.springframework.data.jpa.repository.support.SimpleJpaRepository.findAll(SimpleJpaRepository.java:387) ~[spring-data-jpa-3.3.4.jar:3.3.4]
	at java.base/jdk.internal.reflect.DirectMethodHandleAccessor.invoke(DirectMethodHandleAccessor.java:103) ~[na:na]
	at java.base/java.lang.reflect.Method.invoke(Method.java:580) ~[na:na]
	at org.springframework.aop.support.AopUtils.invokeJoinpointUsingReflection(AopUtils.java:355) ~[spring-aop-6.1.13.jar:6.1.13]
	at org.springframework.data.repository.core.support.RepositoryMethodInvoker$RepositoryFragmentMethodInvoker.lambda$new$0(RepositoryMethodInvoker.java:277) ~[spring-data-commons-3.3.4.jar:3.3.4]
	at org.springframework.data.repository.core.support.RepositoryMethodInvoker.doInvoke(RepositoryMethodInvoker.java:170) ~[spring-data-commons-3.3.4.jar:3.3.4]
	at org.springframework.data.repository.core.support.RepositoryMethodInvoker.invoke(RepositoryMethodInvoker.java:158) ~[spring-data-commons-3.3.4.jar:3.3.4]
	at org.springframework.data.repository.core.support.RepositoryComposition$RepositoryFragments.invoke(RepositoryComposition.java:516) ~[spring-data-commons-3.3.4.jar:3.3.4]
	at org.springframework.data.repository.core.support.RepositoryComposition.invoke(RepositoryComposition.java:285) ~[spring-data-commons-3.3.4.jar:3.3.4]
	at org.springframework.data.repository.core.support.RepositoryFactorySupport$ImplementationMethodExecutionInterceptor.invoke(RepositoryFactorySupport.java:628) ~[spring-data-commons-3.3.4.jar:3.3.4]
	at org.springframework.aop.framework.ReflectiveMethodInvocation.proceed(ReflectiveMethodInvocation.java:184) ~[spring-aop-6.1.13.jar:6.1.13]
	at org.springframework.data.repository.core.support.QueryExecutorMethodInterceptor.doInvoke(QueryExecutorMethodInterceptor.java:173) ~[spring-data-commons-3.3.4.jar:3.3.4]
	at org.springframework.data.repository.core.support.QueryExecutorMethodInterceptor.invoke(QueryExecutorMethodInterceptor.java:148) ~[spring-data-commons-3.3.4.jar:3.3.4]
	at org.springframework.aop.framework.ReflectiveMethodInvocation.proceed(ReflectiveMethodInvocation.java:184) ~[spring-aop-6.1.13.jar:6.1.13]
	at org.springframework.data.projection.DefaultMethodInvokingMethodInterceptor.invoke(DefaultMethodInvokingMethodInterceptor.java:70) ~[spring-data-commons-3.3.4.jar:3.3.4]
	at org.springframework.aop.framework.ReflectiveMethodInvocation.proceed(ReflectiveMethodInvocation.java:184) ~[spring-aop-6.1.13.jar:6.1.13]
	at org.springframework.transaction.interceptor.TransactionAspectSupport.invokeWithinTransaction(TransactionAspectSupport.java:379) ~[spring-tx-6.1.13.jar:6.1.13]
	at org.springframework.transaction.interceptor.TransactionInterceptor.invoke(TransactionInterceptor.java:119) ~[spring-tx-6.1.13.jar:6.1.13]
	at org.springframework.aop.framework.ReflectiveMethodInvocation.proceed(ReflectiveMethodInvocation.java:184) ~[spring-aop-6.1.13.jar:6.1.13]
	at org.springframework.dao.support.PersistenceExceptionTranslationInterceptor.invoke(PersistenceExceptionTranslationInterceptor.java:138) ~[spring-tx-6.1.13.jar:6.1.13]
	... 62 common frames omitted

2024-11-05T10:04:12.862-05:00 ERROR 3788 --- [SysPasteleriaDulcesitoFx] [JavaFX Application Thread] p.e.u.s.servicio.ProductoService         : Error al realizar la busqueda

org.springframework.orm.jpa.JpaObjectRetrievalFailureException: Unable to find pe.edu.upeu.syspasteleriadulcesitofx.modelo.UnidadMedida with id 4
	at org.springframework.orm.jpa.EntityManagerFactoryUtils.convertJpaAccessExceptionIfPossible(EntityManagerFactoryUtils.java:376) ~[spring-orm-6.1.13.jar:6.1.13]
	at org.springframework.orm.jpa.vendor.HibernateJpaDialect.translateExceptionIfPossible(HibernateJpaDialect.java:246) ~[spring-orm-6.1.13.jar:6.1.13]
	at org.springframework.orm.jpa.AbstractEntityManagerFactoryBean.translateExceptionIfPossible(AbstractEntityManagerFactoryBean.java:550) ~[spring-orm-6.1.13.jar:6.1.13]
	at org.springframework.dao.support.ChainedPersistenceExceptionTranslator.translateExceptionIfPossible(ChainedPersistenceExceptionTranslator.java:61) ~[spring-tx-6.1.13.jar:6.1.13]
	at org.springframework.dao.support.DataAccessUtils.translateIfNecessary(DataAccessUtils.java:335) ~[spring-tx-6.1.13.jar:6.1.13]
	at org.springframework.dao.support.PersistenceExceptionTranslationInterceptor.invoke(PersistenceExceptionTranslationInterceptor.java:160) ~[spring-tx-6.1.13.jar:6.1.13]
	at org.springframework.aop.framework.ReflectiveMethodInvocation.proceed(ReflectiveMethodInvocation.java:184) ~[spring-aop-6.1.13.jar:6.1.13]
	at org.springframework.data.jpa.repository.support.CrudMethodMetadataPostProcessor$CrudMethodMetadataPopulatingMethodInterceptor.invoke(CrudMethodMetadataPostProcessor.java:165) ~[spring-data-jpa-3.3.4.jar:3.3.4]
	at org.springframework.aop.framework.ReflectiveMethodInvocation.proceed(ReflectiveMethodInvocation.java:184) ~[spring-aop-6.1.13.jar:6.1.13]
	at org.springframework.aop.interceptor.ExposeInvocationInterceptor.invoke(ExposeInvocationInterceptor.java:97) ~[spring-aop-6.1.13.jar:6.1.13]
	at org.springframework.aop.framework.ReflectiveMethodInvocation.proceed(ReflectiveMethodInvocation.java:184) ~[spring-aop-6.1.13.jar:6.1.13]
	at org.springframework.aop.framework.JdkDynamicAopProxy.invoke(JdkDynamicAopProxy.java:223) ~[spring-aop-6.1.13.jar:6.1.13]
	at jdk.proxy2/jdk.proxy2.$Proxy123.findAll(Unknown Source) ~[na:na]
	at pe.edu.upeu.syspasteleriadulcesitofx.servicio.ProductoService.listAutoCompletProducto(ProductoService.java:53) ~[classes/:na]
	at pe.edu.upeu.syspasteleriadulcesitofx.control.ProdAutoCompControl.listarProducto(ProdAutoCompControl.java:57) ~[classes/:na]
	at pe.edu.upeu.syspasteleriadulcesitofx.control.ProdAutoCompControl.initialize(ProdAutoCompControl.java:43) ~[classes/:na]
	at java.base/jdk.internal.reflect.DirectMethodHandleAccessor.invoke(DirectMethodHandleAccessor.java:103) ~[na:na]
	at java.base/java.lang.reflect.Method.invoke(Method.java:580) ~[na:na]
	at com.sun.javafx.reflect.Trampoline.invoke(MethodUtil.java:76) ~[javafx-base-16-win.jar:na]
	at java.base/jdk.internal.reflect.DirectMethodHandleAccessor.invoke(DirectMethodHandleAccessor.java:103) ~[na:na]
	at java.base/java.lang.reflect.Method.invoke(Method.java:580) ~[na:na]
	at com.sun.javafx.reflect.MethodUtil.invoke(MethodUtil.java:273) ~[javafx-base-16-win.jar:na]
	at com.sun.javafx.fxml.MethodHelper.invoke(MethodHelper.java:83) ~[javafx-fxml-16-win.jar:na]
	at javafx.fxml.FXMLLoader.loadImpl(FXMLLoader.java:2673) ~[javafx-fxml-16-win.jar:na]
	at javafx.fxml.FXMLLoader.loadImpl(FXMLLoader.java:2548) ~[javafx-fxml-16-win.jar:na]
	at javafx.fxml.FXMLLoader.load(FXMLLoader.java:2517) ~[javafx-fxml-16-win.jar:na]
	at pe.edu.upeu.syspasteleriadulcesitofx.control.GUIMainFX$MenuItemListener.handle(GUIMainFX.java:141) ~[classes/:na]
	at com.sun.javafx.event.CompositeEventHandler.dispatchBubblingEvent(CompositeEventHandler.java:86) ~[javafx-base-16-win.jar:na]
	at com.sun.javafx.event.EventHandlerManager.dispatchBubblingEvent(EventHandlerManager.java:234) ~[javafx-base-16-win.jar:na]
	at com.sun.javafx.event.EventHandlerManager.dispatchBubblingEvent(EventHandlerManager.java:191) ~[javafx-base-16-win.jar:na]
	at com.sun.javafx.event.BasicEventDispatcher.dispatchEvent(BasicEventDispatcher.java:58) ~[javafx-base-16-win.jar:na]
	at com.sun.javafx.event.EventDispatchChainImpl.dispatchEvent(EventDispatchChainImpl.java:114) ~[javafx-base-16-win.jar:na]
	at com.sun.javafx.event.EventUtil.fireEventImpl(EventUtil.java:74) ~[javafx-base-16-win.jar:na]
	at com.sun.javafx.event.EventUtil.fireEvent(EventUtil.java:49) ~[javafx-base-16-win.jar:na]
	at javafx.event.Event.fireEvent(Event.java:198) ~[javafx-base-16-win.jar:na]
	at javafx.scene.control.MenuItem.fire(MenuItem.java:459) ~[javafx-controls-16-win.jar:na]
	at com.sun.javafx.scene.control.ContextMenuContent$MenuItemContainer.doSelect(ContextMenuContent.java:1385) ~[javafx-controls-16-win.jar:na]
	at com.sun.javafx.scene.control.ContextMenuContent$MenuItemContainer.lambda$createChildren$12(ContextMenuContent.java:1338) ~[javafx-controls-16-win.jar:na]
	at com.sun.javafx.event.CompositeEventHandler$NormalEventHandlerRecord.handleBubblingEvent(CompositeEventHandler.java:247) ~[javafx-base-16-win.jar:na]
	at com.sun.javafx.event.CompositeEventHandler.dispatchBubblingEvent(CompositeEventHandler.java:80) ~[javafx-base-16-win.jar:na]
	at com.sun.javafx.event.EventHandlerManager.dispatchBubblingEvent(EventHandlerManager.java:234) ~[javafx-base-16-win.jar:na]
	at com.sun.javafx.event.EventHandlerManager.dispatchBubblingEvent(EventHandlerManager.java:191) ~[javafx-base-16-win.jar:na]
	at com.sun.javafx.event.CompositeEventDispatcher.dispatchBubblingEvent(CompositeEventDispatcher.java:59) ~[javafx-base-16-win.jar:na]
	at com.sun.javafx.event.BasicEventDispatcher.dispatchEvent(BasicEventDispatcher.java:58) ~[javafx-base-16-win.jar:na]
	at com.sun.javafx.event.EventDispatchChainImpl.dispatchEvent(EventDispatchChainImpl.java:114) ~[javafx-base-16-win.jar:na]
	at com.sun.javafx.event.BasicEventDispatcher.dispatchEvent(BasicEventDispatcher.java:56) ~[javafx-base-16-win.jar:na]
	at com.sun.javafx.event.EventDispatchChainImpl.dispatchEvent(EventDispatchChainImpl.java:114) ~[javafx-base-16-win.jar:na]
	at com.sun.javafx.event.BasicEventDispatcher.dispatchEvent(BasicEventDispatcher.java:56) ~[javafx-base-16-win.jar:na]
	at com.sun.javafx.event.EventDispatchChainImpl.dispatchEvent(EventDispatchChainImpl.java:114) ~[javafx-base-16-win.jar:na]
	at com.sun.javafx.event.BasicEventDispatcher.dispatchEvent(BasicEventDispatcher.java:56) ~[javafx-base-16-win.jar:na]
	at com.sun.javafx.event.EventDispatchChainImpl.dispatchEvent(EventDispatchChainImpl.java:114) ~[javafx-base-16-win.jar:na]
	at com.sun.javafx.event.EventUtil.fireEventImpl(EventUtil.java:74) ~[javafx-base-16-win.jar:na]
	at com.sun.javafx.event.EventUtil.fireEvent(EventUtil.java:54) ~[javafx-base-16-win.jar:na]
	at javafx.event.Event.fireEvent(Event.java:198) ~[javafx-base-16-win.jar:na]
	at javafx.scene.Scene$MouseHandler.process(Scene.java:3856) ~[javafx-graphics-16-win.jar:na]
	at javafx.scene.Scene.processMouseEvent(Scene.java:1851) ~[javafx-graphics-16-win.jar:na]
	at javafx.scene.Scene$ScenePeerListener.mouseEvent(Scene.java:2584) ~[javafx-graphics-16-win.jar:na]
	at com.sun.javafx.tk.quantum.GlassViewEventHandler$MouseEventNotification.run(GlassViewEventHandler.java:409) ~[javafx-graphics-16-win.jar:na]
	at com.sun.javafx.tk.quantum.GlassViewEventHandler$MouseEventNotification.run(GlassViewEventHandler.java:299) ~[javafx-graphics-16-win.jar:na]
	at java.base/java.security.AccessController.doPrivileged(AccessController.java:400) ~[na:na]
	at com.sun.javafx.tk.quantum.GlassViewEventHandler.lambda$handleMouseEvent$2(GlassViewEventHandler.java:447) ~[javafx-graphics-16-win.jar:na]
	at com.sun.javafx.tk.quantum.QuantumToolkit.runWithoutRenderLock(QuantumToolkit.java:412) ~[javafx-graphics-16-win.jar:na]
	at com.sun.javafx.tk.quantum.GlassViewEventHandler.handleMouseEvent(GlassViewEventHandler.java:446) ~[javafx-graphics-16-win.jar:na]
	at com.sun.glass.ui.View.handleMouseEvent(View.java:556) ~[javafx-graphics-16-win.jar:na]
	at com.sun.glass.ui.View.notifyMouse(View.java:942) ~[javafx-graphics-16-win.jar:na]
	at com.sun.glass.ui.win.WinApplication._runLoop(Native Method) ~[javafx-graphics-16-win.jar:na]
	at com.sun.glass.ui.win.WinApplication.lambda$runLoop$3(WinApplication.java:174) ~[javafx-graphics-16-win.jar:na]
	at java.base/java.lang.Thread.run(Thread.java:1570) ~[na:na]
Caused by: jakarta.persistence.EntityNotFoundException: Unable to find pe.edu.upeu.syspasteleriadulcesitofx.modelo.UnidadMedida with id 4
	at org.hibernate.jpa.boot.internal.EntityManagerFactoryBuilderImpl$JpaEntityNotFoundDelegate.handleEntityNotFound(EntityManagerFactoryBuilderImpl.java:190) ~[hibernate-core-6.5.3.Final.jar:6.5.3.Final]
	at org.hibernate.event.internal.DefaultLoadEventListener.load(DefaultLoadEventListener.java:212) ~[hibernate-core-6.5.3.Final.jar:6.5.3.Final]
	at org.hibernate.event.internal.DefaultLoadEventListener.loadWithRegularProxy(DefaultLoadEventListener.java:290) ~[hibernate-core-6.5.3.Final.jar:6.5.3.Final]
	at org.hibernate.event.internal.DefaultLoadEventListener.proxyOrLoad(DefaultLoadEventListener.java:242) ~[hibernate-core-6.5.3.Final.jar:6.5.3.Final]
	at org.hibernate.event.internal.DefaultLoadEventListener.doOnLoad(DefaultLoadEventListener.java:111) ~[hibernate-core-6.5.3.Final.jar:6.5.3.Final]
	at org.hibernate.event.internal.DefaultLoadEventListener.onLoad(DefaultLoadEventListener.java:68) ~[hibernate-core-6.5.3.Final.jar:6.5.3.Final]
	at org.hibernate.event.service.internal.EventListenerGroupImpl.fireEventOnEachListener(EventListenerGroupImpl.java:138) ~[hibernate-core-6.5.3.Final.jar:6.5.3.Final]
	at org.hibernate.internal.SessionImpl.fireLoadNoChecks(SessionImpl.java:1225) ~[hibernate-core-6.5.3.Final.jar:6.5.3.Final]
	at org.hibernate.internal.SessionImpl.internalLoad(SessionImpl.java:1071) ~[hibernate-core-6.5.3.Final.jar:6.5.3.Final]
	at org.hibernate.sql.results.graph.entity.internal.EntitySelectFetchInitializer.initializeInstance(EntitySelectFetchInitializer.java:215) ~[hibernate-core-6.5.3.Final.jar:6.5.3.Final]
	at org.hibernate.sql.results.internal.InitializersList.initializeInstance(InitializersList.java:73) ~[hibernate-core-6.5.3.Final.jar:6.5.3.Final]
	at org.hibernate.sql.results.internal.StandardRowReader.coordinateInitializers(StandardRowReader.java:113) ~[hibernate-core-6.5.3.Final.jar:6.5.3.Final]
	at org.hibernate.sql.results.internal.StandardRowReader.readRow(StandardRowReader.java:87) ~[hibernate-core-6.5.3.Final.jar:6.5.3.Final]
	at org.hibernate.sql.results.spi.ListResultsConsumer.consume(ListResultsConsumer.java:205) ~[hibernate-core-6.5.3.Final.jar:6.5.3.Final]
	at org.hibernate.sql.results.spi.ListResultsConsumer.consume(ListResultsConsumer.java:33) ~[hibernate-core-6.5.3.Final.jar:6.5.3.Final]
	at org.hibernate.sql.exec.internal.JdbcSelectExecutorStandardImpl.doExecuteQuery(JdbcSelectExecutorStandardImpl.java:211) ~[hibernate-core-6.5.3.Final.jar:6.5.3.Final]
	at org.hibernate.sql.exec.internal.JdbcSelectExecutorStandardImpl.executeQuery(JdbcSelectExecutorStandardImpl.java:83) ~[hibernate-core-6.5.3.Final.jar:6.5.3.Final]
	at org.hibernate.sql.exec.spi.JdbcSelectExecutor.list(JdbcSelectExecutor.java:76) ~[hibernate-core-6.5.3.Final.jar:6.5.3.Final]
	at org.hibernate.sql.exec.spi.JdbcSelectExecutor.list(JdbcSelectExecutor.java:65) ~[hibernate-core-6.5.3.Final.jar:6.5.3.Final]
	at org.hibernate.query.sqm.internal.ConcreteSqmSelectQueryPlan.lambda$new$2(ConcreteSqmSelectQueryPlan.java:139) ~[hibernate-core-6.5.3.Final.jar:6.5.3.Final]
	at org.hibernate.query.sqm.internal.ConcreteSqmSelectQueryPlan.withCacheableSqmInterpretation(ConcreteSqmSelectQueryPlan.java:382) ~[hibernate-core-6.5.3.Final.jar:6.5.3.Final]
	at org.hibernate.query.sqm.internal.ConcreteSqmSelectQueryPlan.performList(ConcreteSqmSelectQueryPlan.java:302) ~[hibernate-core-6.5.3.Final.jar:6.5.3.Final]
	at org.hibernate.query.sqm.internal.QuerySqmImpl.doList(QuerySqmImpl.java:526) ~[hibernate-core-6.5.3.Final.jar:6.5.3.Final]
	at org.hibernate.query.spi.AbstractSelectionQuery.list(AbstractSelectionQuery.java:423) ~[hibernate-core-6.5.3.Final.jar:6.5.3.Final]
	at org.hibernate.query.Query.getResultList(Query.java:120) ~[hibernate-core-6.5.3.Final.jar:6.5.3.Final]
	at org.springframework.data.jpa.repository.support.SimpleJpaRepository.findAll(SimpleJpaRepository.java:387) ~[spring-data-jpa-3.3.4.jar:3.3.4]
	at java.base/jdk.internal.reflect.DirectMethodHandleAccessor.invoke(DirectMethodHandleAccessor.java:103) ~[na:na]
	at java.base/java.lang.reflect.Method.invoke(Method.java:580) ~[na:na]
	at org.springframework.aop.support.AopUtils.invokeJoinpointUsingReflection(AopUtils.java:355) ~[spring-aop-6.1.13.jar:6.1.13]
	at org.springframework.data.repository.core.support.RepositoryMethodInvoker$RepositoryFragmentMethodInvoker.lambda$new$0(RepositoryMethodInvoker.java:277) ~[spring-data-commons-3.3.4.jar:3.3.4]
	at org.springframework.data.repository.core.support.RepositoryMethodInvoker.doInvoke(RepositoryMethodInvoker.java:170) ~[spring-data-commons-3.3.4.jar:3.3.4]
	at org.springframework.data.repository.core.support.RepositoryMethodInvoker.invoke(RepositoryMethodInvoker.java:158) ~[spring-data-commons-3.3.4.jar:3.3.4]
	at org.springframework.data.repository.core.support.RepositoryComposition$RepositoryFragments.invoke(RepositoryComposition.java:516) ~[spring-data-commons-3.3.4.jar:3.3.4]
	at org.springframework.data.repository.core.support.RepositoryComposition.invoke(RepositoryComposition.java:285) ~[spring-data-commons-3.3.4.jar:3.3.4]
	at org.springframework.data.repository.core.support.RepositoryFactorySupport$ImplementationMethodExecutionInterceptor.invoke(RepositoryFactorySupport.java:628) ~[spring-data-commons-3.3.4.jar:3.3.4]
	at org.springframework.aop.framework.ReflectiveMethodInvocation.proceed(ReflectiveMethodInvocation.java:184) ~[spring-aop-6.1.13.jar:6.1.13]
	at org.springframework.data.repository.core.support.QueryExecutorMethodInterceptor.doInvoke(QueryExecutorMethodInterceptor.java:173) ~[spring-data-commons-3.3.4.jar:3.3.4]
	at org.springframework.data.repository.core.support.QueryExecutorMethodInterceptor.invoke(QueryExecutorMethodInterceptor.java:148) ~[spring-data-commons-3.3.4.jar:3.3.4]
	at org.springframework.aop.framework.ReflectiveMethodInvocation.proceed(ReflectiveMethodInvocation.java:184) ~[spring-aop-6.1.13.jar:6.1.13]
	at org.springframework.data.projection.DefaultMethodInvokingMethodInterceptor.invoke(DefaultMethodInvokingMethodInterceptor.java:70) ~[spring-data-commons-3.3.4.jar:3.3.4]
	at org.springframework.aop.framework.ReflectiveMethodInvocation.proceed(ReflectiveMethodInvocation.java:184) ~[spring-aop-6.1.13.jar:6.1.13]
	at org.springframework.transaction.interceptor.TransactionAspectSupport.invokeWithinTransaction(TransactionAspectSupport.java:379) ~[spring-tx-6.1.13.jar:6.1.13]
	at org.springframework.transaction.interceptor.TransactionInterceptor.invoke(TransactionInterceptor.java:119) ~[spring-tx-6.1.13.jar:6.1.13]
	at org.springframework.aop.framework.ReflectiveMethodInvocation.proceed(ReflectiveMethodInvocation.java:184) ~[spring-aop-6.1.13.jar:6.1.13]
	at org.springframework.dao.support.PersistenceExceptionTranslationInterceptor.invoke(PersistenceExceptionTranslationInterceptor.java:138) ~[spring-tx-6.1.13.jar:6.1.13]
	... 62 common frames omitted

2024-11-05T10:04:21.921-05:00  INFO 3788 --- [SysPasteleriaDulcesitoFx] [JavaFX Application Thread] j.LocalContainerEntityManagerFactoryBean : Closing JPA EntityManagerFactory for persistence unit 'default'
2024-11-05T10:04:21.922-05:00  INFO 3788 --- [SysPasteleriaDulcesitoFx] [JavaFX Application Thread] com.zaxxer.hikari.HikariDataSource       : HikariPool-1 - Shutdown initiated...
2024-11-05T10:04:21.924-05:00  INFO 3788 --- [SysPasteleriaDulcesitoFx] [JavaFX Application Thread] com.zaxxer.hikari.HikariDataSource       : HikariPool-1 - Shutdown completed.
2024-11-05T10:04:33.067-05:00  INFO 4700 --- [SysPasteleriaDulcesitoFx] [JavaFX-Launcher] o.s.boot.SpringApplication               : Starting application using Java 22.0.2 with PID 4700 (started by Datos in D:\ce nosostros }\EVALUACION-U2-main\EVALUACION-U2-main\SysPasteleriaDulcesitoFx)
2024-11-05T10:04:33.070-05:00  INFO 4700 --- [SysPasteleriaDulcesitoFx] [JavaFX-Launcher] o.s.boot.SpringApplication               : No active profile set, falling back to 1 default profile: "default"
2024-11-05T10:04:33.495-05:00  INFO 4700 --- [SysPasteleriaDulcesitoFx] [JavaFX-Launcher] .s.d.r.c.RepositoryConfigurationDelegate : Bootstrapping Spring Data JPA repositories in DEFAULT mode.
2024-11-05T10:04:33.546-05:00  INFO 4700 --- [SysPasteleriaDulcesitoFx] [JavaFX-Launcher] .s.d.r.c.RepositoryConfigurationDelegate : Finished Spring Data repository scanning in 47 ms. Found 15 JPA repository interfaces.
2024-11-05T10:04:33.838-05:00  INFO 4700 --- [SysPasteleriaDulcesitoFx] [JavaFX-Launcher] o.hibernate.jpa.internal.util.LogHelper  : HHH000204: Processing PersistenceUnitInfo [name: default]
2024-11-05T10:04:33.868-05:00  INFO 4700 --- [SysPasteleriaDulcesitoFx] [JavaFX-Launcher] org.hibernate.Version                    : HHH000412: Hibernate ORM core version 6.5.3.Final
2024-11-05T10:04:33.883-05:00  INFO 4700 --- [SysPasteleriaDulcesitoFx] [JavaFX-Launcher] o.h.c.internal.RegionFactoryInitiator    : HHH000026: Second-level cache disabled
2024-11-05T10:04:34.025-05:00  INFO 4700 --- [SysPasteleriaDulcesitoFx] [JavaFX-Launcher] o.s.o.j.p.SpringPersistenceUnitInfo      : No LoadTimeWeaver setup: ignoring JPA class transformer
2024-11-05T10:04:34.040-05:00  INFO 4700 --- [SysPasteleriaDulcesitoFx] [JavaFX-Launcher] com.zaxxer.hikari.HikariDataSource       : HikariPool-1 - Starting...
2024-11-05T10:04:34.159-05:00  INFO 4700 --- [SysPasteleriaDulcesitoFx] [JavaFX-Launcher] com.zaxxer.hikari.pool.HikariPool        : HikariPool-1 - Added connection org.sqlite.jdbc4.JDBC4Connection@27dbeba0
2024-11-05T10:04:34.160-05:00  INFO 4700 --- [SysPasteleriaDulcesitoFx] [JavaFX-Launcher] com.zaxxer.hikari.HikariDataSource       : HikariPool-1 - Start completed.
2024-11-05T10:04:34.866-05:00  INFO 4700 --- [SysPasteleriaDulcesitoFx] [JavaFX-Launcher] o.h.e.t.j.p.i.JtaPlatformInitiator       : HHH000489: No JTA platform available (set 'hibernate.transaction.jta.platform' to enable JTA platform integration)
2024-11-05T10:04:34.888-05:00  INFO 4700 --- [SysPasteleriaDulcesitoFx] [JavaFX-Launcher] j.LocalContainerEntityManagerFactoryBean : Initialized JPA EntityManagerFactory for persistence unit 'default'
2024-11-05T10:04:35.047-05:00  INFO 4700 --- [SysPasteleriaDulcesitoFx] [JavaFX-Launcher] o.s.d.j.r.query.QueryEnhancerFactory     : Hibernate is in classpath; If applicable, HQL parser will be used.
2024-11-05T10:04:35.234-05:00  INFO 4700 --- [SysPasteleriaDulcesitoFx] [JavaFX-Launcher] o.s.boot.SpringApplication               : Started application in 2.556 seconds (process running for 3.015)
2024-11-05T10:04:45.275-05:00 ERROR 4700 --- [SysPasteleriaDulcesitoFx] [JavaFX Application Thread] p.e.u.s.servicio.ProductoService         : Error al realizar la busqueda

org.springframework.orm.jpa.JpaObjectRetrievalFailureException: Unable to find pe.edu.upeu.syspasteleriadulcesitofx.modelo.UnidadMedida with id 4
	at org.springframework.orm.jpa.EntityManagerFactoryUtils.convertJpaAccessExceptionIfPossible(EntityManagerFactoryUtils.java:376) ~[spring-orm-6.1.13.jar:6.1.13]
	at org.springframework.orm.jpa.vendor.HibernateJpaDialect.translateExceptionIfPossible(HibernateJpaDialect.java:246) ~[spring-orm-6.1.13.jar:6.1.13]
	at org.springframework.orm.jpa.AbstractEntityManagerFactoryBean.translateExceptionIfPossible(AbstractEntityManagerFactoryBean.java:550) ~[spring-orm-6.1.13.jar:6.1.13]
	at org.springframework.dao.support.ChainedPersistenceExceptionTranslator.translateExceptionIfPossible(ChainedPersistenceExceptionTranslator.java:61) ~[spring-tx-6.1.13.jar:6.1.13]
	at org.springframework.dao.support.DataAccessUtils.translateIfNecessary(DataAccessUtils.java:335) ~[spring-tx-6.1.13.jar:6.1.13]
	at org.springframework.dao.support.PersistenceExceptionTranslationInterceptor.invoke(PersistenceExceptionTranslationInterceptor.java:160) ~[spring-tx-6.1.13.jar:6.1.13]
	at org.springframework.aop.framework.ReflectiveMethodInvocation.proceed(ReflectiveMethodInvocation.java:184) ~[spring-aop-6.1.13.jar:6.1.13]
	at org.springframework.data.jpa.repository.support.CrudMethodMetadataPostProcessor$CrudMethodMetadataPopulatingMethodInterceptor.invoke(CrudMethodMetadataPostProcessor.java:165) ~[spring-data-jpa-3.3.4.jar:3.3.4]
	at org.springframework.aop.framework.ReflectiveMethodInvocation.proceed(ReflectiveMethodInvocation.java:184) ~[spring-aop-6.1.13.jar:6.1.13]
	at org.springframework.aop.interceptor.ExposeInvocationInterceptor.invoke(ExposeInvocationInterceptor.java:97) ~[spring-aop-6.1.13.jar:6.1.13]
	at org.springframework.aop.framework.ReflectiveMethodInvocation.proceed(ReflectiveMethodInvocation.java:184) ~[spring-aop-6.1.13.jar:6.1.13]
	at org.springframework.aop.framework.JdkDynamicAopProxy.invoke(JdkDynamicAopProxy.java:223) ~[spring-aop-6.1.13.jar:6.1.13]
	at jdk.proxy2/jdk.proxy2.$Proxy123.findAll(Unknown Source) ~[na:na]
	at pe.edu.upeu.syspasteleriadulcesitofx.servicio.ProductoService.listAutoCompletProducto(ProductoService.java:53) ~[classes/:na]
	at pe.edu.upeu.syspasteleriadulcesitofx.control.ProdAutoCompControl.listarProducto(ProdAutoCompControl.java:57) ~[classes/:na]
	at pe.edu.upeu.syspasteleriadulcesitofx.control.ProdAutoCompControl.initialize(ProdAutoCompControl.java:43) ~[classes/:na]
	at java.base/jdk.internal.reflect.DirectMethodHandleAccessor.invoke(DirectMethodHandleAccessor.java:103) ~[na:na]
	at java.base/java.lang.reflect.Method.invoke(Method.java:580) ~[na:na]
	at com.sun.javafx.reflect.Trampoline.invoke(MethodUtil.java:76) ~[javafx-base-16-win.jar:na]
	at java.base/jdk.internal.reflect.DirectMethodHandleAccessor.invoke(DirectMethodHandleAccessor.java:103) ~[na:na]
	at java.base/java.lang.reflect.Method.invoke(Method.java:580) ~[na:na]
	at com.sun.javafx.reflect.MethodUtil.invoke(MethodUtil.java:273) ~[javafx-base-16-win.jar:na]
	at com.sun.javafx.fxml.MethodHelper.invoke(MethodHelper.java:83) ~[javafx-fxml-16-win.jar:na]
	at javafx.fxml.FXMLLoader.loadImpl(FXMLLoader.java:2673) ~[javafx-fxml-16-win.jar:na]
	at javafx.fxml.FXMLLoader.loadImpl(FXMLLoader.java:2548) ~[javafx-fxml-16-win.jar:na]
	at javafx.fxml.FXMLLoader.load(FXMLLoader.java:2517) ~[javafx-fxml-16-win.jar:na]
	at pe.edu.upeu.syspasteleriadulcesitofx.control.GUIMainFX$MenuItemListener.handle(GUIMainFX.java:141) ~[classes/:na]
	at com.sun.javafx.event.CompositeEventHandler.dispatchBubblingEvent(CompositeEventHandler.java:86) ~[javafx-base-16-win.jar:na]
	at com.sun.javafx.event.EventHandlerManager.dispatchBubblingEvent(EventHandlerManager.java:234) ~[javafx-base-16-win.jar:na]
	at com.sun.javafx.event.EventHandlerManager.dispatchBubblingEvent(EventHandlerManager.java:191) ~[javafx-base-16-win.jar:na]
	at com.sun.javafx.event.BasicEventDispatcher.dispatchEvent(BasicEventDispatcher.java:58) ~[javafx-base-16-win.jar:na]
	at com.sun.javafx.event.EventDispatchChainImpl.dispatchEvent(EventDispatchChainImpl.java:114) ~[javafx-base-16-win.jar:na]
	at com.sun.javafx.event.EventUtil.fireEventImpl(EventUtil.java:74) ~[javafx-base-16-win.jar:na]
	at com.sun.javafx.event.EventUtil.fireEvent(EventUtil.java:49) ~[javafx-base-16-win.jar:na]
	at javafx.event.Event.fireEvent(Event.java:198) ~[javafx-base-16-win.jar:na]
	at javafx.scene.control.MenuItem.fire(MenuItem.java:459) ~[javafx-controls-16-win.jar:na]
	at com.sun.javafx.scene.control.ContextMenuContent$MenuItemContainer.doSelect(ContextMenuContent.java:1385) ~[javafx-controls-16-win.jar:na]
	at com.sun.javafx.scene.control.ContextMenuContent$MenuItemContainer.lambda$createChildren$12(ContextMenuContent.java:1338) ~[javafx-controls-16-win.jar:na]
	at com.sun.javafx.event.CompositeEventHandler$NormalEventHandlerRecord.handleBubblingEvent(CompositeEventHandler.java:247) ~[javafx-base-16-win.jar:na]
	at com.sun.javafx.event.CompositeEventHandler.dispatchBubblingEvent(CompositeEventHandler.java:80) ~[javafx-base-16-win.jar:na]
	at com.sun.javafx.event.EventHandlerManager.dispatchBubblingEvent(EventHandlerManager.java:234) ~[javafx-base-16-win.jar:na]
	at com.sun.javafx.event.EventHandlerManager.dispatchBubblingEvent(EventHandlerManager.java:191) ~[javafx-base-16-win.jar:na]
	at com.sun.javafx.event.CompositeEventDispatcher.dispatchBubblingEvent(CompositeEventDispatcher.java:59) ~[javafx-base-16-win.jar:na]
	at com.sun.javafx.event.BasicEventDispatcher.dispatchEvent(BasicEventDispatcher.java:58) ~[javafx-base-16-win.jar:na]
	at com.sun.javafx.event.EventDispatchChainImpl.dispatchEvent(EventDispatchChainImpl.java:114) ~[javafx-base-16-win.jar:na]
	at com.sun.javafx.event.BasicEventDispatcher.dispatchEvent(BasicEventDispatcher.java:56) ~[javafx-base-16-win.jar:na]
	at com.sun.javafx.event.EventDispatchChainImpl.dispatchEvent(EventDispatchChainImpl.java:114) ~[javafx-base-16-win.jar:na]
	at com.sun.javafx.event.BasicEventDispatcher.dispatchEvent(BasicEventDispatcher.java:56) ~[javafx-base-16-win.jar:na]
	at com.sun.javafx.event.EventDispatchChainImpl.dispatchEvent(EventDispatchChainImpl.java:114) ~[javafx-base-16-win.jar:na]
	at com.sun.javafx.event.BasicEventDispatcher.dispatchEvent(BasicEventDispatcher.java:56) ~[javafx-base-16-win.jar:na]
	at com.sun.javafx.event.EventDispatchChainImpl.dispatchEvent(EventDispatchChainImpl.java:114) ~[javafx-base-16-win.jar:na]
	at com.sun.javafx.event.EventUtil.fireEventImpl(EventUtil.java:74) ~[javafx-base-16-win.jar:na]
	at com.sun.javafx.event.EventUtil.fireEvent(EventUtil.java:54) ~[javafx-base-16-win.jar:na]
	at javafx.event.Event.fireEvent(Event.java:198) ~[javafx-base-16-win.jar:na]
	at javafx.scene.Scene$MouseHandler.process(Scene.java:3856) ~[javafx-graphics-16-win.jar:na]
	at javafx.scene.Scene.processMouseEvent(Scene.java:1851) ~[javafx-graphics-16-win.jar:na]
	at javafx.scene.Scene$ScenePeerListener.mouseEvent(Scene.java:2584) ~[javafx-graphics-16-win.jar:na]
	at com.sun.javafx.tk.quantum.GlassViewEventHandler$MouseEventNotification.run(GlassViewEventHandler.java:409) ~[javafx-graphics-16-win.jar:na]
	at com.sun.javafx.tk.quantum.GlassViewEventHandler$MouseEventNotification.run(GlassViewEventHandler.java:299) ~[javafx-graphics-16-win.jar:na]
	at java.base/java.security.AccessController.doPrivileged(AccessController.java:400) ~[na:na]
	at com.sun.javafx.tk.quantum.GlassViewEventHandler.lambda$handleMouseEvent$2(GlassViewEventHandler.java:447) ~[javafx-graphics-16-win.jar:na]
	at com.sun.javafx.tk.quantum.QuantumToolkit.runWithoutRenderLock(QuantumToolkit.java:412) ~[javafx-graphics-16-win.jar:na]
	at com.sun.javafx.tk.quantum.GlassViewEventHandler.handleMouseEvent(GlassViewEventHandler.java:446) ~[javafx-graphics-16-win.jar:na]
	at com.sun.glass.ui.View.handleMouseEvent(View.java:556) ~[javafx-graphics-16-win.jar:na]
	at com.sun.glass.ui.View.notifyMouse(View.java:942) ~[javafx-graphics-16-win.jar:na]
	at com.sun.glass.ui.win.WinApplication._runLoop(Native Method) ~[javafx-graphics-16-win.jar:na]
	at com.sun.glass.ui.win.WinApplication.lambda$runLoop$3(WinApplication.java:174) ~[javafx-graphics-16-win.jar:na]
	at java.base/java.lang.Thread.run(Thread.java:1570) ~[na:na]
Caused by: jakarta.persistence.EntityNotFoundException: Unable to find pe.edu.upeu.syspasteleriadulcesitofx.modelo.UnidadMedida with id 4
	at org.hibernate.jpa.boot.internal.EntityManagerFactoryBuilderImpl$JpaEntityNotFoundDelegate.handleEntityNotFound(EntityManagerFactoryBuilderImpl.java:190) ~[hibernate-core-6.5.3.Final.jar:6.5.3.Final]
	at org.hibernate.event.internal.DefaultLoadEventListener.load(DefaultLoadEventListener.java:212) ~[hibernate-core-6.5.3.Final.jar:6.5.3.Final]
	at org.hibernate.event.internal.DefaultLoadEventListener.loadWithRegularProxy(DefaultLoadEventListener.java:290) ~[hibernate-core-6.5.3.Final.jar:6.5.3.Final]
	at org.hibernate.event.internal.DefaultLoadEventListener.proxyOrLoad(DefaultLoadEventListener.java:242) ~[hibernate-core-6.5.3.Final.jar:6.5.3.Final]
	at org.hibernate.event.internal.DefaultLoadEventListener.doOnLoad(DefaultLoadEventListener.java:111) ~[hibernate-core-6.5.3.Final.jar:6.5.3.Final]
	at org.hibernate.event.internal.DefaultLoadEventListener.onLoad(DefaultLoadEventListener.java:68) ~[hibernate-core-6.5.3.Final.jar:6.5.3.Final]
	at org.hibernate.event.service.internal.EventListenerGroupImpl.fireEventOnEachListener(EventListenerGroupImpl.java:138) ~[hibernate-core-6.5.3.Final.jar:6.5.3.Final]
	at org.hibernate.internal.SessionImpl.fireLoadNoChecks(SessionImpl.java:1225) ~[hibernate-core-6.5.3.Final.jar:6.5.3.Final]
	at org.hibernate.internal.SessionImpl.internalLoad(SessionImpl.java:1071) ~[hibernate-core-6.5.3.Final.jar:6.5.3.Final]
	at org.hibernate.sql.results.graph.entity.internal.EntitySelectFetchInitializer.initializeInstance(EntitySelectFetchInitializer.java:215) ~[hibernate-core-6.5.3.Final.jar:6.5.3.Final]
	at org.hibernate.sql.results.internal.InitializersList.initializeInstance(InitializersList.java:73) ~[hibernate-core-6.5.3.Final.jar:6.5.3.Final]
	at org.hibernate.sql.results.internal.StandardRowReader.coordinateInitializers(StandardRowReader.java:113) ~[hibernate-core-6.5.3.Final.jar:6.5.3.Final]
	at org.hibernate.sql.results.internal.StandardRowReader.readRow(StandardRowReader.java:87) ~[hibernate-core-6.5.3.Final.jar:6.5.3.Final]
	at org.hibernate.sql.results.spi.ListResultsConsumer.consume(ListResultsConsumer.java:205) ~[hibernate-core-6.5.3.Final.jar:6.5.3.Final]
	at org.hibernate.sql.results.spi.ListResultsConsumer.consume(ListResultsConsumer.java:33) ~[hibernate-core-6.5.3.Final.jar:6.5.3.Final]
	at org.hibernate.sql.exec.internal.JdbcSelectExecutorStandardImpl.doExecuteQuery(JdbcSelectExecutorStandardImpl.java:211) ~[hibernate-core-6.5.3.Final.jar:6.5.3.Final]
	at org.hibernate.sql.exec.internal.JdbcSelectExecutorStandardImpl.executeQuery(JdbcSelectExecutorStandardImpl.java:83) ~[hibernate-core-6.5.3.Final.jar:6.5.3.Final]
	at org.hibernate.sql.exec.spi.JdbcSelectExecutor.list(JdbcSelectExecutor.java:76) ~[hibernate-core-6.5.3.Final.jar:6.5.3.Final]
	at org.hibernate.sql.exec.spi.JdbcSelectExecutor.list(JdbcSelectExecutor.java:65) ~[hibernate-core-6.5.3.Final.jar:6.5.3.Final]
	at org.hibernate.query.sqm.internal.ConcreteSqmSelectQueryPlan.lambda$new$2(ConcreteSqmSelectQueryPlan.java:139) ~[hibernate-core-6.5.3.Final.jar:6.5.3.Final]
	at org.hibernate.query.sqm.internal.ConcreteSqmSelectQueryPlan.withCacheableSqmInterpretation(ConcreteSqmSelectQueryPlan.java:382) ~[hibernate-core-6.5.3.Final.jar:6.5.3.Final]
	at org.hibernate.query.sqm.internal.ConcreteSqmSelectQueryPlan.performList(ConcreteSqmSelectQueryPlan.java:302) ~[hibernate-core-6.5.3.Final.jar:6.5.3.Final]
	at org.hibernate.query.sqm.internal.QuerySqmImpl.doList(QuerySqmImpl.java:526) ~[hibernate-core-6.5.3.Final.jar:6.5.3.Final]
	at org.hibernate.query.spi.AbstractSelectionQuery.list(AbstractSelectionQuery.java:423) ~[hibernate-core-6.5.3.Final.jar:6.5.3.Final]
	at org.hibernate.query.Query.getResultList(Query.java:120) ~[hibernate-core-6.5.3.Final.jar:6.5.3.Final]
	at org.springframework.data.jpa.repository.support.SimpleJpaRepository.findAll(SimpleJpaRepository.java:387) ~[spring-data-jpa-3.3.4.jar:3.3.4]
	at java.base/jdk.internal.reflect.DirectMethodHandleAccessor.invoke(DirectMethodHandleAccessor.java:103) ~[na:na]
	at java.base/java.lang.reflect.Method.invoke(Method.java:580) ~[na:na]
	at org.springframework.aop.support.AopUtils.invokeJoinpointUsingReflection(AopUtils.java:355) ~[spring-aop-6.1.13.jar:6.1.13]
	at org.springframework.data.repository.core.support.RepositoryMethodInvoker$RepositoryFragmentMethodInvoker.lambda$new$0(RepositoryMethodInvoker.java:277) ~[spring-data-commons-3.3.4.jar:3.3.4]
	at org.springframework.data.repository.core.support.RepositoryMethodInvoker.doInvoke(RepositoryMethodInvoker.java:170) ~[spring-data-commons-3.3.4.jar:3.3.4]
	at org.springframework.data.repository.core.support.RepositoryMethodInvoker.invoke(RepositoryMethodInvoker.java:158) ~[spring-data-commons-3.3.4.jar:3.3.4]
	at org.springframework.data.repository.core.support.RepositoryComposition$RepositoryFragments.invoke(RepositoryComposition.java:516) ~[spring-data-commons-3.3.4.jar:3.3.4]
	at org.springframework.data.repository.core.support.RepositoryComposition.invoke(RepositoryComposition.java:285) ~[spring-data-commons-3.3.4.jar:3.3.4]
	at org.springframework.data.repository.core.support.RepositoryFactorySupport$ImplementationMethodExecutionInterceptor.invoke(RepositoryFactorySupport.java:628) ~[spring-data-commons-3.3.4.jar:3.3.4]
	at org.springframework.aop.framework.ReflectiveMethodInvocation.proceed(ReflectiveMethodInvocation.java:184) ~[spring-aop-6.1.13.jar:6.1.13]
	at org.springframework.data.repository.core.support.QueryExecutorMethodInterceptor.doInvoke(QueryExecutorMethodInterceptor.java:173) ~[spring-data-commons-3.3.4.jar:3.3.4]
	at org.springframework.data.repository.core.support.QueryExecutorMethodInterceptor.invoke(QueryExecutorMethodInterceptor.java:148) ~[spring-data-commons-3.3.4.jar:3.3.4]
	at org.springframework.aop.framework.ReflectiveMethodInvocation.proceed(ReflectiveMethodInvocation.java:184) ~[spring-aop-6.1.13.jar:6.1.13]
	at org.springframework.data.projection.DefaultMethodInvokingMethodInterceptor.invoke(DefaultMethodInvokingMethodInterceptor.java:70) ~[spring-data-commons-3.3.4.jar:3.3.4]
	at org.springframework.aop.framework.ReflectiveMethodInvocation.proceed(ReflectiveMethodInvocation.java:184) ~[spring-aop-6.1.13.jar:6.1.13]
	at org.springframework.transaction.interceptor.TransactionAspectSupport.invokeWithinTransaction(TransactionAspectSupport.java:379) ~[spring-tx-6.1.13.jar:6.1.13]
	at org.springframework.transaction.interceptor.TransactionInterceptor.invoke(TransactionInterceptor.java:119) ~[spring-tx-6.1.13.jar:6.1.13]
	at org.springframework.aop.framework.ReflectiveMethodInvocation.proceed(ReflectiveMethodInvocation.java:184) ~[spring-aop-6.1.13.jar:6.1.13]
	at org.springframework.dao.support.PersistenceExceptionTranslationInterceptor.invoke(PersistenceExceptionTranslationInterceptor.java:138) ~[spring-tx-6.1.13.jar:6.1.13]
	... 62 common frames omitted

2024-11-05T10:04:58.465-05:00 ERROR 4700 --- [SysPasteleriaDulcesitoFx] [JavaFX Application Thread] p.e.u.s.servicio.ProductoService         : Error al realizar la busqueda

org.springframework.orm.jpa.JpaObjectRetrievalFailureException: Unable to find pe.edu.upeu.syspasteleriadulcesitofx.modelo.UnidadMedida with id 4
	at org.springframework.orm.jpa.EntityManagerFactoryUtils.convertJpaAccessExceptionIfPossible(EntityManagerFactoryUtils.java:376) ~[spring-orm-6.1.13.jar:6.1.13]
	at org.springframework.orm.jpa.vendor.HibernateJpaDialect.translateExceptionIfPossible(HibernateJpaDialect.java:246) ~[spring-orm-6.1.13.jar:6.1.13]
	at org.springframework.orm.jpa.AbstractEntityManagerFactoryBean.translateExceptionIfPossible(AbstractEntityManagerFactoryBean.java:550) ~[spring-orm-6.1.13.jar:6.1.13]
	at org.springframework.dao.support.ChainedPersistenceExceptionTranslator.translateExceptionIfPossible(ChainedPersistenceExceptionTranslator.java:61) ~[spring-tx-6.1.13.jar:6.1.13]
	at org.springframework.dao.support.DataAccessUtils.translateIfNecessary(DataAccessUtils.java:335) ~[spring-tx-6.1.13.jar:6.1.13]
	at org.springframework.dao.support.PersistenceExceptionTranslationInterceptor.invoke(PersistenceExceptionTranslationInterceptor.java:160) ~[spring-tx-6.1.13.jar:6.1.13]
	at org.springframework.aop.framework.ReflectiveMethodInvocation.proceed(ReflectiveMethodInvocation.java:184) ~[spring-aop-6.1.13.jar:6.1.13]
	at org.springframework.data.jpa.repository.support.CrudMethodMetadataPostProcessor$CrudMethodMetadataPopulatingMethodInterceptor.invoke(CrudMethodMetadataPostProcessor.java:165) ~[spring-data-jpa-3.3.4.jar:3.3.4]
	at org.springframework.aop.framework.ReflectiveMethodInvocation.proceed(ReflectiveMethodInvocation.java:184) ~[spring-aop-6.1.13.jar:6.1.13]
	at org.springframework.aop.interceptor.ExposeInvocationInterceptor.invoke(ExposeInvocationInterceptor.java:97) ~[spring-aop-6.1.13.jar:6.1.13]
	at org.springframework.aop.framework.ReflectiveMethodInvocation.proceed(ReflectiveMethodInvocation.java:184) ~[spring-aop-6.1.13.jar:6.1.13]
	at org.springframework.aop.framework.JdkDynamicAopProxy.invoke(JdkDynamicAopProxy.java:223) ~[spring-aop-6.1.13.jar:6.1.13]
	at jdk.proxy2/jdk.proxy2.$Proxy123.findAll(Unknown Source) ~[na:na]
	at pe.edu.upeu.syspasteleriadulcesitofx.servicio.ProductoService.listAutoCompletProducto(ProductoService.java:53) ~[classes/:na]
	at pe.edu.upeu.syspasteleriadulcesitofx.control.ProdAutoCompControl.listarProducto(ProdAutoCompControl.java:57) ~[classes/:na]
	at pe.edu.upeu.syspasteleriadulcesitofx.control.ProdAutoCompControl.initialize(ProdAutoCompControl.java:43) ~[classes/:na]
	at java.base/jdk.internal.reflect.DirectMethodHandleAccessor.invoke(DirectMethodHandleAccessor.java:103) ~[na:na]
	at java.base/java.lang.reflect.Method.invoke(Method.java:580) ~[na:na]
	at com.sun.javafx.reflect.Trampoline.invoke(MethodUtil.java:76) ~[javafx-base-16-win.jar:na]
	at java.base/jdk.internal.reflect.DirectMethodHandleAccessor.invoke(DirectMethodHandleAccessor.java:103) ~[na:na]
	at java.base/java.lang.reflect.Method.invoke(Method.java:580) ~[na:na]
	at com.sun.javafx.reflect.MethodUtil.invoke(MethodUtil.java:273) ~[javafx-base-16-win.jar:na]
	at com.sun.javafx.fxml.MethodHelper.invoke(MethodHelper.java:83) ~[javafx-fxml-16-win.jar:na]
	at javafx.fxml.FXMLLoader.loadImpl(FXMLLoader.java:2673) ~[javafx-fxml-16-win.jar:na]
	at javafx.fxml.FXMLLoader.loadImpl(FXMLLoader.java:2548) ~[javafx-fxml-16-win.jar:na]
	at javafx.fxml.FXMLLoader.load(FXMLLoader.java:2517) ~[javafx-fxml-16-win.jar:na]
	at pe.edu.upeu.syspasteleriadulcesitofx.control.GUIMainFX$MenuItemListener.handle(GUIMainFX.java:141) ~[classes/:na]
	at com.sun.javafx.event.CompositeEventHandler.dispatchBubblingEvent(CompositeEventHandler.java:86) ~[javafx-base-16-win.jar:na]
	at com.sun.javafx.event.EventHandlerManager.dispatchBubblingEvent(EventHandlerManager.java:234) ~[javafx-base-16-win.jar:na]
	at com.sun.javafx.event.EventHandlerManager.dispatchBubblingEvent(EventHandlerManager.java:191) ~[javafx-base-16-win.jar:na]
	at com.sun.javafx.event.BasicEventDispatcher.dispatchEvent(BasicEventDispatcher.java:58) ~[javafx-base-16-win.jar:na]
	at com.sun.javafx.event.EventDispatchChainImpl.dispatchEvent(EventDispatchChainImpl.java:114) ~[javafx-base-16-win.jar:na]
	at com.sun.javafx.event.EventUtil.fireEventImpl(EventUtil.java:74) ~[javafx-base-16-win.jar:na]
	at com.sun.javafx.event.EventUtil.fireEvent(EventUtil.java:49) ~[javafx-base-16-win.jar:na]
	at javafx.event.Event.fireEvent(Event.java:198) ~[javafx-base-16-win.jar:na]
	at javafx.scene.control.MenuItem.fire(MenuItem.java:459) ~[javafx-controls-16-win.jar:na]
	at com.sun.javafx.scene.control.ContextMenuContent$MenuItemContainer.doSelect(ContextMenuContent.java:1385) ~[javafx-controls-16-win.jar:na]
	at com.sun.javafx.scene.control.ContextMenuContent$MenuItemContainer.lambda$createChildren$12(ContextMenuContent.java:1338) ~[javafx-controls-16-win.jar:na]
	at com.sun.javafx.event.CompositeEventHandler$NormalEventHandlerRecord.handleBubblingEvent(CompositeEventHandler.java:247) ~[javafx-base-16-win.jar:na]
	at com.sun.javafx.event.CompositeEventHandler.dispatchBubblingEvent(CompositeEventHandler.java:80) ~[javafx-base-16-win.jar:na]
	at com.sun.javafx.event.EventHandlerManager.dispatchBubblingEvent(EventHandlerManager.java:234) ~[javafx-base-16-win.jar:na]
	at com.sun.javafx.event.EventHandlerManager.dispatchBubblingEvent(EventHandlerManager.java:191) ~[javafx-base-16-win.jar:na]
	at com.sun.javafx.event.CompositeEventDispatcher.dispatchBubblingEvent(CompositeEventDispatcher.java:59) ~[javafx-base-16-win.jar:na]
	at com.sun.javafx.event.BasicEventDispatcher.dispatchEvent(BasicEventDispatcher.java:58) ~[javafx-base-16-win.jar:na]
	at com.sun.javafx.event.EventDispatchChainImpl.dispatchEvent(EventDispatchChainImpl.java:114) ~[javafx-base-16-win.jar:na]
	at com.sun.javafx.event.BasicEventDispatcher.dispatchEvent(BasicEventDispatcher.java:56) ~[javafx-base-16-win.jar:na]
	at com.sun.javafx.event.EventDispatchChainImpl.dispatchEvent(EventDispatchChainImpl.java:114) ~[javafx-base-16-win.jar:na]
	at com.sun.javafx.event.BasicEventDispatcher.dispatchEvent(BasicEventDispatcher.java:56) ~[javafx-base-16-win.jar:na]
	at com.sun.javafx.event.EventDispatchChainImpl.dispatchEvent(EventDispatchChainImpl.java:114) ~[javafx-base-16-win.jar:na]
	at com.sun.javafx.event.BasicEventDispatcher.dispatchEvent(BasicEventDispatcher.java:56) ~[javafx-base-16-win.jar:na]
	at com.sun.javafx.event.EventDispatchChainImpl.dispatchEvent(EventDispatchChainImpl.java:114) ~[javafx-base-16-win.jar:na]
	at com.sun.javafx.event.EventUtil.fireEventImpl(EventUtil.java:74) ~[javafx-base-16-win.jar:na]
	at com.sun.javafx.event.EventUtil.fireEvent(EventUtil.java:54) ~[javafx-base-16-win.jar:na]
	at javafx.event.Event.fireEvent(Event.java:198) ~[javafx-base-16-win.jar:na]
	at javafx.scene.Scene$MouseHandler.process(Scene.java:3856) ~[javafx-graphics-16-win.jar:na]
	at javafx.scene.Scene.processMouseEvent(Scene.java:1851) ~[javafx-graphics-16-win.jar:na]
	at javafx.scene.Scene$ScenePeerListener.mouseEvent(Scene.java:2584) ~[javafx-graphics-16-win.jar:na]
	at com.sun.javafx.tk.quantum.GlassViewEventHandler$MouseEventNotification.run(GlassViewEventHandler.java:409) ~[javafx-graphics-16-win.jar:na]
	at com.sun.javafx.tk.quantum.GlassViewEventHandler$MouseEventNotification.run(GlassViewEventHandler.java:299) ~[javafx-graphics-16-win.jar:na]
	at java.base/java.security.AccessController.doPrivileged(AccessController.java:400) ~[na:na]
	at com.sun.javafx.tk.quantum.GlassViewEventHandler.lambda$handleMouseEvent$2(GlassViewEventHandler.java:447) ~[javafx-graphics-16-win.jar:na]
	at com.sun.javafx.tk.quantum.QuantumToolkit.runWithoutRenderLock(QuantumToolkit.java:412) ~[javafx-graphics-16-win.jar:na]
	at com.sun.javafx.tk.quantum.GlassViewEventHandler.handleMouseEvent(GlassViewEventHandler.java:446) ~[javafx-graphics-16-win.jar:na]
	at com.sun.glass.ui.View.handleMouseEvent(View.java:556) ~[javafx-graphics-16-win.jar:na]
	at com.sun.glass.ui.View.notifyMouse(View.java:942) ~[javafx-graphics-16-win.jar:na]
	at com.sun.glass.ui.win.WinApplication._runLoop(Native Method) ~[javafx-graphics-16-win.jar:na]
	at com.sun.glass.ui.win.WinApplication.lambda$runLoop$3(WinApplication.java:174) ~[javafx-graphics-16-win.jar:na]
	at java.base/java.lang.Thread.run(Thread.java:1570) ~[na:na]
Caused by: jakarta.persistence.EntityNotFoundException: Unable to find pe.edu.upeu.syspasteleriadulcesitofx.modelo.UnidadMedida with id 4
	at org.hibernate.jpa.boot.internal.EntityManagerFactoryBuilderImpl$JpaEntityNotFoundDelegate.handleEntityNotFound(EntityManagerFactoryBuilderImpl.java:190) ~[hibernate-core-6.5.3.Final.jar:6.5.3.Final]
	at org.hibernate.event.internal.DefaultLoadEventListener.load(DefaultLoadEventListener.java:212) ~[hibernate-core-6.5.3.Final.jar:6.5.3.Final]
	at org.hibernate.event.internal.DefaultLoadEventListener.loadWithRegularProxy(DefaultLoadEventListener.java:290) ~[hibernate-core-6.5.3.Final.jar:6.5.3.Final]
	at org.hibernate.event.internal.DefaultLoadEventListener.proxyOrLoad(DefaultLoadEventListener.java:242) ~[hibernate-core-6.5.3.Final.jar:6.5.3.Final]
	at org.hibernate.event.internal.DefaultLoadEventListener.doOnLoad(DefaultLoadEventListener.java:111) ~[hibernate-core-6.5.3.Final.jar:6.5.3.Final]
	at org.hibernate.event.internal.DefaultLoadEventListener.onLoad(DefaultLoadEventListener.java:68) ~[hibernate-core-6.5.3.Final.jar:6.5.3.Final]
	at org.hibernate.event.service.internal.EventListenerGroupImpl.fireEventOnEachListener(EventListenerGroupImpl.java:138) ~[hibernate-core-6.5.3.Final.jar:6.5.3.Final]
	at org.hibernate.internal.SessionImpl.fireLoadNoChecks(SessionImpl.java:1225) ~[hibernate-core-6.5.3.Final.jar:6.5.3.Final]
	at org.hibernate.internal.SessionImpl.internalLoad(SessionImpl.java:1071) ~[hibernate-core-6.5.3.Final.jar:6.5.3.Final]
	at org.hibernate.sql.results.graph.entity.internal.EntitySelectFetchInitializer.initializeInstance(EntitySelectFetchInitializer.java:215) ~[hibernate-core-6.5.3.Final.jar:6.5.3.Final]
	at org.hibernate.sql.results.internal.InitializersList.initializeInstance(InitializersList.java:73) ~[hibernate-core-6.5.3.Final.jar:6.5.3.Final]
	at org.hibernate.sql.results.internal.StandardRowReader.coordinateInitializers(StandardRowReader.java:113) ~[hibernate-core-6.5.3.Final.jar:6.5.3.Final]
	at org.hibernate.sql.results.internal.StandardRowReader.readRow(StandardRowReader.java:87) ~[hibernate-core-6.5.3.Final.jar:6.5.3.Final]
	at org.hibernate.sql.results.spi.ListResultsConsumer.consume(ListResultsConsumer.java:205) ~[hibernate-core-6.5.3.Final.jar:6.5.3.Final]
	at org.hibernate.sql.results.spi.ListResultsConsumer.consume(ListResultsConsumer.java:33) ~[hibernate-core-6.5.3.Final.jar:6.5.3.Final]
	at org.hibernate.sql.exec.internal.JdbcSelectExecutorStandardImpl.doExecuteQuery(JdbcSelectExecutorStandardImpl.java:211) ~[hibernate-core-6.5.3.Final.jar:6.5.3.Final]
	at org.hibernate.sql.exec.internal.JdbcSelectExecutorStandardImpl.executeQuery(JdbcSelectExecutorStandardImpl.java:83) ~[hibernate-core-6.5.3.Final.jar:6.5.3.Final]
	at org.hibernate.sql.exec.spi.JdbcSelectExecutor.list(JdbcSelectExecutor.java:76) ~[hibernate-core-6.5.3.Final.jar:6.5.3.Final]
	at org.hibernate.sql.exec.spi.JdbcSelectExecutor.list(JdbcSelectExecutor.java:65) ~[hibernate-core-6.5.3.Final.jar:6.5.3.Final]
	at org.hibernate.query.sqm.internal.ConcreteSqmSelectQueryPlan.lambda$new$2(ConcreteSqmSelectQueryPlan.java:139) ~[hibernate-core-6.5.3.Final.jar:6.5.3.Final]
	at org.hibernate.query.sqm.internal.ConcreteSqmSelectQueryPlan.withCacheableSqmInterpretation(ConcreteSqmSelectQueryPlan.java:382) ~[hibernate-core-6.5.3.Final.jar:6.5.3.Final]
	at org.hibernate.query.sqm.internal.ConcreteSqmSelectQueryPlan.performList(ConcreteSqmSelectQueryPlan.java:302) ~[hibernate-core-6.5.3.Final.jar:6.5.3.Final]
	at org.hibernate.query.sqm.internal.QuerySqmImpl.doList(QuerySqmImpl.java:526) ~[hibernate-core-6.5.3.Final.jar:6.5.3.Final]
	at org.hibernate.query.spi.AbstractSelectionQuery.list(AbstractSelectionQuery.java:423) ~[hibernate-core-6.5.3.Final.jar:6.5.3.Final]
	at org.hibernate.query.Query.getResultList(Query.java:120) ~[hibernate-core-6.5.3.Final.jar:6.5.3.Final]
	at org.springframework.data.jpa.repository.support.SimpleJpaRepository.findAll(SimpleJpaRepository.java:387) ~[spring-data-jpa-3.3.4.jar:3.3.4]
	at java.base/jdk.internal.reflect.DirectMethodHandleAccessor.invoke(DirectMethodHandleAccessor.java:103) ~[na:na]
	at java.base/java.lang.reflect.Method.invoke(Method.java:580) ~[na:na]
	at org.springframework.aop.support.AopUtils.invokeJoinpointUsingReflection(AopUtils.java:355) ~[spring-aop-6.1.13.jar:6.1.13]
	at org.springframework.data.repository.core.support.RepositoryMethodInvoker$RepositoryFragmentMethodInvoker.lambda$new$0(RepositoryMethodInvoker.java:277) ~[spring-data-commons-3.3.4.jar:3.3.4]
	at org.springframework.data.repository.core.support.RepositoryMethodInvoker.doInvoke(RepositoryMethodInvoker.java:170) ~[spring-data-commons-3.3.4.jar:3.3.4]
	at org.springframework.data.repository.core.support.RepositoryMethodInvoker.invoke(RepositoryMethodInvoker.java:158) ~[spring-data-commons-3.3.4.jar:3.3.4]
	at org.springframework.data.repository.core.support.RepositoryComposition$RepositoryFragments.invoke(RepositoryComposition.java:516) ~[spring-data-commons-3.3.4.jar:3.3.4]
	at org.springframework.data.repository.core.support.RepositoryComposition.invoke(RepositoryComposition.java:285) ~[spring-data-commons-3.3.4.jar:3.3.4]
	at org.springframework.data.repository.core.support.RepositoryFactorySupport$ImplementationMethodExecutionInterceptor.invoke(RepositoryFactorySupport.java:628) ~[spring-data-commons-3.3.4.jar:3.3.4]
	at org.springframework.aop.framework.ReflectiveMethodInvocation.proceed(ReflectiveMethodInvocation.java:184) ~[spring-aop-6.1.13.jar:6.1.13]
	at org.springframework.data.repository.core.support.QueryExecutorMethodInterceptor.doInvoke(QueryExecutorMethodInterceptor.java:173) ~[spring-data-commons-3.3.4.jar:3.3.4]
	at org.springframework.data.repository.core.support.QueryExecutorMethodInterceptor.invoke(QueryExecutorMethodInterceptor.java:148) ~[spring-data-commons-3.3.4.jar:3.3.4]
	at org.springframework.aop.framework.ReflectiveMethodInvocation.proceed(ReflectiveMethodInvocation.java:184) ~[spring-aop-6.1.13.jar:6.1.13]
	at org.springframework.data.projection.DefaultMethodInvokingMethodInterceptor.invoke(DefaultMethodInvokingMethodInterceptor.java:70) ~[spring-data-commons-3.3.4.jar:3.3.4]
	at org.springframework.aop.framework.ReflectiveMethodInvocation.proceed(ReflectiveMethodInvocation.java:184) ~[spring-aop-6.1.13.jar:6.1.13]
	at org.springframework.transaction.interceptor.TransactionAspectSupport.invokeWithinTransaction(TransactionAspectSupport.java:379) ~[spring-tx-6.1.13.jar:6.1.13]
	at org.springframework.transaction.interceptor.TransactionInterceptor.invoke(TransactionInterceptor.java:119) ~[spring-tx-6.1.13.jar:6.1.13]
	at org.springframework.aop.framework.ReflectiveMethodInvocation.proceed(ReflectiveMethodInvocation.java:184) ~[spring-aop-6.1.13.jar:6.1.13]
	at org.springframework.dao.support.PersistenceExceptionTranslationInterceptor.invoke(PersistenceExceptionTranslationInterceptor.java:138) ~[spring-tx-6.1.13.jar:6.1.13]
	... 62 common frames omitted

2024-11-05T10:05:01.279-05:00  INFO 4700 --- [SysPasteleriaDulcesitoFx] [JavaFX Application Thread] j.LocalContainerEntityManagerFactoryBean : Closing JPA EntityManagerFactory for persistence unit 'default'
2024-11-05T10:05:01.280-05:00  INFO 4700 --- [SysPasteleriaDulcesitoFx] [JavaFX Application Thread] com.zaxxer.hikari.HikariDataSource       : HikariPool-1 - Shutdown initiated...
2024-11-05T10:05:01.282-05:00  INFO 4700 --- [SysPasteleriaDulcesitoFx] [JavaFX Application Thread] com.zaxxer.hikari.HikariDataSource       : HikariPool-1 - Shutdown completed.
2024-11-05T10:05:30.443-05:00  INFO 4220 --- [SysPasteleriaDulcesitoFx] [JavaFX-Launcher] o.s.boot.SpringApplication               : Starting application using Java 22.0.2 with PID 4220 (started by Datos in D:\ce nosostros }\EVALUACION-U2-main\EVALUACION-U2-main\SysPasteleriaDulcesitoFx)
2024-11-05T10:05:30.446-05:00  INFO 4220 --- [SysPasteleriaDulcesitoFx] [JavaFX-Launcher] o.s.boot.SpringApplication               : No active profile set, falling back to 1 default profile: "default"
2024-11-05T10:05:30.900-05:00  INFO 4220 --- [SysPasteleriaDulcesitoFx] [JavaFX-Launcher] .s.d.r.c.RepositoryConfigurationDelegate : Bootstrapping Spring Data JPA repositories in DEFAULT mode.
2024-11-05T10:05:30.959-05:00  INFO 4220 --- [SysPasteleriaDulcesitoFx] [JavaFX-Launcher] .s.d.r.c.RepositoryConfigurationDelegate : Finished Spring Data repository scanning in 55 ms. Found 15 JPA repository interfaces.
2024-11-05T10:05:31.267-05:00  INFO 4220 --- [SysPasteleriaDulcesitoFx] [JavaFX-Launcher] o.hibernate.jpa.internal.util.LogHelper  : HHH000204: Processing PersistenceUnitInfo [name: default]
2024-11-05T10:05:31.296-05:00  INFO 4220 --- [SysPasteleriaDulcesitoFx] [JavaFX-Launcher] org.hibernate.Version                    : HHH000412: Hibernate ORM core version 6.5.3.Final
2024-11-05T10:05:31.314-05:00  INFO 4220 --- [SysPasteleriaDulcesitoFx] [JavaFX-Launcher] o.h.c.internal.RegionFactoryInitiator    : HHH000026: Second-level cache disabled
2024-11-05T10:05:31.478-05:00  INFO 4220 --- [SysPasteleriaDulcesitoFx] [JavaFX-Launcher] o.s.o.j.p.SpringPersistenceUnitInfo      : No LoadTimeWeaver setup: ignoring JPA class transformer
2024-11-05T10:05:31.500-05:00  INFO 4220 --- [SysPasteleriaDulcesitoFx] [JavaFX-Launcher] com.zaxxer.hikari.HikariDataSource       : HikariPool-1 - Starting...
2024-11-05T10:05:31.622-05:00  INFO 4220 --- [SysPasteleriaDulcesitoFx] [JavaFX-Launcher] com.zaxxer.hikari.pool.HikariPool        : HikariPool-1 - Added connection org.sqlite.jdbc4.JDBC4Connection@16cc37a5
2024-11-05T10:05:31.623-05:00  INFO 4220 --- [SysPasteleriaDulcesitoFx] [JavaFX-Launcher] com.zaxxer.hikari.HikariDataSource       : HikariPool-1 - Start completed.
2024-11-05T10:05:32.355-05:00  INFO 4220 --- [SysPasteleriaDulcesitoFx] [JavaFX-Launcher] o.h.e.t.j.p.i.JtaPlatformInitiator       : HHH000489: No JTA platform available (set 'hibernate.transaction.jta.platform' to enable JTA platform integration)
2024-11-05T10:05:32.378-05:00  INFO 4220 --- [SysPasteleriaDulcesitoFx] [JavaFX-Launcher] j.LocalContainerEntityManagerFactoryBean : Initialized JPA EntityManagerFactory for persistence unit 'default'
2024-11-05T10:05:32.616-05:00  INFO 4220 --- [SysPasteleriaDulcesitoFx] [JavaFX-Launcher] o.s.d.j.r.query.QueryEnhancerFactory     : Hibernate is in classpath; If applicable, HQL parser will be used.
2024-11-05T10:05:32.863-05:00  INFO 4220 --- [SysPasteleriaDulcesitoFx] [JavaFX-Launcher] o.s.boot.SpringApplication               : Started application in 2.85 seconds (process running for 3.51)
2024-11-05T10:05:49.044-05:00 ERROR 4220 --- [SysPasteleriaDulcesitoFx] [JavaFX Application Thread] p.e.u.s.servicio.ProductoService         : Error al realizar la busqueda

org.springframework.orm.jpa.JpaObjectRetrievalFailureException: Unable to find pe.edu.upeu.syspasteleriadulcesitofx.modelo.UnidadMedida with id 4
	at org.springframework.orm.jpa.EntityManagerFactoryUtils.convertJpaAccessExceptionIfPossible(EntityManagerFactoryUtils.java:376) ~[spring-orm-6.1.13.jar:6.1.13]
	at org.springframework.orm.jpa.vendor.HibernateJpaDialect.translateExceptionIfPossible(HibernateJpaDialect.java:246) ~[spring-orm-6.1.13.jar:6.1.13]
	at org.springframework.orm.jpa.AbstractEntityManagerFactoryBean.translateExceptionIfPossible(AbstractEntityManagerFactoryBean.java:550) ~[spring-orm-6.1.13.jar:6.1.13]
	at org.springframework.dao.support.ChainedPersistenceExceptionTranslator.translateExceptionIfPossible(ChainedPersistenceExceptionTranslator.java:61) ~[spring-tx-6.1.13.jar:6.1.13]
	at org.springframework.dao.support.DataAccessUtils.translateIfNecessary(DataAccessUtils.java:335) ~[spring-tx-6.1.13.jar:6.1.13]
	at org.springframework.dao.support.PersistenceExceptionTranslationInterceptor.invoke(PersistenceExceptionTranslationInterceptor.java:160) ~[spring-tx-6.1.13.jar:6.1.13]
	at org.springframework.aop.framework.ReflectiveMethodInvocation.proceed(ReflectiveMethodInvocation.java:184) ~[spring-aop-6.1.13.jar:6.1.13]
	at org.springframework.data.jpa.repository.support.CrudMethodMetadataPostProcessor$CrudMethodMetadataPopulatingMethodInterceptor.invoke(CrudMethodMetadataPostProcessor.java:165) ~[spring-data-jpa-3.3.4.jar:3.3.4]
	at org.springframework.aop.framework.ReflectiveMethodInvocation.proceed(ReflectiveMethodInvocation.java:184) ~[spring-aop-6.1.13.jar:6.1.13]
	at org.springframework.aop.interceptor.ExposeInvocationInterceptor.invoke(ExposeInvocationInterceptor.java:97) ~[spring-aop-6.1.13.jar:6.1.13]
	at org.springframework.aop.framework.ReflectiveMethodInvocation.proceed(ReflectiveMethodInvocation.java:184) ~[spring-aop-6.1.13.jar:6.1.13]
	at org.springframework.aop.framework.JdkDynamicAopProxy.invoke(JdkDynamicAopProxy.java:223) ~[spring-aop-6.1.13.jar:6.1.13]
	at jdk.proxy2/jdk.proxy2.$Proxy123.findAll(Unknown Source) ~[na:na]
	at pe.edu.upeu.syspasteleriadulcesitofx.servicio.ProductoService.listAutoCompletProducto(ProductoService.java:53) ~[classes/:na]
	at pe.edu.upeu.syspasteleriadulcesitofx.control.ProdAutoCompControl.listarProducto(ProdAutoCompControl.java:57) ~[classes/:na]
	at pe.edu.upeu.syspasteleriadulcesitofx.control.ProdAutoCompControl.initialize(ProdAutoCompControl.java:43) ~[classes/:na]
	at java.base/jdk.internal.reflect.DirectMethodHandleAccessor.invoke(DirectMethodHandleAccessor.java:103) ~[na:na]
	at java.base/java.lang.reflect.Method.invoke(Method.java:580) ~[na:na]
	at com.sun.javafx.reflect.Trampoline.invoke(MethodUtil.java:76) ~[javafx-base-16-win.jar:na]
	at java.base/jdk.internal.reflect.DirectMethodHandleAccessor.invoke(DirectMethodHandleAccessor.java:103) ~[na:na]
	at java.base/java.lang.reflect.Method.invoke(Method.java:580) ~[na:na]
	at com.sun.javafx.reflect.MethodUtil.invoke(MethodUtil.java:273) ~[javafx-base-16-win.jar:na]
	at com.sun.javafx.fxml.MethodHelper.invoke(MethodHelper.java:83) ~[javafx-fxml-16-win.jar:na]
	at javafx.fxml.FXMLLoader.loadImpl(FXMLLoader.java:2673) ~[javafx-fxml-16-win.jar:na]
	at javafx.fxml.FXMLLoader.loadImpl(FXMLLoader.java:2548) ~[javafx-fxml-16-win.jar:na]
	at javafx.fxml.FXMLLoader.load(FXMLLoader.java:2517) ~[javafx-fxml-16-win.jar:na]
	at pe.edu.upeu.syspasteleriadulcesitofx.control.GUIMainFX$MenuItemListener.handle(GUIMainFX.java:141) ~[classes/:na]
	at com.sun.javafx.event.CompositeEventHandler.dispatchBubblingEvent(CompositeEventHandler.java:86) ~[javafx-base-16-win.jar:na]
	at com.sun.javafx.event.EventHandlerManager.dispatchBubblingEvent(EventHandlerManager.java:234) ~[javafx-base-16-win.jar:na]
	at com.sun.javafx.event.EventHandlerManager.dispatchBubblingEvent(EventHandlerManager.java:191) ~[javafx-base-16-win.jar:na]
	at com.sun.javafx.event.BasicEventDispatcher.dispatchEvent(BasicEventDispatcher.java:58) ~[javafx-base-16-win.jar:na]
	at com.sun.javafx.event.EventDispatchChainImpl.dispatchEvent(EventDispatchChainImpl.java:114) ~[javafx-base-16-win.jar:na]
	at com.sun.javafx.event.EventUtil.fireEventImpl(EventUtil.java:74) ~[javafx-base-16-win.jar:na]
	at com.sun.javafx.event.EventUtil.fireEvent(EventUtil.java:49) ~[javafx-base-16-win.jar:na]
	at javafx.event.Event.fireEvent(Event.java:198) ~[javafx-base-16-win.jar:na]
	at javafx.scene.control.MenuItem.fire(MenuItem.java:459) ~[javafx-controls-16-win.jar:na]
	at com.sun.javafx.scene.control.ContextMenuContent$MenuItemContainer.doSelect(ContextMenuContent.java:1385) ~[javafx-controls-16-win.jar:na]
	at com.sun.javafx.scene.control.ContextMenuContent$MenuItemContainer.lambda$createChildren$12(ContextMenuContent.java:1338) ~[javafx-controls-16-win.jar:na]
	at com.sun.javafx.event.CompositeEventHandler$NormalEventHandlerRecord.handleBubblingEvent(CompositeEventHandler.java:247) ~[javafx-base-16-win.jar:na]
	at com.sun.javafx.event.CompositeEventHandler.dispatchBubblingEvent(CompositeEventHandler.java:80) ~[javafx-base-16-win.jar:na]
	at com.sun.javafx.event.EventHandlerManager.dispatchBubblingEvent(EventHandlerManager.java:234) ~[javafx-base-16-win.jar:na]
	at com.sun.javafx.event.EventHandlerManager.dispatchBubblingEvent(EventHandlerManager.java:191) ~[javafx-base-16-win.jar:na]
	at com.sun.javafx.event.CompositeEventDispatcher.dispatchBubblingEvent(CompositeEventDispatcher.java:59) ~[javafx-base-16-win.jar:na]
	at com.sun.javafx.event.BasicEventDispatcher.dispatchEvent(BasicEventDispatcher.java:58) ~[javafx-base-16-win.jar:na]
	at com.sun.javafx.event.EventDispatchChainImpl.dispatchEvent(EventDispatchChainImpl.java:114) ~[javafx-base-16-win.jar:na]
	at com.sun.javafx.event.BasicEventDispatcher.dispatchEvent(BasicEventDispatcher.java:56) ~[javafx-base-16-win.jar:na]
	at com.sun.javafx.event.EventDispatchChainImpl.dispatchEvent(EventDispatchChainImpl.java:114) ~[javafx-base-16-win.jar:na]
	at com.sun.javafx.event.BasicEventDispatcher.dispatchEvent(BasicEventDispatcher.java:56) ~[javafx-base-16-win.jar:na]
	at com.sun.javafx.event.EventDispatchChainImpl.dispatchEvent(EventDispatchChainImpl.java:114) ~[javafx-base-16-win.jar:na]
	at com.sun.javafx.event.BasicEventDispatcher.dispatchEvent(BasicEventDispatcher.java:56) ~[javafx-base-16-win.jar:na]
	at com.sun.javafx.event.EventDispatchChainImpl.dispatchEvent(EventDispatchChainImpl.java:114) ~[javafx-base-16-win.jar:na]
	at com.sun.javafx.event.EventUtil.fireEventImpl(EventUtil.java:74) ~[javafx-base-16-win.jar:na]
	at com.sun.javafx.event.EventUtil.fireEvent(EventUtil.java:54) ~[javafx-base-16-win.jar:na]
	at javafx.event.Event.fireEvent(Event.java:198) ~[javafx-base-16-win.jar:na]
	at javafx.scene.Scene$MouseHandler.process(Scene.java:3856) ~[javafx-graphics-16-win.jar:na]
	at javafx.scene.Scene.processMouseEvent(Scene.java:1851) ~[javafx-graphics-16-win.jar:na]
	at javafx.scene.Scene$ScenePeerListener.mouseEvent(Scene.java:2584) ~[javafx-graphics-16-win.jar:na]
	at com.sun.javafx.tk.quantum.GlassViewEventHandler$MouseEventNotification.run(GlassViewEventHandler.java:409) ~[javafx-graphics-16-win.jar:na]
	at com.sun.javafx.tk.quantum.GlassViewEventHandler$MouseEventNotification.run(GlassViewEventHandler.java:299) ~[javafx-graphics-16-win.jar:na]
	at java.base/java.security.AccessController.doPrivileged(AccessController.java:400) ~[na:na]
	at com.sun.javafx.tk.quantum.GlassViewEventHandler.lambda$handleMouseEvent$2(GlassViewEventHandler.java:447) ~[javafx-graphics-16-win.jar:na]
	at com.sun.javafx.tk.quantum.QuantumToolkit.runWithoutRenderLock(QuantumToolkit.java:412) ~[javafx-graphics-16-win.jar:na]
	at com.sun.javafx.tk.quantum.GlassViewEventHandler.handleMouseEvent(GlassViewEventHandler.java:446) ~[javafx-graphics-16-win.jar:na]
	at com.sun.glass.ui.View.handleMouseEvent(View.java:556) ~[javafx-graphics-16-win.jar:na]
	at com.sun.glass.ui.View.notifyMouse(View.java:942) ~[javafx-graphics-16-win.jar:na]
	at com.sun.glass.ui.win.WinApplication._runLoop(Native Method) ~[javafx-graphics-16-win.jar:na]
	at com.sun.glass.ui.win.WinApplication.lambda$runLoop$3(WinApplication.java:174) ~[javafx-graphics-16-win.jar:na]
	at java.base/java.lang.Thread.run(Thread.java:1570) ~[na:na]
Caused by: jakarta.persistence.EntityNotFoundException: Unable to find pe.edu.upeu.syspasteleriadulcesitofx.modelo.UnidadMedida with id 4
	at org.hibernate.jpa.boot.internal.EntityManagerFactoryBuilderImpl$JpaEntityNotFoundDelegate.handleEntityNotFound(EntityManagerFactoryBuilderImpl.java:190) ~[hibernate-core-6.5.3.Final.jar:6.5.3.Final]
	at org.hibernate.event.internal.DefaultLoadEventListener.load(DefaultLoadEventListener.java:212) ~[hibernate-core-6.5.3.Final.jar:6.5.3.Final]
	at org.hibernate.event.internal.DefaultLoadEventListener.loadWithRegularProxy(DefaultLoadEventListener.java:290) ~[hibernate-core-6.5.3.Final.jar:6.5.3.Final]
	at org.hibernate.event.internal.DefaultLoadEventListener.proxyOrLoad(DefaultLoadEventListener.java:242) ~[hibernate-core-6.5.3.Final.jar:6.5.3.Final]
	at org.hibernate.event.internal.DefaultLoadEventListener.doOnLoad(DefaultLoadEventListener.java:111) ~[hibernate-core-6.5.3.Final.jar:6.5.3.Final]
	at org.hibernate.event.internal.DefaultLoadEventListener.onLoad(DefaultLoadEventListener.java:68) ~[hibernate-core-6.5.3.Final.jar:6.5.3.Final]
	at org.hibernate.event.service.internal.EventListenerGroupImpl.fireEventOnEachListener(EventListenerGroupImpl.java:138) ~[hibernate-core-6.5.3.Final.jar:6.5.3.Final]
	at org.hibernate.internal.SessionImpl.fireLoadNoChecks(SessionImpl.java:1225) ~[hibernate-core-6.5.3.Final.jar:6.5.3.Final]
	at org.hibernate.internal.SessionImpl.internalLoad(SessionImpl.java:1071) ~[hibernate-core-6.5.3.Final.jar:6.5.3.Final]
	at org.hibernate.sql.results.graph.entity.internal.EntitySelectFetchInitializer.initializeInstance(EntitySelectFetchInitializer.java:215) ~[hibernate-core-6.5.3.Final.jar:6.5.3.Final]
	at org.hibernate.sql.results.internal.InitializersList.initializeInstance(InitializersList.java:73) ~[hibernate-core-6.5.3.Final.jar:6.5.3.Final]
	at org.hibernate.sql.results.internal.StandardRowReader.coordinateInitializers(StandardRowReader.java:113) ~[hibernate-core-6.5.3.Final.jar:6.5.3.Final]
	at org.hibernate.sql.results.internal.StandardRowReader.readRow(StandardRowReader.java:87) ~[hibernate-core-6.5.3.Final.jar:6.5.3.Final]
	at org.hibernate.sql.results.spi.ListResultsConsumer.consume(ListResultsConsumer.java:205) ~[hibernate-core-6.5.3.Final.jar:6.5.3.Final]
	at org.hibernate.sql.results.spi.ListResultsConsumer.consume(ListResultsConsumer.java:33) ~[hibernate-core-6.5.3.Final.jar:6.5.3.Final]
	at org.hibernate.sql.exec.internal.JdbcSelectExecutorStandardImpl.doExecuteQuery(JdbcSelectExecutorStandardImpl.java:211) ~[hibernate-core-6.5.3.Final.jar:6.5.3.Final]
	at org.hibernate.sql.exec.internal.JdbcSelectExecutorStandardImpl.executeQuery(JdbcSelectExecutorStandardImpl.java:83) ~[hibernate-core-6.5.3.Final.jar:6.5.3.Final]
	at org.hibernate.sql.exec.spi.JdbcSelectExecutor.list(JdbcSelectExecutor.java:76) ~[hibernate-core-6.5.3.Final.jar:6.5.3.Final]
	at org.hibernate.sql.exec.spi.JdbcSelectExecutor.list(JdbcSelectExecutor.java:65) ~[hibernate-core-6.5.3.Final.jar:6.5.3.Final]
	at org.hibernate.query.sqm.internal.ConcreteSqmSelectQueryPlan.lambda$new$2(ConcreteSqmSelectQueryPlan.java:139) ~[hibernate-core-6.5.3.Final.jar:6.5.3.Final]
	at org.hibernate.query.sqm.internal.ConcreteSqmSelectQueryPlan.withCacheableSqmInterpretation(ConcreteSqmSelectQueryPlan.java:382) ~[hibernate-core-6.5.3.Final.jar:6.5.3.Final]
	at org.hibernate.query.sqm.internal.ConcreteSqmSelectQueryPlan.performList(ConcreteSqmSelectQueryPlan.java:302) ~[hibernate-core-6.5.3.Final.jar:6.5.3.Final]
	at org.hibernate.query.sqm.internal.QuerySqmImpl.doList(QuerySqmImpl.java:526) ~[hibernate-core-6.5.3.Final.jar:6.5.3.Final]
	at org.hibernate.query.spi.AbstractSelectionQuery.list(AbstractSelectionQuery.java:423) ~[hibernate-core-6.5.3.Final.jar:6.5.3.Final]
	at org.hibernate.query.Query.getResultList(Query.java:120) ~[hibernate-core-6.5.3.Final.jar:6.5.3.Final]
	at org.springframework.data.jpa.repository.support.SimpleJpaRepository.findAll(SimpleJpaRepository.java:387) ~[spring-data-jpa-3.3.4.jar:3.3.4]
	at java.base/jdk.internal.reflect.DirectMethodHandleAccessor.invoke(DirectMethodHandleAccessor.java:103) ~[na:na]
	at java.base/java.lang.reflect.Method.invoke(Method.java:580) ~[na:na]
	at org.springframework.aop.support.AopUtils.invokeJoinpointUsingReflection(AopUtils.java:355) ~[spring-aop-6.1.13.jar:6.1.13]
	at org.springframework.data.repository.core.support.RepositoryMethodInvoker$RepositoryFragmentMethodInvoker.lambda$new$0(RepositoryMethodInvoker.java:277) ~[spring-data-commons-3.3.4.jar:3.3.4]
	at org.springframework.data.repository.core.support.RepositoryMethodInvoker.doInvoke(RepositoryMethodInvoker.java:170) ~[spring-data-commons-3.3.4.jar:3.3.4]
	at org.springframework.data.repository.core.support.RepositoryMethodInvoker.invoke(RepositoryMethodInvoker.java:158) ~[spring-data-commons-3.3.4.jar:3.3.4]
	at org.springframework.data.repository.core.support.RepositoryComposition$RepositoryFragments.invoke(RepositoryComposition.java:516) ~[spring-data-commons-3.3.4.jar:3.3.4]
	at org.springframework.data.repository.core.support.RepositoryComposition.invoke(RepositoryComposition.java:285) ~[spring-data-commons-3.3.4.jar:3.3.4]
	at org.springframework.data.repository.core.support.RepositoryFactorySupport$ImplementationMethodExecutionInterceptor.invoke(RepositoryFactorySupport.java:628) ~[spring-data-commons-3.3.4.jar:3.3.4]
	at org.springframework.aop.framework.ReflectiveMethodInvocation.proceed(ReflectiveMethodInvocation.java:184) ~[spring-aop-6.1.13.jar:6.1.13]
	at org.springframework.data.repository.core.support.QueryExecutorMethodInterceptor.doInvoke(QueryExecutorMethodInterceptor.java:173) ~[spring-data-commons-3.3.4.jar:3.3.4]
	at org.springframework.data.repository.core.support.QueryExecutorMethodInterceptor.invoke(QueryExecutorMethodInterceptor.java:148) ~[spring-data-commons-3.3.4.jar:3.3.4]
	at org.springframework.aop.framework.ReflectiveMethodInvocation.proceed(ReflectiveMethodInvocation.java:184) ~[spring-aop-6.1.13.jar:6.1.13]
	at org.springframework.data.projection.DefaultMethodInvokingMethodInterceptor.invoke(DefaultMethodInvokingMethodInterceptor.java:70) ~[spring-data-commons-3.3.4.jar:3.3.4]
	at org.springframework.aop.framework.ReflectiveMethodInvocation.proceed(ReflectiveMethodInvocation.java:184) ~[spring-aop-6.1.13.jar:6.1.13]
	at org.springframework.transaction.interceptor.TransactionAspectSupport.invokeWithinTransaction(TransactionAspectSupport.java:379) ~[spring-tx-6.1.13.jar:6.1.13]
	at org.springframework.transaction.interceptor.TransactionInterceptor.invoke(TransactionInterceptor.java:119) ~[spring-tx-6.1.13.jar:6.1.13]
	at org.springframework.aop.framework.ReflectiveMethodInvocation.proceed(ReflectiveMethodInvocation.java:184) ~[spring-aop-6.1.13.jar:6.1.13]
	at org.springframework.dao.support.PersistenceExceptionTranslationInterceptor.invoke(PersistenceExceptionTranslationInterceptor.java:138) ~[spring-tx-6.1.13.jar:6.1.13]
	... 62 common frames omitted

2024-11-05T10:05:55.166-05:00  INFO 4220 --- [SysPasteleriaDulcesitoFx] [JavaFX Application Thread] j.LocalContainerEntityManagerFactoryBean : Closing JPA EntityManagerFactory for persistence unit 'default'
2024-11-05T10:05:55.168-05:00  INFO 4220 --- [SysPasteleriaDulcesitoFx] [JavaFX Application Thread] com.zaxxer.hikari.HikariDataSource       : HikariPool-1 - Shutdown initiated...
2024-11-05T10:05:55.170-05:00  INFO 4220 --- [SysPasteleriaDulcesitoFx] [JavaFX Application Thread] com.zaxxer.hikari.HikariDataSource       : HikariPool-1 - Shutdown completed.
2024-11-05T10:06:26.454-05:00  INFO 15116 --- [SysPasteleriaDulcesitoFx] [JavaFX-Launcher] o.s.boot.SpringApplication               : Starting application using Java 22.0.2 with PID 15116 (started by Datos in D:\ce nosostros }\EVALUACION-U2-main\EVALUACION-U2-main\SysPasteleriaDulcesitoFx)
2024-11-05T10:06:26.459-05:00  INFO 15116 --- [SysPasteleriaDulcesitoFx] [JavaFX-Launcher] o.s.boot.SpringApplication               : No active profile set, falling back to 1 default profile: "default"
2024-11-05T10:06:26.857-05:00  INFO 15116 --- [SysPasteleriaDulcesitoFx] [JavaFX-Launcher] .s.d.r.c.RepositoryConfigurationDelegate : Bootstrapping Spring Data JPA repositories in DEFAULT mode.
2024-11-05T10:06:26.909-05:00  INFO 15116 --- [SysPasteleriaDulcesitoFx] [JavaFX-Launcher] .s.d.r.c.RepositoryConfigurationDelegate : Finished Spring Data repository scanning in 47 ms. Found 15 JPA repository interfaces.
2024-11-05T10:06:27.179-05:00  INFO 15116 --- [SysPasteleriaDulcesitoFx] [JavaFX-Launcher] o.hibernate.jpa.internal.util.LogHelper  : HHH000204: Processing PersistenceUnitInfo [name: default]
2024-11-05T10:06:27.208-05:00  INFO 15116 --- [SysPasteleriaDulcesitoFx] [JavaFX-Launcher] org.hibernate.Version                    : HHH000412: Hibernate ORM core version 6.5.3.Final
2024-11-05T10:06:27.222-05:00  INFO 15116 --- [SysPasteleriaDulcesitoFx] [JavaFX-Launcher] o.h.c.internal.RegionFactoryInitiator    : HHH000026: Second-level cache disabled
2024-11-05T10:06:27.365-05:00  INFO 15116 --- [SysPasteleriaDulcesitoFx] [JavaFX-Launcher] o.s.o.j.p.SpringPersistenceUnitInfo      : No LoadTimeWeaver setup: ignoring JPA class transformer
2024-11-05T10:06:27.383-05:00  INFO 15116 --- [SysPasteleriaDulcesitoFx] [JavaFX-Launcher] com.zaxxer.hikari.HikariDataSource       : HikariPool-1 - Starting...
2024-11-05T10:06:27.488-05:00  INFO 15116 --- [SysPasteleriaDulcesitoFx] [JavaFX-Launcher] com.zaxxer.hikari.pool.HikariPool        : HikariPool-1 - Added connection org.sqlite.jdbc4.JDBC4Connection@f198809
2024-11-05T10:06:27.489-05:00  INFO 15116 --- [SysPasteleriaDulcesitoFx] [JavaFX-Launcher] com.zaxxer.hikari.HikariDataSource       : HikariPool-1 - Start completed.
2024-11-05T10:06:28.181-05:00  INFO 15116 --- [SysPasteleriaDulcesitoFx] [JavaFX-Launcher] o.h.e.t.j.p.i.JtaPlatformInitiator       : HHH000489: No JTA platform available (set 'hibernate.transaction.jta.platform' to enable JTA platform integration)
2024-11-05T10:06:28.203-05:00  INFO 15116 --- [SysPasteleriaDulcesitoFx] [JavaFX-Launcher] j.LocalContainerEntityManagerFactoryBean : Initialized JPA EntityManagerFactory for persistence unit 'default'
2024-11-05T10:06:28.400-05:00  INFO 15116 --- [SysPasteleriaDulcesitoFx] [JavaFX-Launcher] o.s.d.j.r.query.QueryEnhancerFactory     : Hibernate is in classpath; If applicable, HQL parser will be used.
2024-11-05T10:06:28.609-05:00  INFO 15116 --- [SysPasteleriaDulcesitoFx] [JavaFX-Launcher] o.s.boot.SpringApplication               : Started application in 2.548 seconds (process running for 2.947)
2024-11-05T10:24:41.604-05:00  INFO 15116 --- [SysPasteleriaDulcesitoFx] [SpringApplicationShutdownHook] j.LocalContainerEntityManagerFactoryBean : Closing JPA EntityManagerFactory for persistence unit 'default'
2024-11-05T10:24:41.606-05:00  INFO 15116 --- [SysPasteleriaDulcesitoFx] [SpringApplicationShutdownHook] com.zaxxer.hikari.HikariDataSource       : HikariPool-1 - Shutdown initiated...
2024-11-05T10:24:41.609-05:00  INFO 15116 --- [SysPasteleriaDulcesitoFx] [SpringApplicationShutdownHook] com.zaxxer.hikari.HikariDataSource       : HikariPool-1 - Shutdown completed.
2024-11-05T10:24:43.402-05:00  INFO 15404 --- [SysPasteleriaDulcesitoFx] [JavaFX-Launcher] o.s.boot.SpringApplication               : Starting application using Java 22.0.2 with PID 15404 (started by Datos in D:\ce nosostros }\EVALUACION-U2-main\EVALUACION-U2-main\SysPasteleriaDulcesitoFx)
2024-11-05T10:24:43.405-05:00  INFO 15404 --- [SysPasteleriaDulcesitoFx] [JavaFX-Launcher] o.s.boot.SpringApplication               : No active profile set, falling back to 1 default profile: "default"
2024-11-05T10:24:43.817-05:00  INFO 15404 --- [SysPasteleriaDulcesitoFx] [JavaFX-Launcher] .s.d.r.c.RepositoryConfigurationDelegate : Bootstrapping Spring Data JPA repositories in DEFAULT mode.
2024-11-05T10:24:43.870-05:00  INFO 15404 --- [SysPasteleriaDulcesitoFx] [JavaFX-Launcher] .s.d.r.c.RepositoryConfigurationDelegate : Finished Spring Data repository scanning in 48 ms. Found 15 JPA repository interfaces.
2024-11-05T10:24:44.158-05:00  INFO 15404 --- [SysPasteleriaDulcesitoFx] [JavaFX-Launcher] o.hibernate.jpa.internal.util.LogHelper  : HHH000204: Processing PersistenceUnitInfo [name: default]
2024-11-05T10:24:44.184-05:00  INFO 15404 --- [SysPasteleriaDulcesitoFx] [JavaFX-Launcher] org.hibernate.Version                    : HHH000412: Hibernate ORM core version 6.5.3.Final
2024-11-05T10:24:44.199-05:00  INFO 15404 --- [SysPasteleriaDulcesitoFx] [JavaFX-Launcher] o.h.c.internal.RegionFactoryInitiator    : HHH000026: Second-level cache disabled
2024-11-05T10:24:44.340-05:00  INFO 15404 --- [SysPasteleriaDulcesitoFx] [JavaFX-Launcher] o.s.o.j.p.SpringPersistenceUnitInfo      : No LoadTimeWeaver setup: ignoring JPA class transformer
2024-11-05T10:24:44.355-05:00  INFO 15404 --- [SysPasteleriaDulcesitoFx] [JavaFX-Launcher] com.zaxxer.hikari.HikariDataSource       : HikariPool-1 - Starting...
2024-11-05T10:24:44.504-05:00  INFO 15404 --- [SysPasteleriaDulcesitoFx] [JavaFX-Launcher] com.zaxxer.hikari.pool.HikariPool        : HikariPool-1 - Added connection org.sqlite.jdbc4.JDBC4Connection@339a0120
2024-11-05T10:24:44.505-05:00  INFO 15404 --- [SysPasteleriaDulcesitoFx] [JavaFX-Launcher] com.zaxxer.hikari.HikariDataSource       : HikariPool-1 - Start completed.
2024-11-05T10:24:45.209-05:00  INFO 15404 --- [SysPasteleriaDulcesitoFx] [JavaFX-Launcher] o.h.e.t.j.p.i.JtaPlatformInitiator       : HHH000489: No JTA platform available (set 'hibernate.transaction.jta.platform' to enable JTA platform integration)
2024-11-05T10:24:45.232-05:00  INFO 15404 --- [SysPasteleriaDulcesitoFx] [JavaFX-Launcher] j.LocalContainerEntityManagerFactoryBean : Initialized JPA EntityManagerFactory for persistence unit 'default'
2024-11-05T10:24:45.403-05:00  INFO 15404 --- [SysPasteleriaDulcesitoFx] [JavaFX-Launcher] o.s.d.j.r.query.QueryEnhancerFactory     : Hibernate is in classpath; If applicable, HQL parser will be used.
2024-11-05T10:24:45.623-05:00  INFO 15404 --- [SysPasteleriaDulcesitoFx] [JavaFX-Launcher] o.s.boot.SpringApplication               : Started application in 2.616 seconds (process running for 3.059)
2024-11-05T10:50:04.640-05:00  INFO 15404 --- [SysPasteleriaDulcesitoFx] [JavaFX Application Thread] j.LocalContainerEntityManagerFactoryBean : Closing JPA EntityManagerFactory for persistence unit 'default'
2024-11-05T10:50:04.642-05:00  INFO 15404 --- [SysPasteleriaDulcesitoFx] [JavaFX Application Thread] com.zaxxer.hikari.HikariDataSource       : HikariPool-1 - Shutdown initiated...
2024-11-05T10:50:04.644-05:00  INFO 15404 --- [SysPasteleriaDulcesitoFx] [JavaFX Application Thread] com.zaxxer.hikari.HikariDataSource       : HikariPool-1 - Shutdown completed.
2024-11-05T10:52:36.931-05:00  INFO 20056 --- [SysPasteleriaDulcesitoFx] [JavaFX-Launcher] o.s.boot.SpringApplication               : Starting application using Java 22.0.2 with PID 20056 (started by Datos in D:\ce nosostros }\EVALUACION-U2-main\EVALUACION-U2-main\SysPasteleriaDulcesitoFx)
2024-11-05T10:52:36.933-05:00  INFO 20056 --- [SysPasteleriaDulcesitoFx] [JavaFX-Launcher] o.s.boot.SpringApplication               : No active profile set, falling back to 1 default profile: "default"
2024-11-05T10:52:37.362-05:00  INFO 20056 --- [SysPasteleriaDulcesitoFx] [JavaFX-Launcher] .s.d.r.c.RepositoryConfigurationDelegate : Bootstrapping Spring Data JPA repositories in DEFAULT mode.
2024-11-05T10:52:37.416-05:00  INFO 20056 --- [SysPasteleriaDulcesitoFx] [JavaFX-Launcher] .s.d.r.c.RepositoryConfigurationDelegate : Finished Spring Data repository scanning in 49 ms. Found 15 JPA repository interfaces.
2024-11-05T10:52:37.708-05:00  INFO 20056 --- [SysPasteleriaDulcesitoFx] [JavaFX-Launcher] o.hibernate.jpa.internal.util.LogHelper  : HHH000204: Processing PersistenceUnitInfo [name: default]
2024-11-05T10:52:37.738-05:00  INFO 20056 --- [SysPasteleriaDulcesitoFx] [JavaFX-Launcher] org.hibernate.Version                    : HHH000412: Hibernate ORM core version 6.5.3.Final
2024-11-05T10:52:37.754-05:00  INFO 20056 --- [SysPasteleriaDulcesitoFx] [JavaFX-Launcher] o.h.c.internal.RegionFactoryInitiator    : HHH000026: Second-level cache disabled
2024-11-05T10:52:37.925-05:00  INFO 20056 --- [SysPasteleriaDulcesitoFx] [JavaFX-Launcher] o.s.o.j.p.SpringPersistenceUnitInfo      : No LoadTimeWeaver setup: ignoring JPA class transformer
2024-11-05T10:52:37.946-05:00  INFO 20056 --- [SysPasteleriaDulcesitoFx] [JavaFX-Launcher] com.zaxxer.hikari.HikariDataSource       : HikariPool-1 - Starting...
2024-11-05T10:52:38.078-05:00  INFO 20056 --- [SysPasteleriaDulcesitoFx] [JavaFX-Launcher] com.zaxxer.hikari.pool.HikariPool        : HikariPool-1 - Added connection org.sqlite.jdbc4.JDBC4Connection@5eded638
2024-11-05T10:52:38.079-05:00  INFO 20056 --- [SysPasteleriaDulcesitoFx] [JavaFX-Launcher] com.zaxxer.hikari.HikariDataSource       : HikariPool-1 - Start completed.
2024-11-05T10:52:38.809-05:00  INFO 20056 --- [SysPasteleriaDulcesitoFx] [JavaFX-Launcher] o.h.e.t.j.p.i.JtaPlatformInitiator       : HHH000489: No JTA platform available (set 'hibernate.transaction.jta.platform' to enable JTA platform integration)
2024-11-05T10:52:38.835-05:00  INFO 20056 --- [SysPasteleriaDulcesitoFx] [JavaFX-Launcher] j.LocalContainerEntityManagerFactoryBean : Initialized JPA EntityManagerFactory for persistence unit 'default'
2024-11-05T10:52:39.026-05:00  INFO 20056 --- [SysPasteleriaDulcesitoFx] [JavaFX-Launcher] o.s.d.j.r.query.QueryEnhancerFactory     : Hibernate is in classpath; If applicable, HQL parser will be used.
2024-11-05T10:52:39.214-05:00  INFO 20056 --- [SysPasteleriaDulcesitoFx] [JavaFX-Launcher] o.s.boot.SpringApplication               : Started application in 2.679 seconds (process running for 3.084)
2024-11-05T10:58:43.746-05:00  INFO 20056 --- [SysPasteleriaDulcesitoFx] [SpringApplicationShutdownHook] j.LocalContainerEntityManagerFactoryBean : Closing JPA EntityManagerFactory for persistence unit 'default'
2024-11-05T10:58:43.748-05:00  INFO 20056 --- [SysPasteleriaDulcesitoFx] [SpringApplicationShutdownHook] com.zaxxer.hikari.HikariDataSource       : HikariPool-1 - Shutdown initiated...
2024-11-05T10:58:43.751-05:00  INFO 20056 --- [SysPasteleriaDulcesitoFx] [SpringApplicationShutdownHook] com.zaxxer.hikari.HikariDataSource       : HikariPool-1 - Shutdown completed.
2024-11-05T10:58:46.414-05:00  INFO 3312 --- [SysPasteleriaDulcesitoFx] [JavaFX-Launcher] o.s.boot.SpringApplication               : Starting application using Java 22.0.2 with PID 3312 (started by Datos in D:\ce nosostros }\EVALUACION-U2-main\EVALUACION-U2-main\SysPasteleriaDulcesitoFx)
2024-11-05T10:58:46.416-05:00  INFO 3312 --- [SysPasteleriaDulcesitoFx] [JavaFX-Launcher] o.s.boot.SpringApplication               : No active profile set, falling back to 1 default profile: "default"
2024-11-05T10:58:46.833-05:00  INFO 3312 --- [SysPasteleriaDulcesitoFx] [JavaFX-Launcher] .s.d.r.c.RepositoryConfigurationDelegate : Bootstrapping Spring Data JPA repositories in DEFAULT mode.
2024-11-05T10:58:46.887-05:00  INFO 3312 --- [SysPasteleriaDulcesitoFx] [JavaFX-Launcher] .s.d.r.c.RepositoryConfigurationDelegate : Finished Spring Data repository scanning in 49 ms. Found 15 JPA repository interfaces.
2024-11-05T10:58:47.179-05:00  INFO 3312 --- [SysPasteleriaDulcesitoFx] [JavaFX-Launcher] o.hibernate.jpa.internal.util.LogHelper  : HHH000204: Processing PersistenceUnitInfo [name: default]
2024-11-05T10:58:47.210-05:00  INFO 3312 --- [SysPasteleriaDulcesitoFx] [JavaFX-Launcher] org.hibernate.Version                    : HHH000412: Hibernate ORM core version 6.5.3.Final
2024-11-05T10:58:47.225-05:00  INFO 3312 --- [SysPasteleriaDulcesitoFx] [JavaFX-Launcher] o.h.c.internal.RegionFactoryInitiator    : HHH000026: Second-level cache disabled
2024-11-05T10:58:47.376-05:00  INFO 3312 --- [SysPasteleriaDulcesitoFx] [JavaFX-Launcher] o.s.o.j.p.SpringPersistenceUnitInfo      : No LoadTimeWeaver setup: ignoring JPA class transformer
2024-11-05T10:58:47.396-05:00  INFO 3312 --- [SysPasteleriaDulcesitoFx] [JavaFX-Launcher] com.zaxxer.hikari.HikariDataSource       : HikariPool-1 - Starting...
2024-11-05T10:58:47.509-05:00  INFO 3312 --- [SysPasteleriaDulcesitoFx] [JavaFX-Launcher] com.zaxxer.hikari.pool.HikariPool        : HikariPool-1 - Added connection org.sqlite.jdbc4.JDBC4Connection@6cba08d8
2024-11-05T10:58:47.510-05:00  INFO 3312 --- [SysPasteleriaDulcesitoFx] [JavaFX-Launcher] com.zaxxer.hikari.HikariDataSource       : HikariPool-1 - Start completed.
2024-11-05T10:58:48.209-05:00  INFO 3312 --- [SysPasteleriaDulcesitoFx] [JavaFX-Launcher] o.h.e.t.j.p.i.JtaPlatformInitiator       : HHH000489: No JTA platform available (set 'hibernate.transaction.jta.platform' to enable JTA platform integration)
2024-11-05T10:58:48.237-05:00  INFO 3312 --- [SysPasteleriaDulcesitoFx] [JavaFX-Launcher] j.LocalContainerEntityManagerFactoryBean : Initialized JPA EntityManagerFactory for persistence unit 'default'
2024-11-05T10:58:48.460-05:00  INFO 3312 --- [SysPasteleriaDulcesitoFx] [JavaFX-Launcher] o.s.d.j.r.query.QueryEnhancerFactory     : Hibernate is in classpath; If applicable, HQL parser will be used.
2024-11-05T10:58:48.672-05:00  INFO 3312 --- [SysPasteleriaDulcesitoFx] [JavaFX-Launcher] o.s.boot.SpringApplication               : Started application in 2.657 seconds (process running for 3.055)
2024-11-05T11:06:13.354-05:00  INFO 3312 --- [SysPasteleriaDulcesitoFx] [JavaFX Application Thread] j.LocalContainerEntityManagerFactoryBean : Closing JPA EntityManagerFactory for persistence unit 'default'
2024-11-05T11:06:13.354-05:00  INFO 3312 --- [SysPasteleriaDulcesitoFx] [JavaFX Application Thread] com.zaxxer.hikari.HikariDataSource       : HikariPool-1 - Shutdown initiated...
2024-11-05T11:06:13.364-05:00  INFO 3312 --- [SysPasteleriaDulcesitoFx] [JavaFX Application Thread] com.zaxxer.hikari.HikariDataSource       : HikariPool-1 - Shutdown completed.
2024-11-05T11:07:20.983-05:00  INFO 1624 --- [SysPasteleriaDulcesitoFx] [JavaFX-Launcher] o.s.boot.SpringApplication               : Starting application using Java 22.0.2 with PID 1624 (started by Datos in D:\ce nosostros }\EVALUACION-U2-main\EVALUACION-U2-main\SysPasteleriaDulcesitoFx)
2024-11-05T11:07:20.985-05:00  INFO 1624 --- [SysPasteleriaDulcesitoFx] [JavaFX-Launcher] o.s.boot.SpringApplication               : No active profile set, falling back to 1 default profile: "default"
2024-11-05T11:07:21.451-05:00  INFO 1624 --- [SysPasteleriaDulcesitoFx] [JavaFX-Launcher] .s.d.r.c.RepositoryConfigurationDelegate : Bootstrapping Spring Data JPA repositories in DEFAULT mode.
2024-11-05T11:07:21.505-05:00  INFO 1624 --- [SysPasteleriaDulcesitoFx] [JavaFX-Launcher] .s.d.r.c.RepositoryConfigurationDelegate : Finished Spring Data repository scanning in 48 ms. Found 15 JPA repository interfaces.
2024-11-05T11:07:21.806-05:00  INFO 1624 --- [SysPasteleriaDulcesitoFx] [JavaFX-Launcher] o.hibernate.jpa.internal.util.LogHelper  : HHH000204: Processing PersistenceUnitInfo [name: default]
2024-11-05T11:07:21.834-05:00  INFO 1624 --- [SysPasteleriaDulcesitoFx] [JavaFX-Launcher] org.hibernate.Version                    : HHH000412: Hibernate ORM core version 6.5.3.Final
2024-11-05T11:07:21.849-05:00  INFO 1624 --- [SysPasteleriaDulcesitoFx] [JavaFX-Launcher] o.h.c.internal.RegionFactoryInitiator    : HHH000026: Second-level cache disabled
2024-11-05T11:07:21.994-05:00  INFO 1624 --- [SysPasteleriaDulcesitoFx] [JavaFX-Launcher] o.s.o.j.p.SpringPersistenceUnitInfo      : No LoadTimeWeaver setup: ignoring JPA class transformer
2024-11-05T11:07:22.008-05:00  INFO 1624 --- [SysPasteleriaDulcesitoFx] [JavaFX-Launcher] com.zaxxer.hikari.HikariDataSource       : HikariPool-1 - Starting...
2024-11-05T11:07:22.134-05:00  INFO 1624 --- [SysPasteleriaDulcesitoFx] [JavaFX-Launcher] com.zaxxer.hikari.pool.HikariPool        : HikariPool-1 - Added connection org.sqlite.jdbc4.JDBC4Connection@62fb90fa
2024-11-05T11:07:22.135-05:00  INFO 1624 --- [SysPasteleriaDulcesitoFx] [JavaFX-Launcher] com.zaxxer.hikari.HikariDataSource       : HikariPool-1 - Start completed.
2024-11-05T11:07:22.862-05:00  INFO 1624 --- [SysPasteleriaDulcesitoFx] [JavaFX-Launcher] o.h.e.t.j.p.i.JtaPlatformInitiator       : HHH000489: No JTA platform available (set 'hibernate.transaction.jta.platform' to enable JTA platform integration)
2024-11-05T11:07:22.884-05:00  INFO 1624 --- [SysPasteleriaDulcesitoFx] [JavaFX-Launcher] j.LocalContainerEntityManagerFactoryBean : Initialized JPA EntityManagerFactory for persistence unit 'default'
2024-11-05T11:07:23.084-05:00  INFO 1624 --- [SysPasteleriaDulcesitoFx] [JavaFX-Launcher] o.s.d.j.r.query.QueryEnhancerFactory     : Hibernate is in classpath; If applicable, HQL parser will be used.
2024-11-05T11:07:23.283-05:00  INFO 1624 --- [SysPasteleriaDulcesitoFx] [JavaFX-Launcher] o.s.boot.SpringApplication               : Started application in 2.751 seconds (process running for 3.154)
2024-11-05T11:47:38.855-05:00  INFO 3860 --- [SysPasteleriaDulcesitoFx] [JavaFX-Launcher] o.s.boot.SpringApplication               : Starting application using Java 22.0.2 with PID 3860 (started by Datos in D:\ce nosostros }\EVALUACION-U2-main\EVALUACION-U2-main\SysPasteleriaDulcesitoFx)
2024-11-05T11:47:38.857-05:00  INFO 3860 --- [SysPasteleriaDulcesitoFx] [JavaFX-Launcher] o.s.boot.SpringApplication               : No active profile set, falling back to 1 default profile: "default"
2024-11-05T11:47:39.275-05:00  INFO 3860 --- [SysPasteleriaDulcesitoFx] [JavaFX-Launcher] .s.d.r.c.RepositoryConfigurationDelegate : Bootstrapping Spring Data JPA repositories in DEFAULT mode.
2024-11-05T11:47:39.327-05:00  INFO 3860 --- [SysPasteleriaDulcesitoFx] [JavaFX-Launcher] .s.d.r.c.RepositoryConfigurationDelegate : Finished Spring Data repository scanning in 49 ms. Found 15 JPA repository interfaces.
2024-11-05T11:47:39.606-05:00  INFO 3860 --- [SysPasteleriaDulcesitoFx] [JavaFX-Launcher] o.hibernate.jpa.internal.util.LogHelper  : HHH000204: Processing PersistenceUnitInfo [name: default]
2024-11-05T11:47:39.633-05:00  INFO 3860 --- [SysPasteleriaDulcesitoFx] [JavaFX-Launcher] org.hibernate.Version                    : HHH000412: Hibernate ORM core version 6.5.3.Final
2024-11-05T11:47:39.646-05:00  INFO 3860 --- [SysPasteleriaDulcesitoFx] [JavaFX-Launcher] o.h.c.internal.RegionFactoryInitiator    : HHH000026: Second-level cache disabled
2024-11-05T11:47:39.790-05:00  INFO 3860 --- [SysPasteleriaDulcesitoFx] [JavaFX-Launcher] o.s.o.j.p.SpringPersistenceUnitInfo      : No LoadTimeWeaver setup: ignoring JPA class transformer
2024-11-05T11:47:39.805-05:00  INFO 3860 --- [SysPasteleriaDulcesitoFx] [JavaFX-Launcher] com.zaxxer.hikari.HikariDataSource       : HikariPool-1 - Starting...
2024-11-05T11:47:39.944-05:00  INFO 3860 --- [SysPasteleriaDulcesitoFx] [JavaFX-Launcher] com.zaxxer.hikari.pool.HikariPool        : HikariPool-1 - Added connection org.sqlite.jdbc4.JDBC4Connection@61a7e84
2024-11-05T11:47:39.945-05:00  INFO 3860 --- [SysPasteleriaDulcesitoFx] [JavaFX-Launcher] com.zaxxer.hikari.HikariDataSource       : HikariPool-1 - Start completed.
2024-11-05T11:47:40.639-05:00  INFO 3860 --- [SysPasteleriaDulcesitoFx] [JavaFX-Launcher] o.h.e.t.j.p.i.JtaPlatformInitiator       : HHH000489: No JTA platform available (set 'hibernate.transaction.jta.platform' to enable JTA platform integration)
2024-11-05T11:47:40.661-05:00  INFO 3860 --- [SysPasteleriaDulcesitoFx] [JavaFX-Launcher] j.LocalContainerEntityManagerFactoryBean : Initialized JPA EntityManagerFactory for persistence unit 'default'
2024-11-05T11:47:40.891-05:00  INFO 3860 --- [SysPasteleriaDulcesitoFx] [JavaFX-Launcher] o.s.d.j.r.query.QueryEnhancerFactory     : Hibernate is in classpath; If applicable, HQL parser will be used.
2024-11-05T11:47:41.087-05:00  INFO 3860 --- [SysPasteleriaDulcesitoFx] [JavaFX-Launcher] o.s.boot.SpringApplication               : Started application in 2.632 seconds (process running for 3.055)
2024-11-05T11:48:08.195-05:00  INFO 3860 --- [SysPasteleriaDulcesitoFx] [JavaFX Application Thread] j.LocalContainerEntityManagerFactoryBean : Closing JPA EntityManagerFactory for persistence unit 'default'
2024-11-05T11:48:08.196-05:00  INFO 3860 --- [SysPasteleriaDulcesitoFx] [JavaFX Application Thread] com.zaxxer.hikari.HikariDataSource       : HikariPool-1 - Shutdown initiated...
2024-11-05T11:48:08.197-05:00  INFO 3860 --- [SysPasteleriaDulcesitoFx] [JavaFX Application Thread] com.zaxxer.hikari.HikariDataSource       : HikariPool-1 - Shutdown completed.
2024-11-05T11:48:32.524-05:00  INFO 1232 --- [SysPasteleriaDulcesitoFx] [JavaFX-Launcher] o.s.boot.SpringApplication               : Starting application using Java 22.0.2 with PID 1232 (started by Datos in D:\ce nosostros }\EVALUACION-U2-main\EVALUACION-U2-main\SysPasteleriaDulcesitoFx)
2024-11-05T11:48:32.526-05:00  INFO 1232 --- [SysPasteleriaDulcesitoFx] [JavaFX-Launcher] o.s.boot.SpringApplication               : No active profile set, falling back to 1 default profile: "default"
2024-11-05T11:48:33.012-05:00  INFO 1232 --- [SysPasteleriaDulcesitoFx] [JavaFX-Launcher] .s.d.r.c.RepositoryConfigurationDelegate : Bootstrapping Spring Data JPA repositories in DEFAULT mode.
2024-11-05T11:48:33.066-05:00  INFO 1232 --- [SysPasteleriaDulcesitoFx] [JavaFX-Launcher] .s.d.r.c.RepositoryConfigurationDelegate : Finished Spring Data repository scanning in 48 ms. Found 15 JPA repository interfaces.
2024-11-05T11:48:33.371-05:00  INFO 1232 --- [SysPasteleriaDulcesitoFx] [JavaFX-Launcher] o.hibernate.jpa.internal.util.LogHelper  : HHH000204: Processing PersistenceUnitInfo [name: default]
2024-11-05T11:48:33.407-05:00  INFO 1232 --- [SysPasteleriaDulcesitoFx] [JavaFX-Launcher] org.hibernate.Version                    : HHH000412: Hibernate ORM core version 6.5.3.Final
2024-11-05T11:48:33.421-05:00  INFO 1232 --- [SysPasteleriaDulcesitoFx] [JavaFX-Launcher] o.h.c.internal.RegionFactoryInitiator    : HHH000026: Second-level cache disabled
2024-11-05T11:48:33.588-05:00  INFO 1232 --- [SysPasteleriaDulcesitoFx] [JavaFX-Launcher] o.s.o.j.p.SpringPersistenceUnitInfo      : No LoadTimeWeaver setup: ignoring JPA class transformer
2024-11-05T11:48:33.606-05:00  INFO 1232 --- [SysPasteleriaDulcesitoFx] [JavaFX-Launcher] com.zaxxer.hikari.HikariDataSource       : HikariPool-1 - Starting...
2024-11-05T11:48:33.736-05:00  INFO 1232 --- [SysPasteleriaDulcesitoFx] [JavaFX-Launcher] com.zaxxer.hikari.pool.HikariPool        : HikariPool-1 - Added connection org.sqlite.jdbc4.JDBC4Connection@3c94ea5
2024-11-05T11:48:33.737-05:00  INFO 1232 --- [SysPasteleriaDulcesitoFx] [JavaFX-Launcher] com.zaxxer.hikari.HikariDataSource       : HikariPool-1 - Start completed.
2024-11-05T11:48:34.431-05:00  INFO 1232 --- [SysPasteleriaDulcesitoFx] [JavaFX-Launcher] o.h.e.t.j.p.i.JtaPlatformInitiator       : HHH000489: No JTA platform available (set 'hibernate.transaction.jta.platform' to enable JTA platform integration)
2024-11-05T11:48:34.455-05:00  INFO 1232 --- [SysPasteleriaDulcesitoFx] [JavaFX-Launcher] j.LocalContainerEntityManagerFactoryBean : Initialized JPA EntityManagerFactory for persistence unit 'default'
2024-11-05T11:48:34.639-05:00  INFO 1232 --- [SysPasteleriaDulcesitoFx] [JavaFX-Launcher] o.s.d.j.r.query.QueryEnhancerFactory     : Hibernate is in classpath; If applicable, HQL parser will be used.
2024-11-05T11:48:34.833-05:00  INFO 1232 --- [SysPasteleriaDulcesitoFx] [JavaFX-Launcher] o.s.boot.SpringApplication               : Started application in 2.73 seconds (process running for 3.201)
2024-11-05T12:19:19.955-05:00  INFO 1232 --- [SysPasteleriaDulcesitoFx] [SpringApplicationShutdownHook] j.LocalContainerEntityManagerFactoryBean : Closing JPA EntityManagerFactory for persistence unit 'default'
2024-11-05T12:19:19.956-05:00  INFO 1232 --- [SysPasteleriaDulcesitoFx] [SpringApplicationShutdownHook] com.zaxxer.hikari.HikariDataSource       : HikariPool-1 - Shutdown initiated...
2024-11-05T12:19:19.957-05:00  INFO 1232 --- [SysPasteleriaDulcesitoFx] [SpringApplicationShutdownHook] com.zaxxer.hikari.HikariDataSource       : HikariPool-1 - Shutdown completed.
2024-11-05T12:19:22.620-05:00  INFO 1672 --- [SysPasteleriaDulcesitoFx] [JavaFX-Launcher] o.s.boot.SpringApplication               : Starting application using Java 22.0.2 with PID 1672 (started by Datos in D:\ce nosostros }\EVALUACION-U2-main\EVALUACION-U2-main\SysPasteleriaDulcesitoFx)
2024-11-05T12:19:22.622-05:00  INFO 1672 --- [SysPasteleriaDulcesitoFx] [JavaFX-Launcher] o.s.boot.SpringApplication               : No active profile set, falling back to 1 default profile: "default"
2024-11-05T12:19:23.051-05:00  INFO 1672 --- [SysPasteleriaDulcesitoFx] [JavaFX-Launcher] .s.d.r.c.RepositoryConfigurationDelegate : Bootstrapping Spring Data JPA repositories in DEFAULT mode.
2024-11-05T12:19:23.104-05:00  INFO 1672 --- [SysPasteleriaDulcesitoFx] [JavaFX-Launcher] .s.d.r.c.RepositoryConfigurationDelegate : Finished Spring Data repository scanning in 49 ms. Found 15 JPA repository interfaces.
2024-11-05T12:19:23.403-05:00  INFO 1672 --- [SysPasteleriaDulcesitoFx] [JavaFX-Launcher] o.hibernate.jpa.internal.util.LogHelper  : HHH000204: Processing PersistenceUnitInfo [name: default]
2024-11-05T12:19:23.431-05:00  INFO 1672 --- [SysPasteleriaDulcesitoFx] [JavaFX-Launcher] org.hibernate.Version                    : HHH000412: Hibernate ORM core version 6.5.3.Final
2024-11-05T12:19:23.444-05:00  INFO 1672 --- [SysPasteleriaDulcesitoFx] [JavaFX-Launcher] o.h.c.internal.RegionFactoryInitiator    : HHH000026: Second-level cache disabled
2024-11-05T12:19:23.590-05:00  INFO 1672 --- [SysPasteleriaDulcesitoFx] [JavaFX-Launcher] o.s.o.j.p.SpringPersistenceUnitInfo      : No LoadTimeWeaver setup: ignoring JPA class transformer
2024-11-05T12:19:23.607-05:00  INFO 1672 --- [SysPasteleriaDulcesitoFx] [JavaFX-Launcher] com.zaxxer.hikari.HikariDataSource       : HikariPool-1 - Starting...
2024-11-05T12:19:23.733-05:00  INFO 1672 --- [SysPasteleriaDulcesitoFx] [JavaFX-Launcher] com.zaxxer.hikari.pool.HikariPool        : HikariPool-1 - Added connection org.sqlite.jdbc4.JDBC4Connection@3e8fa9bd
2024-11-05T12:19:23.734-05:00  INFO 1672 --- [SysPasteleriaDulcesitoFx] [JavaFX-Launcher] com.zaxxer.hikari.HikariDataSource       : HikariPool-1 - Start completed.
2024-11-05T12:19:24.430-05:00  INFO 1672 --- [SysPasteleriaDulcesitoFx] [JavaFX-Launcher] o.h.e.t.j.p.i.JtaPlatformInitiator       : HHH000489: No JTA platform available (set 'hibernate.transaction.jta.platform' to enable JTA platform integration)
2024-11-05T12:19:24.452-05:00  INFO 1672 --- [SysPasteleriaDulcesitoFx] [JavaFX-Launcher] j.LocalContainerEntityManagerFactoryBean : Initialized JPA EntityManagerFactory for persistence unit 'default'
2024-11-05T12:19:24.676-05:00  INFO 1672 --- [SysPasteleriaDulcesitoFx] [JavaFX-Launcher] o.s.d.j.r.query.QueryEnhancerFactory     : Hibernate is in classpath; If applicable, HQL parser will be used.
2024-11-05T12:19:24.840-05:00  INFO 1672 --- [SysPasteleriaDulcesitoFx] [JavaFX-Launcher] o.s.boot.SpringApplication               : Started application in 2.618 seconds (process running for 3.017)
2024-11-05T12:45:00.093-05:00  INFO 1672 --- [SysPasteleriaDulcesitoFx] [JavaFX Application Thread] j.LocalContainerEntityManagerFactoryBean : Closing JPA EntityManagerFactory for persistence unit 'default'
2024-11-05T12:45:00.097-05:00  INFO 1672 --- [SysPasteleriaDulcesitoFx] [JavaFX Application Thread] com.zaxxer.hikari.HikariDataSource       : HikariPool-1 - Shutdown initiated...
2024-11-05T12:45:00.099-05:00  INFO 1672 --- [SysPasteleriaDulcesitoFx] [JavaFX Application Thread] com.zaxxer.hikari.HikariDataSource       : HikariPool-1 - Shutdown completed.
2024-11-05T12:45:02.398-05:00  INFO 1624 --- [SysPasteleriaDulcesitoFx] [JavaFX Application Thread] j.LocalContainerEntityManagerFactoryBean : Closing JPA EntityManagerFactory for persistence unit 'default'
2024-11-05T12:45:02.435-05:00  INFO 1624 --- [SysPasteleriaDulcesitoFx] [JavaFX Application Thread] com.zaxxer.hikari.HikariDataSource       : HikariPool-1 - Shutdown initiated...
2024-11-05T12:45:02.444-05:00  INFO 1624 --- [SysPasteleriaDulcesitoFx] [JavaFX Application Thread] com.zaxxer.hikari.HikariDataSource       : HikariPool-1 - Shutdown completed.
2024-11-05T12:45:38.674-05:00  INFO 3104 --- [SysPasteleriaDulcesitoFx] [JavaFX-Launcher] o.s.boot.SpringApplication               : Starting application using Java 22.0.2 with PID 3104 (started by Datos in D:\ce nosostros }\EVALUACION-U2-main\EVALUACION-U2-main\SysPasteleriaDulcesitoFx)
2024-11-05T12:45:38.677-05:00  INFO 3104 --- [SysPasteleriaDulcesitoFx] [JavaFX-Launcher] o.s.boot.SpringApplication               : No active profile set, falling back to 1 default profile: "default"
2024-11-05T12:45:39.091-05:00  INFO 3104 --- [SysPasteleriaDulcesitoFx] [JavaFX-Launcher] .s.d.r.c.RepositoryConfigurationDelegate : Bootstrapping Spring Data JPA repositories in DEFAULT mode.
2024-11-05T12:45:39.144-05:00  INFO 3104 --- [SysPasteleriaDulcesitoFx] [JavaFX-Launcher] .s.d.r.c.RepositoryConfigurationDelegate : Finished Spring Data repository scanning in 47 ms. Found 15 JPA repository interfaces.
2024-11-05T12:45:39.442-05:00  INFO 3104 --- [SysPasteleriaDulcesitoFx] [JavaFX-Launcher] o.hibernate.jpa.internal.util.LogHelper  : HHH000204: Processing PersistenceUnitInfo [name: default]
2024-11-05T12:45:39.468-05:00  INFO 3104 --- [SysPasteleriaDulcesitoFx] [JavaFX-Launcher] org.hibernate.Version                    : HHH000412: Hibernate ORM core version 6.5.3.Final
2024-11-05T12:45:39.483-05:00  INFO 3104 --- [SysPasteleriaDulcesitoFx] [JavaFX-Launcher] o.h.c.internal.RegionFactoryInitiator    : HHH000026: Second-level cache disabled
2024-11-05T12:45:39.643-05:00  INFO 3104 --- [SysPasteleriaDulcesitoFx] [JavaFX-Launcher] o.s.o.j.p.SpringPersistenceUnitInfo      : No LoadTimeWeaver setup: ignoring JPA class transformer
2024-11-05T12:45:39.663-05:00  INFO 3104 --- [SysPasteleriaDulcesitoFx] [JavaFX-Launcher] com.zaxxer.hikari.HikariDataSource       : HikariPool-1 - Starting...
2024-11-05T12:45:39.799-05:00  INFO 3104 --- [SysPasteleriaDulcesitoFx] [JavaFX-Launcher] com.zaxxer.hikari.pool.HikariPool        : HikariPool-1 - Added connection org.sqlite.jdbc4.JDBC4Connection@1751e97a
2024-11-05T12:45:39.800-05:00  INFO 3104 --- [SysPasteleriaDulcesitoFx] [JavaFX-Launcher] com.zaxxer.hikari.HikariDataSource       : HikariPool-1 - Start completed.
2024-11-05T12:45:40.492-05:00  INFO 3104 --- [SysPasteleriaDulcesitoFx] [JavaFX-Launcher] o.h.e.t.j.p.i.JtaPlatformInitiator       : HHH000489: No JTA platform available (set 'hibernate.transaction.jta.platform' to enable JTA platform integration)
2024-11-05T12:45:40.513-05:00  INFO 3104 --- [SysPasteleriaDulcesitoFx] [JavaFX-Launcher] j.LocalContainerEntityManagerFactoryBean : Initialized JPA EntityManagerFactory for persistence unit 'default'
2024-11-05T12:45:40.672-05:00  INFO 3104 --- [SysPasteleriaDulcesitoFx] [JavaFX-Launcher] o.s.d.j.r.query.QueryEnhancerFactory     : Hibernate is in classpath; If applicable, HQL parser will be used.
2024-11-05T12:45:40.863-05:00  INFO 3104 --- [SysPasteleriaDulcesitoFx] [JavaFX-Launcher] o.s.boot.SpringApplication               : Started application in 2.575 seconds (process running for 2.97)
2024-11-05T12:51:27.692-05:00  INFO 3104 --- [SysPasteleriaDulcesitoFx] [SpringApplicationShutdownHook] j.LocalContainerEntityManagerFactoryBean : Closing JPA EntityManagerFactory for persistence unit 'default'
2024-11-05T12:51:27.693-05:00  INFO 3104 --- [SysPasteleriaDulcesitoFx] [SpringApplicationShutdownHook] com.zaxxer.hikari.HikariDataSource       : HikariPool-1 - Shutdown initiated...
2024-11-05T12:51:27.696-05:00  INFO 3104 --- [SysPasteleriaDulcesitoFx] [SpringApplicationShutdownHook] com.zaxxer.hikari.HikariDataSource       : HikariPool-1 - Shutdown completed.
2024-11-05T12:51:30.406-05:00  INFO 2528 --- [SysPasteleriaDulcesitoFx] [JavaFX-Launcher] o.s.boot.SpringApplication               : Starting application using Java 22.0.2 with PID 2528 (started by Datos in D:\ce nosostros }\EVALUACION-U2-main\EVALUACION-U2-main\SysPasteleriaDulcesitoFx)
2024-11-05T12:51:30.409-05:00  INFO 2528 --- [SysPasteleriaDulcesitoFx] [JavaFX-Launcher] o.s.boot.SpringApplication               : No active profile set, falling back to 1 default profile: "default"
2024-11-05T12:51:30.815-05:00  INFO 2528 --- [SysPasteleriaDulcesitoFx] [JavaFX-Launcher] .s.d.r.c.RepositoryConfigurationDelegate : Bootstrapping Spring Data JPA repositories in DEFAULT mode.
2024-11-05T12:51:30.867-05:00  INFO 2528 --- [SysPasteleriaDulcesitoFx] [JavaFX-Launcher] .s.d.r.c.RepositoryConfigurationDelegate : Finished Spring Data repository scanning in 47 ms. Found 15 JPA repository interfaces.
2024-11-05T12:51:31.155-05:00  INFO 2528 --- [SysPasteleriaDulcesitoFx] [JavaFX-Launcher] o.hibernate.jpa.internal.util.LogHelper  : HHH000204: Processing PersistenceUnitInfo [name: default]
2024-11-05T12:51:31.189-05:00  INFO 2528 --- [SysPasteleriaDulcesitoFx] [JavaFX-Launcher] org.hibernate.Version                    : HHH000412: Hibernate ORM core version 6.5.3.Final
2024-11-05T12:51:31.204-05:00  INFO 2528 --- [SysPasteleriaDulcesitoFx] [JavaFX-Launcher] o.h.c.internal.RegionFactoryInitiator    : HHH000026: Second-level cache disabled
2024-11-05T12:51:31.349-05:00  INFO 2528 --- [SysPasteleriaDulcesitoFx] [JavaFX-Launcher] o.s.o.j.p.SpringPersistenceUnitInfo      : No LoadTimeWeaver setup: ignoring JPA class transformer
2024-11-05T12:51:31.364-05:00  INFO 2528 --- [SysPasteleriaDulcesitoFx] [JavaFX-Launcher] com.zaxxer.hikari.HikariDataSource       : HikariPool-1 - Starting...
2024-11-05T12:51:31.468-05:00  INFO 2528 --- [SysPasteleriaDulcesitoFx] [JavaFX-Launcher] com.zaxxer.hikari.pool.HikariPool        : HikariPool-1 - Added connection org.sqlite.jdbc4.JDBC4Connection@78336184
2024-11-05T12:51:31.469-05:00  INFO 2528 --- [SysPasteleriaDulcesitoFx] [JavaFX-Launcher] com.zaxxer.hikari.HikariDataSource       : HikariPool-1 - Start completed.
2024-11-05T12:51:32.171-05:00  INFO 2528 --- [SysPasteleriaDulcesitoFx] [JavaFX-Launcher] o.h.e.t.j.p.i.JtaPlatformInitiator       : HHH000489: No JTA platform available (set 'hibernate.transaction.jta.platform' to enable JTA platform integration)
2024-11-05T12:51:32.193-05:00  INFO 2528 --- [SysPasteleriaDulcesitoFx] [JavaFX-Launcher] j.LocalContainerEntityManagerFactoryBean : Initialized JPA EntityManagerFactory for persistence unit 'default'
2024-11-05T12:51:32.430-05:00  INFO 2528 --- [SysPasteleriaDulcesitoFx] [JavaFX-Launcher] o.s.d.j.r.query.QueryEnhancerFactory     : Hibernate is in classpath; If applicable, HQL parser will be used.
2024-11-05T12:51:32.639-05:00  INFO 2528 --- [SysPasteleriaDulcesitoFx] [JavaFX-Launcher] o.s.boot.SpringApplication               : Started application in 2.637 seconds (process running for 3.04)
2024-11-05T12:53:46.222-05:00  INFO 2528 --- [SysPasteleriaDulcesitoFx] [JavaFX Application Thread] j.LocalContainerEntityManagerFactoryBean : Closing JPA EntityManagerFactory for persistence unit 'default'
2024-11-05T12:53:46.237-05:00  INFO 2528 --- [SysPasteleriaDulcesitoFx] [JavaFX Application Thread] com.zaxxer.hikari.HikariDataSource       : HikariPool-1 - Shutdown initiated...
2024-11-05T12:53:46.237-05:00  INFO 2528 --- [SysPasteleriaDulcesitoFx] [JavaFX Application Thread] com.zaxxer.hikari.HikariDataSource       : HikariPool-1 - Shutdown completed.
2024-11-05T12:57:03.828-05:00  INFO 8692 --- [SysPasteleriaDulcesitoFx] [JavaFX-Launcher] o.s.boot.SpringApplication               : Starting application using Java 22.0.2 with PID 8692 (started by Datos in D:\ce nosostros }\EVALUACION-U2-main\EVALUACION-U2-main\SysPasteleriaDulcesitoFx)
2024-11-05T12:57:03.830-05:00  INFO 8692 --- [SysPasteleriaDulcesitoFx] [JavaFX-Launcher] o.s.boot.SpringApplication               : No active profile set, falling back to 1 default profile: "default"
2024-11-05T12:57:04.252-05:00  INFO 8692 --- [SysPasteleriaDulcesitoFx] [JavaFX-Launcher] .s.d.r.c.RepositoryConfigurationDelegate : Bootstrapping Spring Data JPA repositories in DEFAULT mode.
2024-11-05T12:57:04.305-05:00  INFO 8692 --- [SysPasteleriaDulcesitoFx] [JavaFX-Launcher] .s.d.r.c.RepositoryConfigurationDelegate : Finished Spring Data repository scanning in 49 ms. Found 15 JPA repository interfaces.
2024-11-05T12:57:04.618-05:00  INFO 8692 --- [SysPasteleriaDulcesitoFx] [JavaFX-Launcher] o.hibernate.jpa.internal.util.LogHelper  : HHH000204: Processing PersistenceUnitInfo [name: default]
2024-11-05T12:57:04.648-05:00  INFO 8692 --- [SysPasteleriaDulcesitoFx] [JavaFX-Launcher] org.hibernate.Version                    : HHH000412: Hibernate ORM core version 6.5.3.Final
2024-11-05T12:57:04.662-05:00  INFO 8692 --- [SysPasteleriaDulcesitoFx] [JavaFX-Launcher] o.h.c.internal.RegionFactoryInitiator    : HHH000026: Second-level cache disabled
2024-11-05T12:57:04.806-05:00  INFO 8692 --- [SysPasteleriaDulcesitoFx] [JavaFX-Launcher] o.s.o.j.p.SpringPersistenceUnitInfo      : No LoadTimeWeaver setup: ignoring JPA class transformer
2024-11-05T12:57:04.824-05:00  INFO 8692 --- [SysPasteleriaDulcesitoFx] [JavaFX-Launcher] com.zaxxer.hikari.HikariDataSource       : HikariPool-1 - Starting...
2024-11-05T12:57:04.950-05:00  INFO 8692 --- [SysPasteleriaDulcesitoFx] [JavaFX-Launcher] com.zaxxer.hikari.pool.HikariPool        : HikariPool-1 - Added connection org.sqlite.jdbc4.JDBC4Connection@326d82b7
2024-11-05T12:57:04.951-05:00  INFO 8692 --- [SysPasteleriaDulcesitoFx] [JavaFX-Launcher] com.zaxxer.hikari.HikariDataSource       : HikariPool-1 - Start completed.
2024-11-05T12:57:05.698-05:00  INFO 8692 --- [SysPasteleriaDulcesitoFx] [JavaFX-Launcher] o.h.e.t.j.p.i.JtaPlatformInitiator       : HHH000489: No JTA platform available (set 'hibernate.transaction.jta.platform' to enable JTA platform integration)
2024-11-05T12:57:05.723-05:00  INFO 8692 --- [SysPasteleriaDulcesitoFx] [JavaFX-Launcher] j.LocalContainerEntityManagerFactoryBean : Initialized JPA EntityManagerFactory for persistence unit 'default'
2024-11-05T12:57:05.947-05:00  INFO 8692 --- [SysPasteleriaDulcesitoFx] [JavaFX-Launcher] o.s.d.j.r.query.QueryEnhancerFactory     : Hibernate is in classpath; If applicable, HQL parser will be used.
2024-11-05T12:57:06.145-05:00  INFO 8692 --- [SysPasteleriaDulcesitoFx] [JavaFX-Launcher] o.s.boot.SpringApplication               : Started application in 2.705 seconds (process running for 3.105)
2024-11-05T13:00:30.935-05:00  INFO 8692 --- [SysPasteleriaDulcesitoFx] [SpringApplicationShutdownHook] j.LocalContainerEntityManagerFactoryBean : Closing JPA EntityManagerFactory for persistence unit 'default'
2024-11-05T13:00:30.937-05:00  INFO 8692 --- [SysPasteleriaDulcesitoFx] [SpringApplicationShutdownHook] com.zaxxer.hikari.HikariDataSource       : HikariPool-1 - Shutdown initiated...
2024-11-05T13:00:30.940-05:00  INFO 8692 --- [SysPasteleriaDulcesitoFx] [SpringApplicationShutdownHook] com.zaxxer.hikari.HikariDataSource       : HikariPool-1 - Shutdown completed.
2024-11-05T13:00:33.737-05:00  INFO 6712 --- [SysPasteleriaDulcesitoFx] [JavaFX-Launcher] o.s.boot.SpringApplication               : Starting application using Java 22.0.2 with PID 6712 (started by Datos in D:\ce nosostros }\EVALUACION-U2-main\EVALUACION-U2-main\SysPasteleriaDulcesitoFx)
2024-11-05T13:00:33.740-05:00  INFO 6712 --- [SysPasteleriaDulcesitoFx] [JavaFX-Launcher] o.s.boot.SpringApplication               : No active profile set, falling back to 1 default profile: "default"
2024-11-05T13:00:34.170-05:00  INFO 6712 --- [SysPasteleriaDulcesitoFx] [JavaFX-Launcher] .s.d.r.c.RepositoryConfigurationDelegate : Bootstrapping Spring Data JPA repositories in DEFAULT mode.
2024-11-05T13:00:34.222-05:00  INFO 6712 --- [SysPasteleriaDulcesitoFx] [JavaFX-Launcher] .s.d.r.c.RepositoryConfigurationDelegate : Finished Spring Data repository scanning in 48 ms. Found 15 JPA repository interfaces.
2024-11-05T13:00:34.514-05:00  INFO 6712 --- [SysPasteleriaDulcesitoFx] [JavaFX-Launcher] o.hibernate.jpa.internal.util.LogHelper  : HHH000204: Processing PersistenceUnitInfo [name: default]
2024-11-05T13:00:34.541-05:00  INFO 6712 --- [SysPasteleriaDulcesitoFx] [JavaFX-Launcher] org.hibernate.Version                    : HHH000412: Hibernate ORM core version 6.5.3.Final
2024-11-05T13:00:34.556-05:00  INFO 6712 --- [SysPasteleriaDulcesitoFx] [JavaFX-Launcher] o.h.c.internal.RegionFactoryInitiator    : HHH000026: Second-level cache disabled
2024-11-05T13:00:34.699-05:00  INFO 6712 --- [SysPasteleriaDulcesitoFx] [JavaFX-Launcher] o.s.o.j.p.SpringPersistenceUnitInfo      : No LoadTimeWeaver setup: ignoring JPA class transformer
2024-11-05T13:00:34.715-05:00  INFO 6712 --- [SysPasteleriaDulcesitoFx] [JavaFX-Launcher] com.zaxxer.hikari.HikariDataSource       : HikariPool-1 - Starting...
2024-11-05T13:00:34.837-05:00  INFO 6712 --- [SysPasteleriaDulcesitoFx] [JavaFX-Launcher] com.zaxxer.hikari.pool.HikariPool        : HikariPool-1 - Added connection org.sqlite.jdbc4.JDBC4Connection@326d82b7
2024-11-05T13:00:34.838-05:00  INFO 6712 --- [SysPasteleriaDulcesitoFx] [JavaFX-Launcher] com.zaxxer.hikari.HikariDataSource       : HikariPool-1 - Start completed.
2024-11-05T13:00:35.538-05:00  INFO 6712 --- [SysPasteleriaDulcesitoFx] [JavaFX-Launcher] o.h.e.t.j.p.i.JtaPlatformInitiator       : HHH000489: No JTA platform available (set 'hibernate.transaction.jta.platform' to enable JTA platform integration)
2024-11-05T13:00:35.560-05:00  INFO 6712 --- [SysPasteleriaDulcesitoFx] [JavaFX-Launcher] j.LocalContainerEntityManagerFactoryBean : Initialized JPA EntityManagerFactory for persistence unit 'default'
2024-11-05T13:00:35.745-05:00  INFO 6712 --- [SysPasteleriaDulcesitoFx] [JavaFX-Launcher] o.s.d.j.r.query.QueryEnhancerFactory     : Hibernate is in classpath; If applicable, HQL parser will be used.
2024-11-05T13:00:35.943-05:00  INFO 6712 --- [SysPasteleriaDulcesitoFx] [JavaFX-Launcher] o.s.boot.SpringApplication               : Started application in 2.609 seconds (process running for 3.006)
2024-11-05T13:01:59.987-05:00  INFO 6712 --- [SysPasteleriaDulcesitoFx] [SpringApplicationShutdownHook] j.LocalContainerEntityManagerFactoryBean : Closing JPA EntityManagerFactory for persistence unit 'default'
2024-11-05T13:01:59.987-05:00  INFO 6712 --- [SysPasteleriaDulcesitoFx] [SpringApplicationShutdownHook] com.zaxxer.hikari.HikariDataSource       : HikariPool-1 - Shutdown initiated...
2024-11-05T13:01:59.987-05:00  INFO 6712 --- [SysPasteleriaDulcesitoFx] [SpringApplicationShutdownHook] com.zaxxer.hikari.HikariDataSource       : HikariPool-1 - Shutdown completed.
2024-11-05T13:02:03.265-05:00  INFO 9576 --- [SysPasteleriaDulcesitoFx] [JavaFX-Launcher] o.s.boot.SpringApplication               : Starting application using Java 22.0.2 with PID 9576 (started by Datos in D:\ce nosostros }\EVALUACION-U2-main\EVALUACION-U2-main\SysPasteleriaDulcesitoFx)
2024-11-05T13:02:03.267-05:00  INFO 9576 --- [SysPasteleriaDulcesitoFx] [JavaFX-Launcher] o.s.boot.SpringApplication               : No active profile set, falling back to 1 default profile: "default"
2024-11-05T13:02:03.679-05:00  INFO 9576 --- [SysPasteleriaDulcesitoFx] [JavaFX-Launcher] .s.d.r.c.RepositoryConfigurationDelegate : Bootstrapping Spring Data JPA repositories in DEFAULT mode.
2024-11-05T13:02:03.730-05:00  INFO 9576 --- [SysPasteleriaDulcesitoFx] [JavaFX-Launcher] .s.d.r.c.RepositoryConfigurationDelegate : Finished Spring Data repository scanning in 47 ms. Found 15 JPA repository interfaces.
2024-11-05T13:02:04.022-05:00  INFO 9576 --- [SysPasteleriaDulcesitoFx] [JavaFX-Launcher] o.hibernate.jpa.internal.util.LogHelper  : HHH000204: Processing PersistenceUnitInfo [name: default]
2024-11-05T13:02:04.055-05:00  INFO 9576 --- [SysPasteleriaDulcesitoFx] [JavaFX-Launcher] org.hibernate.Version                    : HHH000412: Hibernate ORM core version 6.5.3.Final
2024-11-05T13:02:04.070-05:00  INFO 9576 --- [SysPasteleriaDulcesitoFx] [JavaFX-Launcher] o.h.c.internal.RegionFactoryInitiator    : HHH000026: Second-level cache disabled
2024-11-05T13:02:04.211-05:00  INFO 9576 --- [SysPasteleriaDulcesitoFx] [JavaFX-Launcher] o.s.o.j.p.SpringPersistenceUnitInfo      : No LoadTimeWeaver setup: ignoring JPA class transformer
2024-11-05T13:02:04.226-05:00  INFO 9576 --- [SysPasteleriaDulcesitoFx] [JavaFX-Launcher] com.zaxxer.hikari.HikariDataSource       : HikariPool-1 - Starting...
2024-11-05T13:02:04.332-05:00  INFO 9576 --- [SysPasteleriaDulcesitoFx] [JavaFX-Launcher] com.zaxxer.hikari.pool.HikariPool        : HikariPool-1 - Added connection org.sqlite.jdbc4.JDBC4Connection@57a89d39
2024-11-05T13:02:04.333-05:00  INFO 9576 --- [SysPasteleriaDulcesitoFx] [JavaFX-Launcher] com.zaxxer.hikari.HikariDataSource       : HikariPool-1 - Start completed.
2024-11-05T13:02:05.035-05:00  INFO 9576 --- [SysPasteleriaDulcesitoFx] [JavaFX-Launcher] o.h.e.t.j.p.i.JtaPlatformInitiator       : HHH000489: No JTA platform available (set 'hibernate.transaction.jta.platform' to enable JTA platform integration)
2024-11-05T13:02:05.057-05:00  INFO 9576 --- [SysPasteleriaDulcesitoFx] [JavaFX-Launcher] j.LocalContainerEntityManagerFactoryBean : Initialized JPA EntityManagerFactory for persistence unit 'default'
2024-11-05T13:02:05.241-05:00  INFO 9576 --- [SysPasteleriaDulcesitoFx] [JavaFX-Launcher] o.s.d.j.r.query.QueryEnhancerFactory     : Hibernate is in classpath; If applicable, HQL parser will be used.
2024-11-05T13:02:05.440-05:00  INFO 9576 --- [SysPasteleriaDulcesitoFx] [JavaFX-Launcher] o.s.boot.SpringApplication               : Started application in 2.577 seconds (process running for 2.97)
2024-11-05T13:02:44.868-05:00  INFO 9576 --- [SysPasteleriaDulcesitoFx] [SpringApplicationShutdownHook] j.LocalContainerEntityManagerFactoryBean : Closing JPA EntityManagerFactory for persistence unit 'default'
2024-11-05T13:02:44.871-05:00  INFO 9576 --- [SysPasteleriaDulcesitoFx] [SpringApplicationShutdownHook] com.zaxxer.hikari.HikariDataSource       : HikariPool-1 - Shutdown initiated...
2024-11-05T13:02:44.873-05:00  INFO 9576 --- [SysPasteleriaDulcesitoFx] [SpringApplicationShutdownHook] com.zaxxer.hikari.HikariDataSource       : HikariPool-1 - Shutdown completed.
2024-11-05T13:02:46.637-05:00  INFO 3184 --- [SysPasteleriaDulcesitoFx] [JavaFX-Launcher] o.s.boot.SpringApplication               : Starting application using Java 22.0.2 with PID 3184 (started by Datos in D:\ce nosostros }\EVALUACION-U2-main\EVALUACION-U2-main\SysPasteleriaDulcesitoFx)
2024-11-05T13:02:46.638-05:00  INFO 3184 --- [SysPasteleriaDulcesitoFx] [JavaFX-Launcher] o.s.boot.SpringApplication               : No active profile set, falling back to 1 default profile: "default"
2024-11-05T13:02:47.056-05:00  INFO 3184 --- [SysPasteleriaDulcesitoFx] [JavaFX-Launcher] .s.d.r.c.RepositoryConfigurationDelegate : Bootstrapping Spring Data JPA repositories in DEFAULT mode.
2024-11-05T13:02:47.109-05:00  INFO 3184 --- [SysPasteleriaDulcesitoFx] [JavaFX-Launcher] .s.d.r.c.RepositoryConfigurationDelegate : Finished Spring Data repository scanning in 47 ms. Found 15 JPA repository interfaces.
2024-11-05T13:02:47.411-05:00  INFO 3184 --- [SysPasteleriaDulcesitoFx] [JavaFX-Launcher] o.hibernate.jpa.internal.util.LogHelper  : HHH000204: Processing PersistenceUnitInfo [name: default]
2024-11-05T13:02:47.449-05:00  INFO 3184 --- [SysPasteleriaDulcesitoFx] [JavaFX-Launcher] org.hibernate.Version                    : HHH000412: Hibernate ORM core version 6.5.3.Final
2024-11-05T13:02:47.464-05:00  INFO 3184 --- [SysPasteleriaDulcesitoFx] [JavaFX-Launcher] o.h.c.internal.RegionFactoryInitiator    : HHH000026: Second-level cache disabled
2024-11-05T13:02:47.609-05:00  INFO 3184 --- [SysPasteleriaDulcesitoFx] [JavaFX-Launcher] o.s.o.j.p.SpringPersistenceUnitInfo      : No LoadTimeWeaver setup: ignoring JPA class transformer
2024-11-05T13:02:47.625-05:00  INFO 3184 --- [SysPasteleriaDulcesitoFx] [JavaFX-Launcher] com.zaxxer.hikari.HikariDataSource       : HikariPool-1 - Starting...
2024-11-05T13:02:47.742-05:00  INFO 3184 --- [SysPasteleriaDulcesitoFx] [JavaFX-Launcher] com.zaxxer.hikari.pool.HikariPool        : HikariPool-1 - Added connection org.sqlite.jdbc4.JDBC4Connection@2b5cea3f
2024-11-05T13:02:47.743-05:00  INFO 3184 --- [SysPasteleriaDulcesitoFx] [JavaFX-Launcher] com.zaxxer.hikari.HikariDataSource       : HikariPool-1 - Start completed.
2024-11-05T13:02:48.461-05:00  INFO 3184 --- [SysPasteleriaDulcesitoFx] [JavaFX-Launcher] o.h.e.t.j.p.i.JtaPlatformInitiator       : HHH000489: No JTA platform available (set 'hibernate.transaction.jta.platform' to enable JTA platform integration)
2024-11-05T13:02:48.483-05:00  INFO 3184 --- [SysPasteleriaDulcesitoFx] [JavaFX-Launcher] j.LocalContainerEntityManagerFactoryBean : Initialized JPA EntityManagerFactory for persistence unit 'default'
2024-11-05T13:02:48.756-05:00  INFO 3184 --- [SysPasteleriaDulcesitoFx] [JavaFX-Launcher] o.s.d.j.r.query.QueryEnhancerFactory     : Hibernate is in classpath; If applicable, HQL parser will be used.
2024-11-05T13:02:48.993-05:00  INFO 3184 --- [SysPasteleriaDulcesitoFx] [JavaFX-Launcher] o.s.boot.SpringApplication               : Started application in 2.75 seconds (process running for 3.189)
2024-11-05T13:07:04.208-05:00  INFO 3184 --- [SysPasteleriaDulcesitoFx] [SpringApplicationShutdownHook] j.LocalContainerEntityManagerFactoryBean : Closing JPA EntityManagerFactory for persistence unit 'default'
2024-11-05T13:07:04.210-05:00  INFO 3184 --- [SysPasteleriaDulcesitoFx] [SpringApplicationShutdownHook] com.zaxxer.hikari.HikariDataSource       : HikariPool-1 - Shutdown initiated...
2024-11-05T13:07:04.213-05:00  INFO 3184 --- [SysPasteleriaDulcesitoFx] [SpringApplicationShutdownHook] com.zaxxer.hikari.HikariDataSource       : HikariPool-1 - Shutdown completed.
2024-11-05T13:07:07.100-05:00  INFO 13092 --- [SysPasteleriaDulcesitoFx] [JavaFX-Launcher] o.s.boot.SpringApplication               : Starting application using Java 22.0.2 with PID 13092 (started by Datos in D:\ce nosostros }\EVALUACION-U2-main\EVALUACION-U2-main\SysPasteleriaDulcesitoFx)
2024-11-05T13:07:07.103-05:00  INFO 13092 --- [SysPasteleriaDulcesitoFx] [JavaFX-Launcher] o.s.boot.SpringApplication               : No active profile set, falling back to 1 default profile: "default"
2024-11-05T13:07:07.522-05:00  INFO 13092 --- [SysPasteleriaDulcesitoFx] [JavaFX-Launcher] .s.d.r.c.RepositoryConfigurationDelegate : Bootstrapping Spring Data JPA repositories in DEFAULT mode.
2024-11-05T13:07:07.575-05:00  INFO 13092 --- [SysPasteleriaDulcesitoFx] [JavaFX-Launcher] .s.d.r.c.RepositoryConfigurationDelegate : Finished Spring Data repository scanning in 48 ms. Found 15 JPA repository interfaces.
2024-11-05T13:07:07.857-05:00  INFO 13092 --- [SysPasteleriaDulcesitoFx] [JavaFX-Launcher] o.hibernate.jpa.internal.util.LogHelper  : HHH000204: Processing PersistenceUnitInfo [name: default]
2024-11-05T13:07:07.882-05:00  INFO 13092 --- [SysPasteleriaDulcesitoFx] [JavaFX-Launcher] org.hibernate.Version                    : HHH000412: Hibernate ORM core version 6.5.3.Final
2024-11-05T13:07:07.895-05:00  INFO 13092 --- [SysPasteleriaDulcesitoFx] [JavaFX-Launcher] o.h.c.internal.RegionFactoryInitiator    : HHH000026: Second-level cache disabled
2024-11-05T13:07:08.040-05:00  INFO 13092 --- [SysPasteleriaDulcesitoFx] [JavaFX-Launcher] o.s.o.j.p.SpringPersistenceUnitInfo      : No LoadTimeWeaver setup: ignoring JPA class transformer
2024-11-05T13:07:08.055-05:00  INFO 13092 --- [SysPasteleriaDulcesitoFx] [JavaFX-Launcher] com.zaxxer.hikari.HikariDataSource       : HikariPool-1 - Starting...
2024-11-05T13:07:08.166-05:00  INFO 13092 --- [SysPasteleriaDulcesitoFx] [JavaFX-Launcher] com.zaxxer.hikari.pool.HikariPool        : HikariPool-1 - Added connection org.sqlite.jdbc4.JDBC4Connection@2b5cea3f
2024-11-05T13:07:08.167-05:00  INFO 13092 --- [SysPasteleriaDulcesitoFx] [JavaFX-Launcher] com.zaxxer.hikari.HikariDataSource       : HikariPool-1 - Start completed.
2024-11-05T13:07:08.858-05:00  INFO 13092 --- [SysPasteleriaDulcesitoFx] [JavaFX-Launcher] o.h.e.t.j.p.i.JtaPlatformInitiator       : HHH000489: No JTA platform available (set 'hibernate.transaction.jta.platform' to enable JTA platform integration)
2024-11-05T13:07:08.883-05:00  INFO 13092 --- [SysPasteleriaDulcesitoFx] [JavaFX-Launcher] j.LocalContainerEntityManagerFactoryBean : Initialized JPA EntityManagerFactory for persistence unit 'default'
2024-11-05T13:07:09.074-05:00  INFO 13092 --- [SysPasteleriaDulcesitoFx] [JavaFX-Launcher] o.s.d.j.r.query.QueryEnhancerFactory     : Hibernate is in classpath; If applicable, HQL parser will be used.
2024-11-05T13:07:09.272-05:00  INFO 13092 --- [SysPasteleriaDulcesitoFx] [JavaFX-Launcher] o.s.boot.SpringApplication               : Started application in 2.577 seconds (process running for 2.972)
2024-11-05T13:08:13.031-05:00  INFO 13092 --- [SysPasteleriaDulcesitoFx] [JavaFX Application Thread] j.LocalContainerEntityManagerFactoryBean : Closing JPA EntityManagerFactory for persistence unit 'default'
2024-11-05T13:08:13.031-05:00  INFO 13092 --- [SysPasteleriaDulcesitoFx] [JavaFX Application Thread] com.zaxxer.hikari.HikariDataSource       : HikariPool-1 - Shutdown initiated...
2024-11-05T13:08:13.047-05:00  INFO 13092 --- [SysPasteleriaDulcesitoFx] [JavaFX Application Thread] com.zaxxer.hikari.HikariDataSource       : HikariPool-1 - Shutdown completed.
2024-11-05T13:11:23.821-05:00  INFO 17484 --- [SysPasteleriaDulcesitoFx] [JavaFX-Launcher] o.s.boot.SpringApplication               : Starting application using Java 22.0.2 with PID 17484 (started by Datos in D:\ce nosostros }\EVALUACION-U2-main\EVALUACION-U2-main\SysPasteleriaDulcesitoFx)
2024-11-05T13:11:23.824-05:00  INFO 17484 --- [SysPasteleriaDulcesitoFx] [JavaFX-Launcher] o.s.boot.SpringApplication               : No active profile set, falling back to 1 default profile: "default"
2024-11-05T13:11:24.221-05:00  INFO 17484 --- [SysPasteleriaDulcesitoFx] [JavaFX-Launcher] .s.d.r.c.RepositoryConfigurationDelegate : Bootstrapping Spring Data JPA repositories in DEFAULT mode.
2024-11-05T13:11:24.273-05:00  INFO 17484 --- [SysPasteleriaDulcesitoFx] [JavaFX-Launcher] .s.d.r.c.RepositoryConfigurationDelegate : Finished Spring Data repository scanning in 48 ms. Found 15 JPA repository interfaces.
2024-11-05T13:11:24.554-05:00  INFO 17484 --- [SysPasteleriaDulcesitoFx] [JavaFX-Launcher] o.hibernate.jpa.internal.util.LogHelper  : HHH000204: Processing PersistenceUnitInfo [name: default]
2024-11-05T13:11:24.582-05:00  INFO 17484 --- [SysPasteleriaDulcesitoFx] [JavaFX-Launcher] org.hibernate.Version                    : HHH000412: Hibernate ORM core version 6.5.3.Final
2024-11-05T13:11:24.597-05:00  INFO 17484 --- [SysPasteleriaDulcesitoFx] [JavaFX-Launcher] o.h.c.internal.RegionFactoryInitiator    : HHH000026: Second-level cache disabled
2024-11-05T13:11:24.744-05:00  INFO 17484 --- [SysPasteleriaDulcesitoFx] [JavaFX-Launcher] o.s.o.j.p.SpringPersistenceUnitInfo      : No LoadTimeWeaver setup: ignoring JPA class transformer
2024-11-05T13:11:24.760-05:00  INFO 17484 --- [SysPasteleriaDulcesitoFx] [JavaFX-Launcher] com.zaxxer.hikari.HikariDataSource       : HikariPool-1 - Starting...
2024-11-05T13:11:24.881-05:00  INFO 17484 --- [SysPasteleriaDulcesitoFx] [JavaFX-Launcher] com.zaxxer.hikari.pool.HikariPool        : HikariPool-1 - Added connection org.sqlite.jdbc4.JDBC4Connection@326d82b7
2024-11-05T13:11:24.882-05:00  INFO 17484 --- [SysPasteleriaDulcesitoFx] [JavaFX-Launcher] com.zaxxer.hikari.HikariDataSource       : HikariPool-1 - Start completed.
2024-11-05T13:11:25.576-05:00  INFO 17484 --- [SysPasteleriaDulcesitoFx] [JavaFX-Launcher] o.h.e.t.j.p.i.JtaPlatformInitiator       : HHH000489: No JTA platform available (set 'hibernate.transaction.jta.platform' to enable JTA platform integration)
2024-11-05T13:11:25.604-05:00  INFO 17484 --- [SysPasteleriaDulcesitoFx] [JavaFX-Launcher] j.LocalContainerEntityManagerFactoryBean : Initialized JPA EntityManagerFactory for persistence unit 'default'
2024-11-05T13:11:25.865-05:00  INFO 17484 --- [SysPasteleriaDulcesitoFx] [JavaFX-Launcher] o.s.d.j.r.query.QueryEnhancerFactory     : Hibernate is in classpath; If applicable, HQL parser will be used.
2024-11-05T13:11:26.087-05:00  INFO 17484 --- [SysPasteleriaDulcesitoFx] [JavaFX-Launcher] o.s.boot.SpringApplication               : Started application in 2.662 seconds (process running for 3.062)
2024-11-05T13:13:15.877-05:00  INFO 17484 --- [SysPasteleriaDulcesitoFx] [SpringApplicationShutdownHook] j.LocalContainerEntityManagerFactoryBean : Closing JPA EntityManagerFactory for persistence unit 'default'
2024-11-05T13:13:15.880-05:00  INFO 17484 --- [SysPasteleriaDulcesitoFx] [SpringApplicationShutdownHook] com.zaxxer.hikari.HikariDataSource       : HikariPool-1 - Shutdown initiated...
2024-11-05T13:13:15.883-05:00  INFO 17484 --- [SysPasteleriaDulcesitoFx] [SpringApplicationShutdownHook] com.zaxxer.hikari.HikariDataSource       : HikariPool-1 - Shutdown completed.
2024-11-05T13:13:18.099-05:00  INFO 7772 --- [SysPasteleriaDulcesitoFx] [JavaFX-Launcher] o.s.boot.SpringApplication               : Starting application using Java 22.0.2 with PID 7772 (started by Datos in D:\ce nosostros }\EVALUACION-U2-main\EVALUACION-U2-main\SysPasteleriaDulcesitoFx)
2024-11-05T13:13:18.101-05:00  INFO 7772 --- [SysPasteleriaDulcesitoFx] [JavaFX-Launcher] o.s.boot.SpringApplication               : No active profile set, falling back to 1 default profile: "default"
2024-11-05T13:13:18.515-05:00  INFO 7772 --- [SysPasteleriaDulcesitoFx] [JavaFX-Launcher] .s.d.r.c.RepositoryConfigurationDelegate : Bootstrapping Spring Data JPA repositories in DEFAULT mode.
2024-11-05T13:13:18.569-05:00  INFO 7772 --- [SysPasteleriaDulcesitoFx] [JavaFX-Launcher] .s.d.r.c.RepositoryConfigurationDelegate : Finished Spring Data repository scanning in 49 ms. Found 15 JPA repository interfaces.
2024-11-05T13:13:18.859-05:00  INFO 7772 --- [SysPasteleriaDulcesitoFx] [JavaFX-Launcher] o.hibernate.jpa.internal.util.LogHelper  : HHH000204: Processing PersistenceUnitInfo [name: default]
2024-11-05T13:13:18.888-05:00  INFO 7772 --- [SysPasteleriaDulcesitoFx] [JavaFX-Launcher] org.hibernate.Version                    : HHH000412: Hibernate ORM core version 6.5.3.Final
2024-11-05T13:13:18.902-05:00  INFO 7772 --- [SysPasteleriaDulcesitoFx] [JavaFX-Launcher] o.h.c.internal.RegionFactoryInitiator    : HHH000026: Second-level cache disabled
2024-11-05T13:13:19.042-05:00  INFO 7772 --- [SysPasteleriaDulcesitoFx] [JavaFX-Launcher] o.s.o.j.p.SpringPersistenceUnitInfo      : No LoadTimeWeaver setup: ignoring JPA class transformer
2024-11-05T13:13:19.059-05:00  INFO 7772 --- [SysPasteleriaDulcesitoFx] [JavaFX-Launcher] com.zaxxer.hikari.HikariDataSource       : HikariPool-1 - Starting...
2024-11-05T13:13:19.186-05:00  INFO 7772 --- [SysPasteleriaDulcesitoFx] [JavaFX-Launcher] com.zaxxer.hikari.pool.HikariPool        : HikariPool-1 - Added connection org.sqlite.jdbc4.JDBC4Connection@cdae120
2024-11-05T13:13:19.187-05:00  INFO 7772 --- [SysPasteleriaDulcesitoFx] [JavaFX-Launcher] com.zaxxer.hikari.HikariDataSource       : HikariPool-1 - Start completed.
2024-11-05T13:13:19.902-05:00  INFO 7772 --- [SysPasteleriaDulcesitoFx] [JavaFX-Launcher] o.h.e.t.j.p.i.JtaPlatformInitiator       : HHH000489: No JTA platform available (set 'hibernate.transaction.jta.platform' to enable JTA platform integration)
2024-11-05T13:13:19.923-05:00  INFO 7772 --- [SysPasteleriaDulcesitoFx] [JavaFX-Launcher] j.LocalContainerEntityManagerFactoryBean : Initialized JPA EntityManagerFactory for persistence unit 'default'
2024-11-05T13:13:20.155-05:00  INFO 7772 --- [SysPasteleriaDulcesitoFx] [JavaFX-Launcher] o.s.d.j.r.query.QueryEnhancerFactory     : Hibernate is in classpath; If applicable, HQL parser will be used.
2024-11-05T13:13:20.387-05:00  INFO 7772 --- [SysPasteleriaDulcesitoFx] [JavaFX-Launcher] o.s.boot.SpringApplication               : Started application in 2.696 seconds (process running for 3.119)
2024-11-05T13:15:52.044-05:00  INFO 7772 --- [SysPasteleriaDulcesitoFx] [JavaFX Application Thread] j.LocalContainerEntityManagerFactoryBean : Closing JPA EntityManagerFactory for persistence unit 'default'
2024-11-05T13:15:52.044-05:00  INFO 7772 --- [SysPasteleriaDulcesitoFx] [JavaFX Application Thread] com.zaxxer.hikari.HikariDataSource       : HikariPool-1 - Shutdown initiated...
2024-11-05T13:15:52.054-05:00  INFO 7772 --- [SysPasteleriaDulcesitoFx] [JavaFX Application Thread] com.zaxxer.hikari.HikariDataSource       : HikariPool-1 - Shutdown completed.
2024-11-05T19:23:15.759-05:00  INFO 2044 --- [SysPasteleriaDulcesitoFx] [JavaFX-Launcher] o.s.boot.SpringApplication               : Starting application using Java 17.0.8 with PID 2044 (started by manue in C:\Users\manue\Downloads\EVALUACION-U2-main\EVALUACION-U2-main\SysPasteleriaDulcesitoFx)
2024-11-05T19:23:15.764-05:00  INFO 2044 --- [SysPasteleriaDulcesitoFx] [JavaFX-Launcher] o.s.boot.SpringApplication               : No active profile set, falling back to 1 default profile: "default"
2024-11-05T19:23:18.434-05:00  INFO 2044 --- [SysPasteleriaDulcesitoFx] [JavaFX-Launcher] .s.d.r.c.RepositoryConfigurationDelegate : Bootstrapping Spring Data JPA repositories in DEFAULT mode.
2024-11-05T19:23:18.731-05:00  INFO 2044 --- [SysPasteleriaDulcesitoFx] [JavaFX-Launcher] .s.d.r.c.RepositoryConfigurationDelegate : Finished Spring Data repository scanning in 277 ms. Found 15 JPA repository interfaces.
2024-11-05T19:23:20.266-05:00  INFO 2044 --- [SysPasteleriaDulcesitoFx] [JavaFX-Launcher] o.hibernate.jpa.internal.util.LogHelper  : HHH000204: Processing PersistenceUnitInfo [name: default]
2024-11-05T19:23:20.407-05:00  INFO 2044 --- [SysPasteleriaDulcesitoFx] [JavaFX-Launcher] org.hibernate.Version                    : HHH000412: Hibernate ORM core version 6.5.3.Final
2024-11-05T19:23:20.478-05:00  INFO 2044 --- [SysPasteleriaDulcesitoFx] [JavaFX-Launcher] o.h.c.internal.RegionFactoryInitiator    : HHH000026: Second-level cache disabled
2024-11-05T19:23:22.762-05:00  INFO 2044 --- [SysPasteleriaDulcesitoFx] [JavaFX-Launcher] o.s.o.j.p.SpringPersistenceUnitInfo      : No LoadTimeWeaver setup: ignoring JPA class transformer
2024-11-05T19:23:22.848-05:00  INFO 2044 --- [SysPasteleriaDulcesitoFx] [JavaFX-Launcher] com.zaxxer.hikari.HikariDataSource       : HikariPool-1 - Starting...
2024-11-05T19:23:24.007-05:00  INFO 2044 --- [SysPasteleriaDulcesitoFx] [JavaFX-Launcher] com.zaxxer.hikari.pool.HikariPool        : HikariPool-1 - Added connection org.sqlite.jdbc4.JDBC4Connection@60ae4811
2024-11-05T19:23:24.010-05:00  INFO 2044 --- [SysPasteleriaDulcesitoFx] [JavaFX-Launcher] com.zaxxer.hikari.HikariDataSource       : HikariPool-1 - Start completed.
2024-11-05T19:23:56.773-05:00  INFO 2044 --- [SysPasteleriaDulcesitoFx] [JavaFX-Launcher] o.h.e.t.j.p.i.JtaPlatformInitiator       : HHH000489: No JTA platform available (set 'hibernate.transaction.jta.platform' to enable JTA platform integration)
2024-11-05T19:23:56.855-05:00  INFO 2044 --- [SysPasteleriaDulcesitoFx] [JavaFX-Launcher] j.LocalContainerEntityManagerFactoryBean : Initialized JPA EntityManagerFactory for persistence unit 'default'
2024-11-05T19:23:58.434-05:00  INFO 2044 --- [SysPasteleriaDulcesitoFx] [JavaFX-Launcher] o.s.d.j.r.query.QueryEnhancerFactory     : Hibernate is in classpath; If applicable, HQL parser will be used.
2024-11-05T19:24:00.727-05:00  INFO 2044 --- [SysPasteleriaDulcesitoFx] [JavaFX-Launcher] o.s.boot.SpringApplication               : Started application in 46.859 seconds (process running for 59.783)
2024-11-05T20:46:08.482-05:00  INFO 2044 --- [SysPasteleriaDulcesitoFx] [SpringApplicationShutdownHook] j.LocalContainerEntityManagerFactoryBean : Closing JPA EntityManagerFactory for persistence unit 'default'
2024-11-05T20:46:08.536-05:00  INFO 2044 --- [SysPasteleriaDulcesitoFx] [SpringApplicationShutdownHook] com.zaxxer.hikari.HikariDataSource       : HikariPool-1 - Shutdown initiated...
2024-11-05T20:46:08.551-05:00  INFO 2044 --- [SysPasteleriaDulcesitoFx] [SpringApplicationShutdownHook] com.zaxxer.hikari.HikariDataSource       : HikariPool-1 - Shutdown completed.
2024-11-05T20:46:08.981-05:00  INFO 8928 --- [SysPasteleriaDulcesitoFx] [JavaFX-Launcher] o.s.boot.SpringApplication               : Starting application using Java 17.0.8 with PID 8928 (started by manue in C:\Users\manue\Downloads\EVALUACION-U2-main\EVALUACION-U2-main\SysPasteleriaDulcesitoFx)
2024-11-05T20:46:08.987-05:00  INFO 8928 --- [SysPasteleriaDulcesitoFx] [JavaFX-Launcher] o.s.boot.SpringApplication               : No active profile set, falling back to 1 default profile: "default"
2024-11-05T20:46:11.291-05:00  INFO 8928 --- [SysPasteleriaDulcesitoFx] [JavaFX-Launcher] .s.d.r.c.RepositoryConfigurationDelegate : Bootstrapping Spring Data JPA repositories in DEFAULT mode.
2024-11-05T20:46:11.442-05:00  INFO 8928 --- [SysPasteleriaDulcesitoFx] [JavaFX-Launcher] .s.d.r.c.RepositoryConfigurationDelegate : Finished Spring Data repository scanning in 139 ms. Found 15 JPA repository interfaces.
2024-11-05T20:46:12.474-05:00  INFO 8928 --- [SysPasteleriaDulcesitoFx] [JavaFX-Launcher] o.hibernate.jpa.internal.util.LogHelper  : HHH000204: Processing PersistenceUnitInfo [name: default]
2024-11-05T20:46:12.715-05:00  INFO 8928 --- [SysPasteleriaDulcesitoFx] [JavaFX-Launcher] org.hibernate.Version                    : HHH000412: Hibernate ORM core version 6.5.3.Final
2024-11-05T20:46:12.856-05:00  INFO 8928 --- [SysPasteleriaDulcesitoFx] [JavaFX-Launcher] o.h.c.internal.RegionFactoryInitiator    : HHH000026: Second-level cache disabled
2024-11-05T20:46:13.951-05:00  INFO 8928 --- [SysPasteleriaDulcesitoFx] [JavaFX-Launcher] o.s.o.j.p.SpringPersistenceUnitInfo      : No LoadTimeWeaver setup: ignoring JPA class transformer
2024-11-05T20:46:14.506-05:00  INFO 8928 --- [SysPasteleriaDulcesitoFx] [JavaFX-Launcher] com.zaxxer.hikari.HikariDataSource       : HikariPool-1 - Starting...
2024-11-05T20:46:14.903-05:00  INFO 8928 --- [SysPasteleriaDulcesitoFx] [JavaFX-Launcher] com.zaxxer.hikari.pool.HikariPool        : HikariPool-1 - Added connection org.sqlite.jdbc4.JDBC4Connection@1f5edd7d
2024-11-05T20:46:14.907-05:00  INFO 8928 --- [SysPasteleriaDulcesitoFx] [JavaFX-Launcher] com.zaxxer.hikari.HikariDataSource       : HikariPool-1 - Start completed.
2024-11-05T20:46:17.174-05:00  INFO 8928 --- [SysPasteleriaDulcesitoFx] [JavaFX-Launcher] o.h.e.t.j.p.i.JtaPlatformInitiator       : HHH000489: No JTA platform available (set 'hibernate.transaction.jta.platform' to enable JTA platform integration)
2024-11-05T20:46:18.442-05:00  INFO 8928 --- [SysPasteleriaDulcesitoFx] [JavaFX-Launcher] j.LocalContainerEntityManagerFactoryBean : Initialized JPA EntityManagerFactory for persistence unit 'default'
2024-11-05T20:46:19.275-05:00  INFO 8928 --- [SysPasteleriaDulcesitoFx] [JavaFX-Launcher] o.s.d.j.r.query.QueryEnhancerFactory     : Hibernate is in classpath; If applicable, HQL parser will be used.
2024-11-05T20:46:21.206-05:00  INFO 8928 --- [SysPasteleriaDulcesitoFx] [JavaFX-Launcher] o.s.boot.SpringApplication               : Started application in 13.502 seconds (process running for 15.199)
2024-11-05T20:48:51.077-05:00  INFO 8928 --- [SysPasteleriaDulcesitoFx] [SpringApplicationShutdownHook] j.LocalContainerEntityManagerFactoryBean : Closing JPA EntityManagerFactory for persistence unit 'default'
2024-11-05T20:48:51.083-05:00  INFO 8928 --- [SysPasteleriaDulcesitoFx] [SpringApplicationShutdownHook] com.zaxxer.hikari.HikariDataSource       : HikariPool-1 - Shutdown initiated...
2024-11-05T20:48:51.089-05:00  INFO 8928 --- [SysPasteleriaDulcesitoFx] [SpringApplicationShutdownHook] com.zaxxer.hikari.HikariDataSource       : HikariPool-1 - Shutdown completed.
2024-11-05T20:48:57.855-05:00  INFO 18672 --- [SysPasteleriaDulcesitoFx] [JavaFX-Launcher] o.s.boot.SpringApplication               : Starting application using Java 17.0.8 with PID 18672 (started by manue in C:\Users\manue\Downloads\EVALUACION-U2-main\EVALUACION-U2-main\SysPasteleriaDulcesitoFx)
2024-11-05T20:48:57.860-05:00  INFO 18672 --- [SysPasteleriaDulcesitoFx] [JavaFX-Launcher] o.s.boot.SpringApplication               : No active profile set, falling back to 1 default profile: "default"
2024-11-05T20:48:59.876-05:00  INFO 18672 --- [SysPasteleriaDulcesitoFx] [JavaFX-Launcher] .s.d.r.c.RepositoryConfigurationDelegate : Bootstrapping Spring Data JPA repositories in DEFAULT mode.
2024-11-05T20:49:00.097-05:00  INFO 18672 --- [SysPasteleriaDulcesitoFx] [JavaFX-Launcher] .s.d.r.c.RepositoryConfigurationDelegate : Finished Spring Data repository scanning in 209 ms. Found 15 JPA repository interfaces.
2024-11-05T20:49:00.999-05:00  INFO 18672 --- [SysPasteleriaDulcesitoFx] [JavaFX-Launcher] o.hibernate.jpa.internal.util.LogHelper  : HHH000204: Processing PersistenceUnitInfo [name: default]
2024-11-05T20:49:01.101-05:00  INFO 18672 --- [SysPasteleriaDulcesitoFx] [JavaFX-Launcher] org.hibernate.Version                    : HHH000412: Hibernate ORM core version 6.5.3.Final
2024-11-05T20:49:01.166-05:00  INFO 18672 --- [SysPasteleriaDulcesitoFx] [JavaFX-Launcher] o.h.c.internal.RegionFactoryInitiator    : HHH000026: Second-level cache disabled
2024-11-05T20:49:01.565-05:00  INFO 18672 --- [SysPasteleriaDulcesitoFx] [JavaFX-Launcher] o.s.o.j.p.SpringPersistenceUnitInfo      : No LoadTimeWeaver setup: ignoring JPA class transformer
2024-11-05T20:49:01.655-05:00  INFO 18672 --- [SysPasteleriaDulcesitoFx] [JavaFX-Launcher] com.zaxxer.hikari.HikariDataSource       : HikariPool-1 - Starting...
2024-11-05T20:49:02.160-05:00  INFO 18672 --- [SysPasteleriaDulcesitoFx] [JavaFX-Launcher] com.zaxxer.hikari.pool.HikariPool        : HikariPool-1 - Added connection org.sqlite.jdbc4.JDBC4Connection@42ef5517
2024-11-05T20:49:02.164-05:00  INFO 18672 --- [SysPasteleriaDulcesitoFx] [JavaFX-Launcher] com.zaxxer.hikari.HikariDataSource       : HikariPool-1 - Start completed.
2024-11-05T20:49:04.117-05:00  INFO 18672 --- [SysPasteleriaDulcesitoFx] [JavaFX-Launcher] o.h.e.t.j.p.i.JtaPlatformInitiator       : HHH000489: No JTA platform available (set 'hibernate.transaction.jta.platform' to enable JTA platform integration)
2024-11-05T20:49:04.194-05:00  INFO 18672 --- [SysPasteleriaDulcesitoFx] [JavaFX-Launcher] j.LocalContainerEntityManagerFactoryBean : Initialized JPA EntityManagerFactory for persistence unit 'default'
2024-11-05T20:49:04.740-05:00  INFO 18672 --- [SysPasteleriaDulcesitoFx] [JavaFX-Launcher] o.s.d.j.r.query.QueryEnhancerFactory     : Hibernate is in classpath; If applicable, HQL parser will be used.
2024-11-05T20:49:06.119-05:00  INFO 18672 --- [SysPasteleriaDulcesitoFx] [JavaFX-Launcher] o.s.boot.SpringApplication               : Started application in 9.269 seconds (process running for 10.653)
2024-11-05T20:54:34.507-05:00  INFO 18672 --- [SysPasteleriaDulcesitoFx] [SpringApplicationShutdownHook] j.LocalContainerEntityManagerFactoryBean : Closing JPA EntityManagerFactory for persistence unit 'default'
2024-11-05T20:54:34.518-05:00  INFO 18672 --- [SysPasteleriaDulcesitoFx] [SpringApplicationShutdownHook] com.zaxxer.hikari.HikariDataSource       : HikariPool-1 - Shutdown initiated...
2024-11-05T20:54:34.533-05:00  INFO 18672 --- [SysPasteleriaDulcesitoFx] [SpringApplicationShutdownHook] com.zaxxer.hikari.HikariDataSource       : HikariPool-1 - Shutdown completed.
2024-11-05T20:54:40.484-05:00  INFO 15080 --- [SysPasteleriaDulcesitoFx] [JavaFX-Launcher] o.s.boot.SpringApplication               : Starting application using Java 17.0.8 with PID 15080 (started by manue in C:\Users\manue\Downloads\EVALUACION-U2-main\EVALUACION-U2-main\SysPasteleriaDulcesitoFx)
2024-11-05T20:54:40.498-05:00  INFO 15080 --- [SysPasteleriaDulcesitoFx] [JavaFX-Launcher] o.s.boot.SpringApplication               : No active profile set, falling back to 1 default profile: "default"
2024-11-05T20:54:42.764-05:00  INFO 15080 --- [SysPasteleriaDulcesitoFx] [JavaFX-Launcher] .s.d.r.c.RepositoryConfigurationDelegate : Bootstrapping Spring Data JPA repositories in DEFAULT mode.
2024-11-05T20:54:43.138-05:00  INFO 15080 --- [SysPasteleriaDulcesitoFx] [JavaFX-Launcher] .s.d.r.c.RepositoryConfigurationDelegate : Finished Spring Data repository scanning in 316 ms. Found 15 JPA repository interfaces.
2024-11-05T20:54:46.677-05:00  INFO 15080 --- [SysPasteleriaDulcesitoFx] [JavaFX-Launcher] o.hibernate.jpa.internal.util.LogHelper  : HHH000204: Processing PersistenceUnitInfo [name: default]
2024-11-05T20:54:46.816-05:00  INFO 15080 --- [SysPasteleriaDulcesitoFx] [JavaFX-Launcher] org.hibernate.Version                    : HHH000412: Hibernate ORM core version 6.5.3.Final
2024-11-05T20:54:46.888-05:00  INFO 15080 --- [SysPasteleriaDulcesitoFx] [JavaFX-Launcher] o.h.c.internal.RegionFactoryInitiator    : HHH000026: Second-level cache disabled
2024-11-05T20:54:47.446-05:00  INFO 15080 --- [SysPasteleriaDulcesitoFx] [JavaFX-Launcher] o.s.o.j.p.SpringPersistenceUnitInfo      : No LoadTimeWeaver setup: ignoring JPA class transformer
2024-11-05T20:54:47.540-05:00  INFO 15080 --- [SysPasteleriaDulcesitoFx] [JavaFX-Launcher] com.zaxxer.hikari.HikariDataSource       : HikariPool-1 - Starting...
2024-11-05T20:54:47.746-05:00  INFO 15080 --- [SysPasteleriaDulcesitoFx] [JavaFX-Launcher] com.zaxxer.hikari.pool.HikariPool        : HikariPool-1 - Added connection org.sqlite.jdbc4.JDBC4Connection@196462fb
2024-11-05T20:54:47.749-05:00  INFO 15080 --- [SysPasteleriaDulcesitoFx] [JavaFX-Launcher] com.zaxxer.hikari.HikariDataSource       : HikariPool-1 - Start completed.
2024-11-05T20:54:50.736-05:00  INFO 15080 --- [SysPasteleriaDulcesitoFx] [JavaFX-Launcher] o.h.e.t.j.p.i.JtaPlatformInitiator       : HHH000489: No JTA platform available (set 'hibernate.transaction.jta.platform' to enable JTA platform integration)
2024-11-05T20:54:50.830-05:00  INFO 15080 --- [SysPasteleriaDulcesitoFx] [JavaFX-Launcher] j.LocalContainerEntityManagerFactoryBean : Initialized JPA EntityManagerFactory for persistence unit 'default'
2024-11-05T20:54:51.745-05:00  INFO 15080 --- [SysPasteleriaDulcesitoFx] [JavaFX-Launcher] o.s.d.j.r.query.QueryEnhancerFactory     : Hibernate is in classpath; If applicable, HQL parser will be used.
2024-11-05T20:54:53.343-05:00  INFO 15080 --- [SysPasteleriaDulcesitoFx] [JavaFX-Launcher] o.s.boot.SpringApplication               : Started application in 13.9 seconds (process running for 15.433)
2024-11-05T21:04:59.185-05:00  INFO 15080 --- [SysPasteleriaDulcesitoFx] [JavaFX Application Thread] j.LocalContainerEntityManagerFactoryBean : Closing JPA EntityManagerFactory for persistence unit 'default'
2024-11-05T21:04:59.192-05:00  INFO 15080 --- [SysPasteleriaDulcesitoFx] [JavaFX Application Thread] com.zaxxer.hikari.HikariDataSource       : HikariPool-1 - Shutdown initiated...
2024-11-05T21:04:59.226-05:00  INFO 15080 --- [SysPasteleriaDulcesitoFx] [JavaFX Application Thread] com.zaxxer.hikari.HikariDataSource       : HikariPool-1 - Shutdown completed.
2024-11-05T21:05:07.745-05:00  INFO 13788 --- [SysPasteleriaDulcesitoFx] [JavaFX-Launcher] o.s.boot.SpringApplication               : Starting application using Java 17.0.8 with PID 13788 (started by manue in C:\Users\manue\Downloads\EVALUACION-U2-main\EVALUACION-U2-main\SysPasteleriaDulcesitoFx)
2024-11-05T21:05:07.756-05:00  INFO 13788 --- [SysPasteleriaDulcesitoFx] [JavaFX-Launcher] o.s.boot.SpringApplication               : No active profile set, falling back to 1 default profile: "default"
2024-11-05T21:05:09.903-05:00  INFO 13788 --- [SysPasteleriaDulcesitoFx] [JavaFX-Launcher] .s.d.r.c.RepositoryConfigurationDelegate : Bootstrapping Spring Data JPA repositories in DEFAULT mode.
2024-11-05T21:05:10.105-05:00  INFO 13788 --- [SysPasteleriaDulcesitoFx] [JavaFX-Launcher] .s.d.r.c.RepositoryConfigurationDelegate : Finished Spring Data repository scanning in 191 ms. Found 15 JPA repository interfaces.
2024-11-05T21:05:11.410-05:00  INFO 13788 --- [SysPasteleriaDulcesitoFx] [JavaFX-Launcher] o.hibernate.jpa.internal.util.LogHelper  : HHH000204: Processing PersistenceUnitInfo [name: default]
2024-11-05T21:05:11.585-05:00  INFO 13788 --- [SysPasteleriaDulcesitoFx] [JavaFX-Launcher] org.hibernate.Version                    : HHH000412: Hibernate ORM core version 6.5.3.Final
2024-11-05T21:05:11.683-05:00  INFO 13788 --- [SysPasteleriaDulcesitoFx] [JavaFX-Launcher] o.h.c.internal.RegionFactoryInitiator    : HHH000026: Second-level cache disabled
2024-11-05T21:05:12.175-05:00  INFO 13788 --- [SysPasteleriaDulcesitoFx] [JavaFX-Launcher] o.s.o.j.p.SpringPersistenceUnitInfo      : No LoadTimeWeaver setup: ignoring JPA class transformer
2024-11-05T21:05:12.246-05:00  INFO 13788 --- [SysPasteleriaDulcesitoFx] [JavaFX-Launcher] com.zaxxer.hikari.HikariDataSource       : HikariPool-1 - Starting...
2024-11-05T21:05:12.489-05:00  INFO 13788 --- [SysPasteleriaDulcesitoFx] [JavaFX-Launcher] com.zaxxer.hikari.pool.HikariPool        : HikariPool-1 - Added connection org.sqlite.jdbc4.JDBC4Connection@18fc9c6
2024-11-05T21:05:12.491-05:00  INFO 13788 --- [SysPasteleriaDulcesitoFx] [JavaFX-Launcher] com.zaxxer.hikari.HikariDataSource       : HikariPool-1 - Start completed.
2024-11-05T21:05:12.765-05:00 ERROR 13788 --- [SysPasteleriaDulcesitoFx] [JavaFX-Launcher] j.LocalContainerEntityManagerFactoryBean : Failed to initialize JPA EntityManagerFactory: Entity 'pe.edu.upeu.syspasteleriadulcesitofx.modelo.Cliente' has no identifier (every '@Entity' class must declare or inherit at least one '@Id' or '@EmbeddedId' property)
2024-11-05T21:05:12.767-05:00  WARN 13788 --- [SysPasteleriaDulcesitoFx] [JavaFX-Launcher] s.c.a.AnnotationConfigApplicationContext : Exception encountered during context initialization - cancelling refresh attempt: org.springframework.beans.factory.BeanCreationException: Error creating bean with name 'entityManagerFactory' defined in class path resource [org/springframework/boot/autoconfigure/orm/jpa/HibernateJpaConfiguration.class]: Entity 'pe.edu.upeu.syspasteleriadulcesitofx.modelo.Cliente' has no identifier (every '@Entity' class must declare or inherit at least one '@Id' or '@EmbeddedId' property)
2024-11-05T21:05:12.768-05:00  INFO 13788 --- [SysPasteleriaDulcesitoFx] [JavaFX-Launcher] com.zaxxer.hikari.HikariDataSource       : HikariPool-1 - Shutdown initiated...
2024-11-05T21:05:12.790-05:00  INFO 13788 --- [SysPasteleriaDulcesitoFx] [JavaFX-Launcher] com.zaxxer.hikari.HikariDataSource       : HikariPool-1 - Shutdown completed.
2024-11-05T21:05:12.829-05:00  INFO 13788 --- [SysPasteleriaDulcesitoFx] [JavaFX-Launcher] .s.b.a.l.ConditionEvaluationReportLogger : 

Error starting ApplicationContext. To display the condition evaluation report re-run your application with 'debug' enabled.
2024-11-05T21:05:12.872-05:00 ERROR 13788 --- [SysPasteleriaDulcesitoFx] [JavaFX-Launcher] o.s.boot.SpringApplication               : Application run failed

org.springframework.beans.factory.BeanCreationException: Error creating bean with name 'entityManagerFactory' defined in class path resource [org/springframework/boot/autoconfigure/orm/jpa/HibernateJpaConfiguration.class]: Entity 'pe.edu.upeu.syspasteleriadulcesitofx.modelo.Cliente' has no identifier (every '@Entity' class must declare or inherit at least one '@Id' or '@EmbeddedId' property)
	at org.springframework.beans.factory.support.AbstractAutowireCapableBeanFactory.initializeBean(AbstractAutowireCapableBeanFactory.java:1806) ~[spring-beans-6.1.13.jar:6.1.13]
	at org.springframework.beans.factory.support.AbstractAutowireCapableBeanFactory.doCreateBean(AbstractAutowireCapableBeanFactory.java:600) ~[spring-beans-6.1.13.jar:6.1.13]
	at org.springframework.beans.factory.support.AbstractAutowireCapableBeanFactory.createBean(AbstractAutowireCapableBeanFactory.java:522) ~[spring-beans-6.1.13.jar:6.1.13]
	at org.springframework.beans.factory.support.AbstractBeanFactory.lambda$doGetBean$0(AbstractBeanFactory.java:337) ~[spring-beans-6.1.13.jar:6.1.13]
	at org.springframework.beans.factory.support.DefaultSingletonBeanRegistry.getSingleton(DefaultSingletonBeanRegistry.java:234) ~[spring-beans-6.1.13.jar:6.1.13]
	at org.springframework.beans.factory.support.AbstractBeanFactory.doGetBean(AbstractBeanFactory.java:335) ~[spring-beans-6.1.13.jar:6.1.13]
	at org.springframework.beans.factory.support.AbstractBeanFactory.getBean(AbstractBeanFactory.java:205) ~[spring-beans-6.1.13.jar:6.1.13]
	at org.springframework.context.support.AbstractApplicationContext.finishBeanFactoryInitialization(AbstractApplicationContext.java:954) ~[spring-context-6.1.13.jar:6.1.13]
	at org.springframework.context.support.AbstractApplicationContext.refresh(AbstractApplicationContext.java:625) ~[spring-context-6.1.13.jar:6.1.13]
	at org.springframework.boot.SpringApplication.refresh(SpringApplication.java:754) ~[spring-boot-3.3.4.jar:3.3.4]
	at org.springframework.boot.SpringApplication.refreshContext(SpringApplication.java:456) ~[spring-boot-3.3.4.jar:3.3.4]
	at org.springframework.boot.SpringApplication.run(SpringApplication.java:335) ~[spring-boot-3.3.4.jar:3.3.4]
	at org.springframework.boot.builder.SpringApplicationBuilder.run(SpringApplicationBuilder.java:149) ~[spring-boot-3.3.4.jar:3.3.4]
	at pe.edu.upeu.syspasteleriadulcesitofx.SysPasteleriaDulcesitoFxApplication.init(SysPasteleriaDulcesitoFxApplication.java:29) ~[classes/:na]
	at com.sun.javafx.application.LauncherImpl.launchApplication1(LauncherImpl.java:824) ~[javafx-graphics-16-win.jar:na]
	at com.sun.javafx.application.LauncherImpl.lambda$launchApplication$2(LauncherImpl.java:195) ~[javafx-graphics-16-win.jar:na]
	at java.base/java.lang.Thread.run(Thread.java:833) ~[na:na]
Caused by: org.hibernate.AnnotationException: Entity 'pe.edu.upeu.syspasteleriadulcesitofx.modelo.Cliente' has no identifier (every '@Entity' class must declare or inherit at least one '@Id' or '@EmbeddedId' property)
	at org.hibernate.boot.model.internal.InheritanceState.determineDefaultAccessType(InheritanceState.java:279) ~[hibernate-core-6.5.3.Final.jar:6.5.3.Final]
	at org.hibernate.boot.model.internal.InheritanceState.getElementsToProcess(InheritanceState.java:215) ~[hibernate-core-6.5.3.Final.jar:6.5.3.Final]
	at org.hibernate.boot.model.internal.InheritanceState.postProcess(InheritanceState.java:160) ~[hibernate-core-6.5.3.Final.jar:6.5.3.Final]
	at org.hibernate.boot.model.internal.EntityBinder.handleIdentifier(EntityBinder.java:407) ~[hibernate-core-6.5.3.Final.jar:6.5.3.Final]
	at org.hibernate.boot.model.internal.EntityBinder.bindEntityClass(EntityBinder.java:248) ~[hibernate-core-6.5.3.Final.jar:6.5.3.Final]
	at org.hibernate.boot.model.internal.AnnotationBinder.bindClass(AnnotationBinder.java:399) ~[hibernate-core-6.5.3.Final.jar:6.5.3.Final]
	at org.hibernate.boot.model.source.internal.annotations.AnnotationMetadataSourceProcessorImpl.processEntityHierarchies(AnnotationMetadataSourceProcessorImpl.java:259) ~[hibernate-core-6.5.3.Final.jar:6.5.3.Final]
	at org.hibernate.boot.model.process.spi.MetadataBuildingProcess$1.processEntityHierarchies(MetadataBuildingProcess.java:281) ~[hibernate-core-6.5.3.Final.jar:6.5.3.Final]
	at org.hibernate.boot.model.process.spi.MetadataBuildingProcess.complete(MetadataBuildingProcess.java:324) ~[hibernate-core-6.5.3.Final.jar:6.5.3.Final]
	at org.hibernate.jpa.boot.internal.EntityManagerFactoryBuilderImpl.metadata(EntityManagerFactoryBuilderImpl.java:1431) ~[hibernate-core-6.5.3.Final.jar:6.5.3.Final]
	at org.hibernate.jpa.boot.internal.EntityManagerFactoryBuilderImpl.build(EntityManagerFactoryBuilderImpl.java:1502) ~[hibernate-core-6.5.3.Final.jar:6.5.3.Final]
	at org.springframework.orm.jpa.vendor.SpringHibernateJpaPersistenceProvider.createContainerEntityManagerFactory(SpringHibernateJpaPersistenceProvider.java:75) ~[spring-orm-6.1.13.jar:6.1.13]
	at org.springframework.orm.jpa.LocalContainerEntityManagerFactoryBean.createNativeEntityManagerFactory(LocalContainerEntityManagerFactoryBean.java:390) ~[spring-orm-6.1.13.jar:6.1.13]
	at org.springframework.orm.jpa.AbstractEntityManagerFactoryBean.buildNativeEntityManagerFactory(AbstractEntityManagerFactoryBean.java:409) ~[spring-orm-6.1.13.jar:6.1.13]
	at org.springframework.orm.jpa.AbstractEntityManagerFactoryBean.afterPropertiesSet(AbstractEntityManagerFactoryBean.java:396) ~[spring-orm-6.1.13.jar:6.1.13]
	at org.springframework.orm.jpa.LocalContainerEntityManagerFactoryBean.afterPropertiesSet(LocalContainerEntityManagerFactoryBean.java:366) ~[spring-orm-6.1.13.jar:6.1.13]
	at org.springframework.beans.factory.support.AbstractAutowireCapableBeanFactory.invokeInitMethods(AbstractAutowireCapableBeanFactory.java:1853) ~[spring-beans-6.1.13.jar:6.1.13]
	at org.springframework.beans.factory.support.AbstractAutowireCapableBeanFactory.initializeBean(AbstractAutowireCapableBeanFactory.java:1802) ~[spring-beans-6.1.13.jar:6.1.13]
	... 16 common frames omitted

2024-11-05T21:05:49.434-05:00  INFO 17412 --- [SysPasteleriaDulcesitoFx] [JavaFX-Launcher] o.s.boot.SpringApplication               : Starting application using Java 17.0.8 with PID 17412 (started by manue in C:\Users\manue\Downloads\EVALUACION-U2-main\EVALUACION-U2-main\SysPasteleriaDulcesitoFx)
2024-11-05T21:05:49.446-05:00  INFO 17412 --- [SysPasteleriaDulcesitoFx] [JavaFX-Launcher] o.s.boot.SpringApplication               : No active profile set, falling back to 1 default profile: "default"
2024-11-05T21:05:51.423-05:00  INFO 17412 --- [SysPasteleriaDulcesitoFx] [JavaFX-Launcher] .s.d.r.c.RepositoryConfigurationDelegate : Bootstrapping Spring Data JPA repositories in DEFAULT mode.
2024-11-05T21:05:51.595-05:00  INFO 17412 --- [SysPasteleriaDulcesitoFx] [JavaFX-Launcher] .s.d.r.c.RepositoryConfigurationDelegate : Finished Spring Data repository scanning in 163 ms. Found 15 JPA repository interfaces.
2024-11-05T21:05:52.518-05:00  INFO 17412 --- [SysPasteleriaDulcesitoFx] [JavaFX-Launcher] o.hibernate.jpa.internal.util.LogHelper  : HHH000204: Processing PersistenceUnitInfo [name: default]
2024-11-05T21:05:52.621-05:00  INFO 17412 --- [SysPasteleriaDulcesitoFx] [JavaFX-Launcher] org.hibernate.Version                    : HHH000412: Hibernate ORM core version 6.5.3.Final
2024-11-05T21:05:52.691-05:00  INFO 17412 --- [SysPasteleriaDulcesitoFx] [JavaFX-Launcher] o.h.c.internal.RegionFactoryInitiator    : HHH000026: Second-level cache disabled
2024-11-05T21:05:53.254-05:00  INFO 17412 --- [SysPasteleriaDulcesitoFx] [JavaFX-Launcher] o.s.o.j.p.SpringPersistenceUnitInfo      : No LoadTimeWeaver setup: ignoring JPA class transformer
2024-11-05T21:05:53.348-05:00  INFO 17412 --- [SysPasteleriaDulcesitoFx] [JavaFX-Launcher] com.zaxxer.hikari.HikariDataSource       : HikariPool-1 - Starting...
2024-11-05T21:05:53.620-05:00  INFO 17412 --- [SysPasteleriaDulcesitoFx] [JavaFX-Launcher] com.zaxxer.hikari.pool.HikariPool        : HikariPool-1 - Added connection org.sqlite.jdbc4.JDBC4Connection@559ac720
2024-11-05T21:05:53.624-05:00  INFO 17412 --- [SysPasteleriaDulcesitoFx] [JavaFX-Launcher] com.zaxxer.hikari.HikariDataSource       : HikariPool-1 - Start completed.
2024-11-05T21:05:53.897-05:00 ERROR 17412 --- [SysPasteleriaDulcesitoFx] [JavaFX-Launcher] j.LocalContainerEntityManagerFactoryBean : Failed to initialize JPA EntityManagerFactory: Entity 'pe.edu.upeu.syspasteleriadulcesitofx.modelo.Cliente' has no identifier (every '@Entity' class must declare or inherit at least one '@Id' or '@EmbeddedId' property)
2024-11-05T21:05:53.899-05:00  WARN 17412 --- [SysPasteleriaDulcesitoFx] [JavaFX-Launcher] s.c.a.AnnotationConfigApplicationContext : Exception encountered during context initialization - cancelling refresh attempt: org.springframework.beans.factory.BeanCreationException: Error creating bean with name 'entityManagerFactory' defined in class path resource [org/springframework/boot/autoconfigure/orm/jpa/HibernateJpaConfiguration.class]: Entity 'pe.edu.upeu.syspasteleriadulcesitofx.modelo.Cliente' has no identifier (every '@Entity' class must declare or inherit at least one '@Id' or '@EmbeddedId' property)
2024-11-05T21:05:53.900-05:00  INFO 17412 --- [SysPasteleriaDulcesitoFx] [JavaFX-Launcher] com.zaxxer.hikari.HikariDataSource       : HikariPool-1 - Shutdown initiated...
2024-11-05T21:05:53.921-05:00  INFO 17412 --- [SysPasteleriaDulcesitoFx] [JavaFX-Launcher] com.zaxxer.hikari.HikariDataSource       : HikariPool-1 - Shutdown completed.
2024-11-05T21:05:53.958-05:00  INFO 17412 --- [SysPasteleriaDulcesitoFx] [JavaFX-Launcher] .s.b.a.l.ConditionEvaluationReportLogger : 

Error starting ApplicationContext. To display the condition evaluation report re-run your application with 'debug' enabled.
2024-11-05T21:05:54.004-05:00 ERROR 17412 --- [SysPasteleriaDulcesitoFx] [JavaFX-Launcher] o.s.boot.SpringApplication               : Application run failed

org.springframework.beans.factory.BeanCreationException: Error creating bean with name 'entityManagerFactory' defined in class path resource [org/springframework/boot/autoconfigure/orm/jpa/HibernateJpaConfiguration.class]: Entity 'pe.edu.upeu.syspasteleriadulcesitofx.modelo.Cliente' has no identifier (every '@Entity' class must declare or inherit at least one '@Id' or '@EmbeddedId' property)
	at org.springframework.beans.factory.support.AbstractAutowireCapableBeanFactory.initializeBean(AbstractAutowireCapableBeanFactory.java:1806) ~[spring-beans-6.1.13.jar:6.1.13]
	at org.springframework.beans.factory.support.AbstractAutowireCapableBeanFactory.doCreateBean(AbstractAutowireCapableBeanFactory.java:600) ~[spring-beans-6.1.13.jar:6.1.13]
	at org.springframework.beans.factory.support.AbstractAutowireCapableBeanFactory.createBean(AbstractAutowireCapableBeanFactory.java:522) ~[spring-beans-6.1.13.jar:6.1.13]
	at org.springframework.beans.factory.support.AbstractBeanFactory.lambda$doGetBean$0(AbstractBeanFactory.java:337) ~[spring-beans-6.1.13.jar:6.1.13]
	at org.springframework.beans.factory.support.DefaultSingletonBeanRegistry.getSingleton(DefaultSingletonBeanRegistry.java:234) ~[spring-beans-6.1.13.jar:6.1.13]
	at org.springframework.beans.factory.support.AbstractBeanFactory.doGetBean(AbstractBeanFactory.java:335) ~[spring-beans-6.1.13.jar:6.1.13]
	at org.springframework.beans.factory.support.AbstractBeanFactory.getBean(AbstractBeanFactory.java:205) ~[spring-beans-6.1.13.jar:6.1.13]
	at org.springframework.context.support.AbstractApplicationContext.finishBeanFactoryInitialization(AbstractApplicationContext.java:954) ~[spring-context-6.1.13.jar:6.1.13]
	at org.springframework.context.support.AbstractApplicationContext.refresh(AbstractApplicationContext.java:625) ~[spring-context-6.1.13.jar:6.1.13]
	at org.springframework.boot.SpringApplication.refresh(SpringApplication.java:754) ~[spring-boot-3.3.4.jar:3.3.4]
	at org.springframework.boot.SpringApplication.refreshContext(SpringApplication.java:456) ~[spring-boot-3.3.4.jar:3.3.4]
	at org.springframework.boot.SpringApplication.run(SpringApplication.java:335) ~[spring-boot-3.3.4.jar:3.3.4]
	at org.springframework.boot.builder.SpringApplicationBuilder.run(SpringApplicationBuilder.java:149) ~[spring-boot-3.3.4.jar:3.3.4]
	at pe.edu.upeu.syspasteleriadulcesitofx.SysPasteleriaDulcesitoFxApplication.init(SysPasteleriaDulcesitoFxApplication.java:29) ~[classes/:na]
	at com.sun.javafx.application.LauncherImpl.launchApplication1(LauncherImpl.java:824) ~[javafx-graphics-16-win.jar:na]
	at com.sun.javafx.application.LauncherImpl.lambda$launchApplication$2(LauncherImpl.java:195) ~[javafx-graphics-16-win.jar:na]
	at java.base/java.lang.Thread.run(Thread.java:833) ~[na:na]
Caused by: org.hibernate.AnnotationException: Entity 'pe.edu.upeu.syspasteleriadulcesitofx.modelo.Cliente' has no identifier (every '@Entity' class must declare or inherit at least one '@Id' or '@EmbeddedId' property)
	at org.hibernate.boot.model.internal.InheritanceState.determineDefaultAccessType(InheritanceState.java:279) ~[hibernate-core-6.5.3.Final.jar:6.5.3.Final]
	at org.hibernate.boot.model.internal.InheritanceState.getElementsToProcess(InheritanceState.java:215) ~[hibernate-core-6.5.3.Final.jar:6.5.3.Final]
	at org.hibernate.boot.model.internal.InheritanceState.postProcess(InheritanceState.java:160) ~[hibernate-core-6.5.3.Final.jar:6.5.3.Final]
	at org.hibernate.boot.model.internal.EntityBinder.handleIdentifier(EntityBinder.java:407) ~[hibernate-core-6.5.3.Final.jar:6.5.3.Final]
	at org.hibernate.boot.model.internal.EntityBinder.bindEntityClass(EntityBinder.java:248) ~[hibernate-core-6.5.3.Final.jar:6.5.3.Final]
	at org.hibernate.boot.model.internal.AnnotationBinder.bindClass(AnnotationBinder.java:399) ~[hibernate-core-6.5.3.Final.jar:6.5.3.Final]
	at org.hibernate.boot.model.source.internal.annotations.AnnotationMetadataSourceProcessorImpl.processEntityHierarchies(AnnotationMetadataSourceProcessorImpl.java:259) ~[hibernate-core-6.5.3.Final.jar:6.5.3.Final]
	at org.hibernate.boot.model.process.spi.MetadataBuildingProcess$1.processEntityHierarchies(MetadataBuildingProcess.java:281) ~[hibernate-core-6.5.3.Final.jar:6.5.3.Final]
	at org.hibernate.boot.model.process.spi.MetadataBuildingProcess.complete(MetadataBuildingProcess.java:324) ~[hibernate-core-6.5.3.Final.jar:6.5.3.Final]
	at org.hibernate.jpa.boot.internal.EntityManagerFactoryBuilderImpl.metadata(EntityManagerFactoryBuilderImpl.java:1431) ~[hibernate-core-6.5.3.Final.jar:6.5.3.Final]
	at org.hibernate.jpa.boot.internal.EntityManagerFactoryBuilderImpl.build(EntityManagerFactoryBuilderImpl.java:1502) ~[hibernate-core-6.5.3.Final.jar:6.5.3.Final]
	at org.springframework.orm.jpa.vendor.SpringHibernateJpaPersistenceProvider.createContainerEntityManagerFactory(SpringHibernateJpaPersistenceProvider.java:75) ~[spring-orm-6.1.13.jar:6.1.13]
	at org.springframework.orm.jpa.LocalContainerEntityManagerFactoryBean.createNativeEntityManagerFactory(LocalContainerEntityManagerFactoryBean.java:390) ~[spring-orm-6.1.13.jar:6.1.13]
	at org.springframework.orm.jpa.AbstractEntityManagerFactoryBean.buildNativeEntityManagerFactory(AbstractEntityManagerFactoryBean.java:409) ~[spring-orm-6.1.13.jar:6.1.13]
	at org.springframework.orm.jpa.AbstractEntityManagerFactoryBean.afterPropertiesSet(AbstractEntityManagerFactoryBean.java:396) ~[spring-orm-6.1.13.jar:6.1.13]
	at org.springframework.orm.jpa.LocalContainerEntityManagerFactoryBean.afterPropertiesSet(LocalContainerEntityManagerFactoryBean.java:366) ~[spring-orm-6.1.13.jar:6.1.13]
	at org.springframework.beans.factory.support.AbstractAutowireCapableBeanFactory.invokeInitMethods(AbstractAutowireCapableBeanFactory.java:1853) ~[spring-beans-6.1.13.jar:6.1.13]
	at org.springframework.beans.factory.support.AbstractAutowireCapableBeanFactory.initializeBean(AbstractAutowireCapableBeanFactory.java:1802) ~[spring-beans-6.1.13.jar:6.1.13]
	... 16 common frames omitted

2024-11-05T21:06:35.750-05:00  INFO 14248 --- [SysPasteleriaDulcesitoFx] [JavaFX-Launcher] o.s.boot.SpringApplication               : Starting application using Java 17.0.8 with PID 14248 (started by manue in C:\Users\manue\Downloads\EVALUACION-U2-main\EVALUACION-U2-main\SysPasteleriaDulcesitoFx)
2024-11-05T21:06:35.756-05:00  INFO 14248 --- [SysPasteleriaDulcesitoFx] [JavaFX-Launcher] o.s.boot.SpringApplication               : No active profile set, falling back to 1 default profile: "default"
2024-11-05T21:06:37.580-05:00  INFO 14248 --- [SysPasteleriaDulcesitoFx] [JavaFX-Launcher] .s.d.r.c.RepositoryConfigurationDelegate : Bootstrapping Spring Data JPA repositories in DEFAULT mode.
2024-11-05T21:06:37.747-05:00  INFO 14248 --- [SysPasteleriaDulcesitoFx] [JavaFX-Launcher] .s.d.r.c.RepositoryConfigurationDelegate : Finished Spring Data repository scanning in 157 ms. Found 15 JPA repository interfaces.
2024-11-05T21:06:38.623-05:00  INFO 14248 --- [SysPasteleriaDulcesitoFx] [JavaFX-Launcher] o.hibernate.jpa.internal.util.LogHelper  : HHH000204: Processing PersistenceUnitInfo [name: default]
2024-11-05T21:06:38.777-05:00  INFO 14248 --- [SysPasteleriaDulcesitoFx] [JavaFX-Launcher] org.hibernate.Version                    : HHH000412: Hibernate ORM core version 6.5.3.Final
2024-11-05T21:06:38.864-05:00  INFO 14248 --- [SysPasteleriaDulcesitoFx] [JavaFX-Launcher] o.h.c.internal.RegionFactoryInitiator    : HHH000026: Second-level cache disabled
2024-11-05T21:06:39.315-05:00  INFO 14248 --- [SysPasteleriaDulcesitoFx] [JavaFX-Launcher] o.s.o.j.p.SpringPersistenceUnitInfo      : No LoadTimeWeaver setup: ignoring JPA class transformer
2024-11-05T21:06:39.388-05:00  INFO 14248 --- [SysPasteleriaDulcesitoFx] [JavaFX-Launcher] com.zaxxer.hikari.HikariDataSource       : HikariPool-1 - Starting...
2024-11-05T21:06:39.700-05:00  INFO 14248 --- [SysPasteleriaDulcesitoFx] [JavaFX-Launcher] com.zaxxer.hikari.pool.HikariPool        : HikariPool-1 - Added connection org.sqlite.jdbc4.JDBC4Connection@38e23a45
2024-11-05T21:06:39.703-05:00  INFO 14248 --- [SysPasteleriaDulcesitoFx] [JavaFX-Launcher] com.zaxxer.hikari.HikariDataSource       : HikariPool-1 - Start completed.
2024-11-05T21:06:41.690-05:00  INFO 14248 --- [SysPasteleriaDulcesitoFx] [JavaFX-Launcher] o.h.e.t.j.p.i.JtaPlatformInitiator       : HHH000489: No JTA platform available (set 'hibernate.transaction.jta.platform' to enable JTA platform integration)
2024-11-05T21:06:41.770-05:00  INFO 14248 --- [SysPasteleriaDulcesitoFx] [JavaFX-Launcher] j.LocalContainerEntityManagerFactoryBean : Initialized JPA EntityManagerFactory for persistence unit 'default'
2024-11-05T21:06:42.404-05:00  INFO 14248 --- [SysPasteleriaDulcesitoFx] [JavaFX-Launcher] o.s.d.j.r.query.QueryEnhancerFactory     : Hibernate is in classpath; If applicable, HQL parser will be used.
2024-11-05T21:06:44.027-05:00  INFO 14248 --- [SysPasteleriaDulcesitoFx] [JavaFX-Launcher] o.s.boot.SpringApplication               : Started application in 9.809 seconds (process running for 11.506)
2024-11-05T21:12:45.818-05:00  INFO 14248 --- [SysPasteleriaDulcesitoFx] [SpringApplicationShutdownHook] j.LocalContainerEntityManagerFactoryBean : Closing JPA EntityManagerFactory for persistence unit 'default'
2024-11-05T21:12:45.830-05:00  INFO 14248 --- [SysPasteleriaDulcesitoFx] [SpringApplicationShutdownHook] com.zaxxer.hikari.HikariDataSource       : HikariPool-1 - Shutdown initiated...
2024-11-05T21:12:45.837-05:00  INFO 14248 --- [SysPasteleriaDulcesitoFx] [SpringApplicationShutdownHook] com.zaxxer.hikari.HikariDataSource       : HikariPool-1 - Shutdown completed.
2024-11-05T21:12:52.185-05:00  INFO 21496 --- [SysPasteleriaDulcesitoFx] [JavaFX-Launcher] o.s.boot.SpringApplication               : Starting application using Java 17.0.8 with PID 21496 (started by manue in C:\Users\manue\Downloads\EVALUACION-U2-main\EVALUACION-U2-main\SysPasteleriaDulcesitoFx)
2024-11-05T21:12:52.199-05:00  INFO 21496 --- [SysPasteleriaDulcesitoFx] [JavaFX-Launcher] o.s.boot.SpringApplication               : No active profile set, falling back to 1 default profile: "default"
2024-11-05T21:12:54.192-05:00  INFO 21496 --- [SysPasteleriaDulcesitoFx] [JavaFX-Launcher] .s.d.r.c.RepositoryConfigurationDelegate : Bootstrapping Spring Data JPA repositories in DEFAULT mode.
2024-11-05T21:12:54.440-05:00  INFO 21496 --- [SysPasteleriaDulcesitoFx] [JavaFX-Launcher] .s.d.r.c.RepositoryConfigurationDelegate : Finished Spring Data repository scanning in 231 ms. Found 15 JPA repository interfaces.
2024-11-05T21:12:55.810-05:00  INFO 21496 --- [SysPasteleriaDulcesitoFx] [JavaFX-Launcher] o.hibernate.jpa.internal.util.LogHelper  : HHH000204: Processing PersistenceUnitInfo [name: default]
2024-11-05T21:12:56.039-05:00  INFO 21496 --- [SysPasteleriaDulcesitoFx] [JavaFX-Launcher] org.hibernate.Version                    : HHH000412: Hibernate ORM core version 6.5.3.Final
2024-11-05T21:12:56.132-05:00  INFO 21496 --- [SysPasteleriaDulcesitoFx] [JavaFX-Launcher] o.h.c.internal.RegionFactoryInitiator    : HHH000026: Second-level cache disabled
2024-11-05T21:12:56.605-05:00  INFO 21496 --- [SysPasteleriaDulcesitoFx] [JavaFX-Launcher] o.s.o.j.p.SpringPersistenceUnitInfo      : No LoadTimeWeaver setup: ignoring JPA class transformer
2024-11-05T21:12:56.654-05:00  INFO 21496 --- [SysPasteleriaDulcesitoFx] [JavaFX-Launcher] com.zaxxer.hikari.HikariDataSource       : HikariPool-1 - Starting...
2024-11-05T21:12:56.951-05:00  INFO 21496 --- [SysPasteleriaDulcesitoFx] [JavaFX-Launcher] com.zaxxer.hikari.pool.HikariPool        : HikariPool-1 - Added connection org.sqlite.jdbc4.JDBC4Connection@6670315
2024-11-05T21:12:56.954-05:00  INFO 21496 --- [SysPasteleriaDulcesitoFx] [JavaFX-Launcher] com.zaxxer.hikari.HikariDataSource       : HikariPool-1 - Start completed.
2024-11-05T21:12:58.850-05:00  INFO 21496 --- [SysPasteleriaDulcesitoFx] [JavaFX-Launcher] o.h.e.t.j.p.i.JtaPlatformInitiator       : HHH000489: No JTA platform available (set 'hibernate.transaction.jta.platform' to enable JTA platform integration)
2024-11-05T21:12:58.922-05:00  INFO 21496 --- [SysPasteleriaDulcesitoFx] [JavaFX-Launcher] j.LocalContainerEntityManagerFactoryBean : Initialized JPA EntityManagerFactory for persistence unit 'default'
2024-11-05T21:12:59.529-05:00  INFO 21496 --- [SysPasteleriaDulcesitoFx] [JavaFX-Launcher] o.s.d.j.r.query.QueryEnhancerFactory     : Hibernate is in classpath; If applicable, HQL parser will be used.
2024-11-05T21:13:01.482-05:00  INFO 21496 --- [SysPasteleriaDulcesitoFx] [JavaFX-Launcher] o.s.boot.SpringApplication               : Started application in 10.36 seconds (process running for 11.936)
2024-11-05T21:14:17.053-05:00  INFO 21496 --- [SysPasteleriaDulcesitoFx] [JavaFX Application Thread] j.LocalContainerEntityManagerFactoryBean : Closing JPA EntityManagerFactory for persistence unit 'default'
2024-11-05T21:14:17.061-05:00  INFO 21496 --- [SysPasteleriaDulcesitoFx] [JavaFX Application Thread] com.zaxxer.hikari.HikariDataSource       : HikariPool-1 - Shutdown initiated...
2024-11-05T21:14:17.067-05:00  INFO 21496 --- [SysPasteleriaDulcesitoFx] [JavaFX Application Thread] com.zaxxer.hikari.HikariDataSource       : HikariPool-1 - Shutdown completed.
2024-11-05T21:17:20.288-05:00  INFO 10392 --- [SysPasteleriaDulcesitoFx] [JavaFX-Launcher] o.s.boot.SpringApplication               : Starting application using Java 17.0.8 with PID 10392 (started by manue in C:\Users\manue\Downloads\EVALUACION-U2-main\EVALUACION-U2-main\SysPasteleriaDulcesitoFx)
2024-11-05T21:17:20.298-05:00  INFO 10392 --- [SysPasteleriaDulcesitoFx] [JavaFX-Launcher] o.s.boot.SpringApplication               : No active profile set, falling back to 1 default profile: "default"
2024-11-05T21:17:22.270-05:00  INFO 10392 --- [SysPasteleriaDulcesitoFx] [JavaFX-Launcher] .s.d.r.c.RepositoryConfigurationDelegate : Bootstrapping Spring Data JPA repositories in DEFAULT mode.
2024-11-05T21:17:22.457-05:00  INFO 10392 --- [SysPasteleriaDulcesitoFx] [JavaFX-Launcher] .s.d.r.c.RepositoryConfigurationDelegate : Finished Spring Data repository scanning in 177 ms. Found 15 JPA repository interfaces.
2024-11-05T21:17:23.470-05:00  INFO 10392 --- [SysPasteleriaDulcesitoFx] [JavaFX-Launcher] o.hibernate.jpa.internal.util.LogHelper  : HHH000204: Processing PersistenceUnitInfo [name: default]
2024-11-05T21:17:23.651-05:00  INFO 10392 --- [SysPasteleriaDulcesitoFx] [JavaFX-Launcher] org.hibernate.Version                    : HHH000412: Hibernate ORM core version 6.5.3.Final
2024-11-05T21:17:23.783-05:00  INFO 10392 --- [SysPasteleriaDulcesitoFx] [JavaFX-Launcher] o.h.c.internal.RegionFactoryInitiator    : HHH000026: Second-level cache disabled
2024-11-05T21:17:24.250-05:00  INFO 10392 --- [SysPasteleriaDulcesitoFx] [JavaFX-Launcher] o.s.o.j.p.SpringPersistenceUnitInfo      : No LoadTimeWeaver setup: ignoring JPA class transformer
2024-11-05T21:17:24.316-05:00  INFO 10392 --- [SysPasteleriaDulcesitoFx] [JavaFX-Launcher] com.zaxxer.hikari.HikariDataSource       : HikariPool-1 - Starting...
2024-11-05T21:17:24.605-05:00  INFO 10392 --- [SysPasteleriaDulcesitoFx] [JavaFX-Launcher] com.zaxxer.hikari.pool.HikariPool        : HikariPool-1 - Added connection org.sqlite.jdbc4.JDBC4Connection@507b9d1
2024-11-05T21:17:24.613-05:00  INFO 10392 --- [SysPasteleriaDulcesitoFx] [JavaFX-Launcher] com.zaxxer.hikari.HikariDataSource       : HikariPool-1 - Start completed.
2024-11-05T21:17:26.815-05:00  INFO 10392 --- [SysPasteleriaDulcesitoFx] [JavaFX-Launcher] o.h.e.t.j.p.i.JtaPlatformInitiator       : HHH000489: No JTA platform available (set 'hibernate.transaction.jta.platform' to enable JTA platform integration)
2024-11-05T21:17:26.881-05:00  INFO 10392 --- [SysPasteleriaDulcesitoFx] [JavaFX-Launcher] j.LocalContainerEntityManagerFactoryBean : Initialized JPA EntityManagerFactory for persistence unit 'default'
2024-11-05T21:17:27.556-05:00  INFO 10392 --- [SysPasteleriaDulcesitoFx] [JavaFX-Launcher] o.s.d.j.r.query.QueryEnhancerFactory     : Hibernate is in classpath; If applicable, HQL parser will be used.
2024-11-05T21:17:29.581-05:00  INFO 10392 --- [SysPasteleriaDulcesitoFx] [JavaFX-Launcher] o.s.boot.SpringApplication               : Started application in 10.953 seconds (process running for 12.331)
2024-11-05T21:21:31.181-05:00  INFO 10392 --- [SysPasteleriaDulcesitoFx] [SpringApplicationShutdownHook] j.LocalContainerEntityManagerFactoryBean : Closing JPA EntityManagerFactory for persistence unit 'default'
2024-11-05T21:21:31.189-05:00  INFO 10392 --- [SysPasteleriaDulcesitoFx] [SpringApplicationShutdownHook] com.zaxxer.hikari.HikariDataSource       : HikariPool-1 - Shutdown initiated...
2024-11-05T21:21:31.211-05:00  INFO 10392 --- [SysPasteleriaDulcesitoFx] [SpringApplicationShutdownHook] com.zaxxer.hikari.HikariDataSource       : HikariPool-1 - Shutdown completed.
2024-11-05T21:21:40.329-05:00  INFO 19420 --- [SysPasteleriaDulcesitoFx] [JavaFX-Launcher] o.s.boot.SpringApplication               : Starting application using Java 17.0.8 with PID 19420 (started by manue in C:\Users\manue\Downloads\EVALUACION-U2-main\EVALUACION-U2-main\SysPasteleriaDulcesitoFx)
2024-11-05T21:21:40.335-05:00  INFO 19420 --- [SysPasteleriaDulcesitoFx] [JavaFX-Launcher] o.s.boot.SpringApplication               : No active profile set, falling back to 1 default profile: "default"
2024-11-05T21:21:42.223-05:00  INFO 19420 --- [SysPasteleriaDulcesitoFx] [JavaFX-Launcher] .s.d.r.c.RepositoryConfigurationDelegate : Bootstrapping Spring Data JPA repositories in DEFAULT mode.
2024-11-05T21:21:42.451-05:00  INFO 19420 --- [SysPasteleriaDulcesitoFx] [JavaFX-Launcher] .s.d.r.c.RepositoryConfigurationDelegate : Finished Spring Data repository scanning in 218 ms. Found 15 JPA repository interfaces.
2024-11-05T21:21:43.441-05:00  INFO 19420 --- [SysPasteleriaDulcesitoFx] [JavaFX-Launcher] o.hibernate.jpa.internal.util.LogHelper  : HHH000204: Processing PersistenceUnitInfo [name: default]
2024-11-05T21:21:43.560-05:00  INFO 19420 --- [SysPasteleriaDulcesitoFx] [JavaFX-Launcher] org.hibernate.Version                    : HHH000412: Hibernate ORM core version 6.5.3.Final
2024-11-05T21:21:43.630-05:00  INFO 19420 --- [SysPasteleriaDulcesitoFx] [JavaFX-Launcher] o.h.c.internal.RegionFactoryInitiator    : HHH000026: Second-level cache disabled
2024-11-05T21:21:44.051-05:00  INFO 19420 --- [SysPasteleriaDulcesitoFx] [JavaFX-Launcher] o.s.o.j.p.SpringPersistenceUnitInfo      : No LoadTimeWeaver setup: ignoring JPA class transformer
2024-11-05T21:21:44.101-05:00  INFO 19420 --- [SysPasteleriaDulcesitoFx] [JavaFX-Launcher] com.zaxxer.hikari.HikariDataSource       : HikariPool-1 - Starting...
2024-11-05T21:21:44.284-05:00  INFO 19420 --- [SysPasteleriaDulcesitoFx] [JavaFX-Launcher] com.zaxxer.hikari.pool.HikariPool        : HikariPool-1 - Added connection org.sqlite.jdbc4.JDBC4Connection@33037898
2024-11-05T21:21:44.288-05:00  INFO 19420 --- [SysPasteleriaDulcesitoFx] [JavaFX-Launcher] com.zaxxer.hikari.HikariDataSource       : HikariPool-1 - Start completed.
2024-11-05T21:21:46.819-05:00  INFO 19420 --- [SysPasteleriaDulcesitoFx] [JavaFX-Launcher] o.h.e.t.j.p.i.JtaPlatformInitiator       : HHH000489: No JTA platform available (set 'hibernate.transaction.jta.platform' to enable JTA platform integration)
2024-11-05T21:21:46.885-05:00  INFO 19420 --- [SysPasteleriaDulcesitoFx] [JavaFX-Launcher] j.LocalContainerEntityManagerFactoryBean : Initialized JPA EntityManagerFactory for persistence unit 'default'
2024-11-05T21:21:47.539-05:00  INFO 19420 --- [SysPasteleriaDulcesitoFx] [JavaFX-Launcher] o.s.d.j.r.query.QueryEnhancerFactory     : Hibernate is in classpath; If applicable, HQL parser will be used.
2024-11-05T21:21:49.248-05:00  INFO 19420 --- [SysPasteleriaDulcesitoFx] [JavaFX-Launcher] o.s.boot.SpringApplication               : Started application in 9.869 seconds (process running for 11.021)
2024-11-05T21:25:57.771-05:00  INFO 19420 --- [SysPasteleriaDulcesitoFx] [SpringApplicationShutdownHook] j.LocalContainerEntityManagerFactoryBean : Closing JPA EntityManagerFactory for persistence unit 'default'
2024-11-05T21:25:57.780-05:00  INFO 19420 --- [SysPasteleriaDulcesitoFx] [SpringApplicationShutdownHook] com.zaxxer.hikari.HikariDataSource       : HikariPool-1 - Shutdown initiated...
2024-11-05T21:25:57.810-05:00  INFO 19420 --- [SysPasteleriaDulcesitoFx] [SpringApplicationShutdownHook] com.zaxxer.hikari.HikariDataSource       : HikariPool-1 - Shutdown completed.
2024-11-05T21:26:03.961-05:00  INFO 21140 --- [SysPasteleriaDulcesitoFx] [JavaFX-Launcher] o.s.boot.SpringApplication               : Starting application using Java 17.0.8 with PID 21140 (started by manue in C:\Users\manue\Downloads\EVALUACION-U2-main\EVALUACION-U2-main\SysPasteleriaDulcesitoFx)
2024-11-05T21:26:03.972-05:00  INFO 21140 --- [SysPasteleriaDulcesitoFx] [JavaFX-Launcher] o.s.boot.SpringApplication               : No active profile set, falling back to 1 default profile: "default"
2024-11-05T21:26:06.166-05:00  INFO 21140 --- [SysPasteleriaDulcesitoFx] [JavaFX-Launcher] .s.d.r.c.RepositoryConfigurationDelegate : Bootstrapping Spring Data JPA repositories in DEFAULT mode.
2024-11-05T21:26:06.513-05:00  INFO 21140 --- [SysPasteleriaDulcesitoFx] [JavaFX-Launcher] .s.d.r.c.RepositoryConfigurationDelegate : Finished Spring Data repository scanning in 241 ms. Found 15 JPA repository interfaces.
2024-11-05T21:26:08.190-05:00  INFO 21140 --- [SysPasteleriaDulcesitoFx] [JavaFX-Launcher] o.hibernate.jpa.internal.util.LogHelper  : HHH000204: Processing PersistenceUnitInfo [name: default]
2024-11-05T21:26:08.313-05:00  INFO 21140 --- [SysPasteleriaDulcesitoFx] [JavaFX-Launcher] org.hibernate.Version                    : HHH000412: Hibernate ORM core version 6.5.3.Final
2024-11-05T21:26:08.390-05:00  INFO 21140 --- [SysPasteleriaDulcesitoFx] [JavaFX-Launcher] o.h.c.internal.RegionFactoryInitiator    : HHH000026: Second-level cache disabled
2024-11-05T21:26:08.932-05:00  INFO 21140 --- [SysPasteleriaDulcesitoFx] [JavaFX-Launcher] o.s.o.j.p.SpringPersistenceUnitInfo      : No LoadTimeWeaver setup: ignoring JPA class transformer
2024-11-05T21:26:08.983-05:00  INFO 21140 --- [SysPasteleriaDulcesitoFx] [JavaFX-Launcher] com.zaxxer.hikari.HikariDataSource       : HikariPool-1 - Starting...
2024-11-05T21:26:09.152-05:00  INFO 21140 --- [SysPasteleriaDulcesitoFx] [JavaFX-Launcher] com.zaxxer.hikari.pool.HikariPool        : HikariPool-1 - Added connection org.sqlite.jdbc4.JDBC4Connection@196462fb
2024-11-05T21:26:09.155-05:00  INFO 21140 --- [SysPasteleriaDulcesitoFx] [JavaFX-Launcher] com.zaxxer.hikari.HikariDataSource       : HikariPool-1 - Start completed.
2024-11-05T21:26:11.153-05:00  INFO 21140 --- [SysPasteleriaDulcesitoFx] [JavaFX-Launcher] o.h.e.t.j.p.i.JtaPlatformInitiator       : HHH000489: No JTA platform available (set 'hibernate.transaction.jta.platform' to enable JTA platform integration)
2024-11-05T21:26:11.237-05:00  INFO 21140 --- [SysPasteleriaDulcesitoFx] [JavaFX-Launcher] j.LocalContainerEntityManagerFactoryBean : Initialized JPA EntityManagerFactory for persistence unit 'default'
2024-11-05T21:26:12.161-05:00  INFO 21140 --- [SysPasteleriaDulcesitoFx] [JavaFX-Launcher] o.s.d.j.r.query.QueryEnhancerFactory     : Hibernate is in classpath; If applicable, HQL parser will be used.
2024-11-05T21:26:13.729-05:00  INFO 21140 --- [SysPasteleriaDulcesitoFx] [JavaFX-Launcher] o.s.boot.SpringApplication               : Started application in 10.838 seconds (process running for 12.055)
2024-11-05T21:27:10.211-05:00  INFO 21140 --- [SysPasteleriaDulcesitoFx] [SpringApplicationShutdownHook] j.LocalContainerEntityManagerFactoryBean : Closing JPA EntityManagerFactory for persistence unit 'default'
2024-11-05T21:27:10.227-05:00  INFO 21140 --- [SysPasteleriaDulcesitoFx] [SpringApplicationShutdownHook] com.zaxxer.hikari.HikariDataSource       : HikariPool-1 - Shutdown initiated...
2024-11-05T21:27:10.244-05:00  INFO 21140 --- [SysPasteleriaDulcesitoFx] [SpringApplicationShutdownHook] com.zaxxer.hikari.HikariDataSource       : HikariPool-1 - Shutdown completed.
2024-11-05T21:27:15.442-05:00  INFO 11832 --- [SysPasteleriaDulcesitoFx] [JavaFX-Launcher] o.s.boot.SpringApplication               : Starting application using Java 17.0.8 with PID 11832 (started by manue in C:\Users\manue\Downloads\EVALUACION-U2-main\EVALUACION-U2-main\SysPasteleriaDulcesitoFx)
2024-11-05T21:27:15.453-05:00  INFO 11832 --- [SysPasteleriaDulcesitoFx] [JavaFX-Launcher] o.s.boot.SpringApplication               : No active profile set, falling back to 1 default profile: "default"
2024-11-05T21:27:17.728-05:00  INFO 11832 --- [SysPasteleriaDulcesitoFx] [JavaFX-Launcher] .s.d.r.c.RepositoryConfigurationDelegate : Bootstrapping Spring Data JPA repositories in DEFAULT mode.
2024-11-05T21:27:17.904-05:00  INFO 11832 --- [SysPasteleriaDulcesitoFx] [JavaFX-Launcher] .s.d.r.c.RepositoryConfigurationDelegate : Finished Spring Data repository scanning in 162 ms. Found 15 JPA repository interfaces.
2024-11-05T21:27:18.839-05:00  INFO 11832 --- [SysPasteleriaDulcesitoFx] [JavaFX-Launcher] o.hibernate.jpa.internal.util.LogHelper  : HHH000204: Processing PersistenceUnitInfo [name: default]
2024-11-05T21:27:18.927-05:00  INFO 11832 --- [SysPasteleriaDulcesitoFx] [JavaFX-Launcher] org.hibernate.Version                    : HHH000412: Hibernate ORM core version 6.5.3.Final
2024-11-05T21:27:19.019-05:00  INFO 11832 --- [SysPasteleriaDulcesitoFx] [JavaFX-Launcher] o.h.c.internal.RegionFactoryInitiator    : HHH000026: Second-level cache disabled
2024-11-05T21:27:19.607-05:00  INFO 11832 --- [SysPasteleriaDulcesitoFx] [JavaFX-Launcher] o.s.o.j.p.SpringPersistenceUnitInfo      : No LoadTimeWeaver setup: ignoring JPA class transformer
2024-11-05T21:27:19.689-05:00  INFO 11832 --- [SysPasteleriaDulcesitoFx] [JavaFX-Launcher] com.zaxxer.hikari.HikariDataSource       : HikariPool-1 - Starting...
2024-11-05T21:27:19.916-05:00  INFO 11832 --- [SysPasteleriaDulcesitoFx] [JavaFX-Launcher] com.zaxxer.hikari.pool.HikariPool        : HikariPool-1 - Added connection org.sqlite.jdbc4.JDBC4Connection@7a116a08
2024-11-05T21:27:19.920-05:00  INFO 11832 --- [SysPasteleriaDulcesitoFx] [JavaFX-Launcher] com.zaxxer.hikari.HikariDataSource       : HikariPool-1 - Start completed.
2024-11-05T21:27:22.102-05:00  INFO 11832 --- [SysPasteleriaDulcesitoFx] [JavaFX-Launcher] o.h.e.t.j.p.i.JtaPlatformInitiator       : HHH000489: No JTA platform available (set 'hibernate.transaction.jta.platform' to enable JTA platform integration)
2024-11-05T21:27:22.173-05:00  INFO 11832 --- [SysPasteleriaDulcesitoFx] [JavaFX-Launcher] j.LocalContainerEntityManagerFactoryBean : Initialized JPA EntityManagerFactory for persistence unit 'default'
2024-11-05T21:27:22.785-05:00  INFO 11832 --- [SysPasteleriaDulcesitoFx] [JavaFX-Launcher] o.s.d.j.r.query.QueryEnhancerFactory     : Hibernate is in classpath; If applicable, HQL parser will be used.
2024-11-05T21:27:24.433-05:00  INFO 11832 --- [SysPasteleriaDulcesitoFx] [JavaFX-Launcher] o.s.boot.SpringApplication               : Started application in 10.11 seconds (process running for 11.428)
2024-11-05T21:30:14.854-05:00  INFO 11832 --- [SysPasteleriaDulcesitoFx] [SpringApplicationShutdownHook] j.LocalContainerEntityManagerFactoryBean : Closing JPA EntityManagerFactory for persistence unit 'default'
2024-11-05T21:30:14.869-05:00  INFO 11832 --- [SysPasteleriaDulcesitoFx] [SpringApplicationShutdownHook] com.zaxxer.hikari.HikariDataSource       : HikariPool-1 - Shutdown initiated...
2024-11-05T21:30:14.882-05:00  INFO 11832 --- [SysPasteleriaDulcesitoFx] [SpringApplicationShutdownHook] com.zaxxer.hikari.HikariDataSource       : HikariPool-1 - Shutdown completed.
2024-11-05T21:30:20.296-05:00  INFO 19600 --- [SysPasteleriaDulcesitoFx] [JavaFX-Launcher] o.s.boot.SpringApplication               : Starting application using Java 17.0.8 with PID 19600 (started by manue in C:\Users\manue\Downloads\EVALUACION-U2-main\EVALUACION-U2-main\SysPasteleriaDulcesitoFx)
2024-11-05T21:30:20.303-05:00  INFO 19600 --- [SysPasteleriaDulcesitoFx] [JavaFX-Launcher] o.s.boot.SpringApplication               : No active profile set, falling back to 1 default profile: "default"
2024-11-05T21:30:22.343-05:00  INFO 19600 --- [SysPasteleriaDulcesitoFx] [JavaFX-Launcher] .s.d.r.c.RepositoryConfigurationDelegate : Bootstrapping Spring Data JPA repositories in DEFAULT mode.
2024-11-05T21:30:22.537-05:00  INFO 19600 --- [SysPasteleriaDulcesitoFx] [JavaFX-Launcher] .s.d.r.c.RepositoryConfigurationDelegate : Finished Spring Data repository scanning in 183 ms. Found 15 JPA repository interfaces.
2024-11-05T21:30:24.028-05:00  INFO 19600 --- [SysPasteleriaDulcesitoFx] [JavaFX-Launcher] o.hibernate.jpa.internal.util.LogHelper  : HHH000204: Processing PersistenceUnitInfo [name: default]
2024-11-05T21:30:24.163-05:00  INFO 19600 --- [SysPasteleriaDulcesitoFx] [JavaFX-Launcher] org.hibernate.Version                    : HHH000412: Hibernate ORM core version 6.5.3.Final
2024-11-05T21:30:24.262-05:00  INFO 19600 --- [SysPasteleriaDulcesitoFx] [JavaFX-Launcher] o.h.c.internal.RegionFactoryInitiator    : HHH000026: Second-level cache disabled
2024-11-05T21:30:24.746-05:00  INFO 19600 --- [SysPasteleriaDulcesitoFx] [JavaFX-Launcher] o.s.o.j.p.SpringPersistenceUnitInfo      : No LoadTimeWeaver setup: ignoring JPA class transformer
2024-11-05T21:30:24.826-05:00  INFO 19600 --- [SysPasteleriaDulcesitoFx] [JavaFX-Launcher] com.zaxxer.hikari.HikariDataSource       : HikariPool-1 - Starting...
2024-11-05T21:30:25.071-05:00  INFO 19600 --- [SysPasteleriaDulcesitoFx] [JavaFX-Launcher] com.zaxxer.hikari.pool.HikariPool        : HikariPool-1 - Added connection org.sqlite.jdbc4.JDBC4Connection@5493d236
2024-11-05T21:30:25.075-05:00  INFO 19600 --- [SysPasteleriaDulcesitoFx] [JavaFX-Launcher] com.zaxxer.hikari.HikariDataSource       : HikariPool-1 - Start completed.
2024-11-05T21:30:27.318-05:00  INFO 19600 --- [SysPasteleriaDulcesitoFx] [JavaFX-Launcher] o.h.e.t.j.p.i.JtaPlatformInitiator       : HHH000489: No JTA platform available (set 'hibernate.transaction.jta.platform' to enable JTA platform integration)
2024-11-05T21:30:27.386-05:00  INFO 19600 --- [SysPasteleriaDulcesitoFx] [JavaFX-Launcher] j.LocalContainerEntityManagerFactoryBean : Initialized JPA EntityManagerFactory for persistence unit 'default'
2024-11-05T21:30:28.041-05:00  INFO 19600 --- [SysPasteleriaDulcesitoFx] [JavaFX-Launcher] o.s.d.j.r.query.QueryEnhancerFactory     : Hibernate is in classpath; If applicable, HQL parser will be used.
2024-11-05T21:30:30.272-05:00  INFO 19600 --- [SysPasteleriaDulcesitoFx] [JavaFX-Launcher] o.s.boot.SpringApplication               : Started application in 11.015 seconds (process running for 12.441)
2024-11-05T21:44:12.310-05:00  INFO 14244 --- [SysPasteleriaDulcesitoFx] [JavaFX-Launcher] o.s.boot.SpringApplication               : Starting application using Java 17.0.8 with PID 14244 (started by manue in C:\Users\manue\Downloads\EVALUACION-U2-main\EVALUACION-U2-main\SysPasteleriaDulcesitoFx)
2024-11-05T21:44:12.314-05:00  INFO 14244 --- [SysPasteleriaDulcesitoFx] [JavaFX-Launcher] o.s.boot.SpringApplication               : No active profile set, falling back to 1 default profile: "default"
2024-11-05T21:44:14.089-05:00  INFO 14244 --- [SysPasteleriaDulcesitoFx] [JavaFX-Launcher] .s.d.r.c.RepositoryConfigurationDelegate : Bootstrapping Spring Data JPA repositories in DEFAULT mode.
2024-11-05T21:44:14.302-05:00  INFO 14244 --- [SysPasteleriaDulcesitoFx] [JavaFX-Launcher] .s.d.r.c.RepositoryConfigurationDelegate : Finished Spring Data repository scanning in 198 ms. Found 15 JPA repository interfaces.
2024-11-05T21:44:15.274-05:00  INFO 14244 --- [SysPasteleriaDulcesitoFx] [JavaFX-Launcher] o.hibernate.jpa.internal.util.LogHelper  : HHH000204: Processing PersistenceUnitInfo [name: default]
2024-11-05T21:44:15.380-05:00  INFO 14244 --- [SysPasteleriaDulcesitoFx] [JavaFX-Launcher] org.hibernate.Version                    : HHH000412: Hibernate ORM core version 6.5.3.Final
2024-11-05T21:44:15.454-05:00  INFO 14244 --- [SysPasteleriaDulcesitoFx] [JavaFX-Launcher] o.h.c.internal.RegionFactoryInitiator    : HHH000026: Second-level cache disabled
2024-11-05T21:44:15.962-05:00  INFO 14244 --- [SysPasteleriaDulcesitoFx] [JavaFX-Launcher] o.s.o.j.p.SpringPersistenceUnitInfo      : No LoadTimeWeaver setup: ignoring JPA class transformer
2024-11-05T21:44:16.021-05:00  INFO 14244 --- [SysPasteleriaDulcesitoFx] [JavaFX-Launcher] com.zaxxer.hikari.HikariDataSource       : HikariPool-1 - Starting...
2024-11-05T21:44:16.433-05:00  INFO 14244 --- [SysPasteleriaDulcesitoFx] [JavaFX-Launcher] com.zaxxer.hikari.pool.HikariPool        : HikariPool-1 - Added connection org.sqlite.jdbc4.JDBC4Connection@23eb205a
2024-11-05T21:44:16.449-05:00  INFO 14244 --- [SysPasteleriaDulcesitoFx] [JavaFX-Launcher] com.zaxxer.hikari.HikariDataSource       : HikariPool-1 - Start completed.
2024-11-05T21:44:19.433-05:00  INFO 14244 --- [SysPasteleriaDulcesitoFx] [JavaFX-Launcher] o.h.e.t.j.p.i.JtaPlatformInitiator       : HHH000489: No JTA platform available (set 'hibernate.transaction.jta.platform' to enable JTA platform integration)
2024-11-05T21:44:19.501-05:00  INFO 14244 --- [SysPasteleriaDulcesitoFx] [JavaFX-Launcher] j.LocalContainerEntityManagerFactoryBean : Initialized JPA EntityManagerFactory for persistence unit 'default'
2024-11-05T21:44:20.289-05:00  INFO 14244 --- [SysPasteleriaDulcesitoFx] [JavaFX-Launcher] o.s.d.j.r.query.QueryEnhancerFactory     : Hibernate is in classpath; If applicable, HQL parser will be used.
2024-11-05T21:44:22.036-05:00  INFO 14244 --- [SysPasteleriaDulcesitoFx] [JavaFX-Launcher] o.s.boot.SpringApplication               : Started application in 10.741 seconds (process running for 12.597)
2024-11-05T21:51:17.366-05:00  INFO 7992 --- [SysPasteleriaDulcesitoFx] [JavaFX-Launcher] o.s.boot.SpringApplication               : Starting application using Java 17.0.8 with PID 7992 (started by manue in C:\Users\manue\Downloads\EVALUACION-U2-main\EVALUACION-U2-main\SysPasteleriaDulcesitoFx)
2024-11-05T21:51:17.370-05:00  INFO 7992 --- [SysPasteleriaDulcesitoFx] [JavaFX-Launcher] o.s.boot.SpringApplication               : No active profile set, falling back to 1 default profile: "default"
2024-11-05T21:51:19.273-05:00  INFO 7992 --- [SysPasteleriaDulcesitoFx] [JavaFX-Launcher] .s.d.r.c.RepositoryConfigurationDelegate : Bootstrapping Spring Data JPA repositories in DEFAULT mode.
2024-11-05T21:51:19.456-05:00  INFO 7992 --- [SysPasteleriaDulcesitoFx] [JavaFX-Launcher] .s.d.r.c.RepositoryConfigurationDelegate : Finished Spring Data repository scanning in 170 ms. Found 15 JPA repository interfaces.
2024-11-05T21:51:20.318-05:00  INFO 7992 --- [SysPasteleriaDulcesitoFx] [JavaFX-Launcher] o.hibernate.jpa.internal.util.LogHelper  : HHH000204: Processing PersistenceUnitInfo [name: default]
2024-11-05T21:51:20.411-05:00  INFO 7992 --- [SysPasteleriaDulcesitoFx] [JavaFX-Launcher] org.hibernate.Version                    : HHH000412: Hibernate ORM core version 6.5.3.Final
2024-11-05T21:51:20.496-05:00  INFO 7992 --- [SysPasteleriaDulcesitoFx] [JavaFX-Launcher] o.h.c.internal.RegionFactoryInitiator    : HHH000026: Second-level cache disabled
2024-11-05T21:51:21.186-05:00  INFO 7992 --- [SysPasteleriaDulcesitoFx] [JavaFX-Launcher] o.s.o.j.p.SpringPersistenceUnitInfo      : No LoadTimeWeaver setup: ignoring JPA class transformer
2024-11-05T21:51:21.605-05:00  INFO 7992 --- [SysPasteleriaDulcesitoFx] [JavaFX-Launcher] com.zaxxer.hikari.HikariDataSource       : HikariPool-1 - Starting...
2024-11-05T21:51:22.025-05:00  INFO 7992 --- [SysPasteleriaDulcesitoFx] [JavaFX-Launcher] com.zaxxer.hikari.pool.HikariPool        : HikariPool-1 - Added connection org.sqlite.jdbc4.JDBC4Connection@1300cb84
2024-11-05T21:51:22.029-05:00  INFO 7992 --- [SysPasteleriaDulcesitoFx] [JavaFX-Launcher] com.zaxxer.hikari.HikariDataSource       : HikariPool-1 - Start completed.
2024-11-05T21:51:24.114-05:00  INFO 7992 --- [SysPasteleriaDulcesitoFx] [JavaFX-Launcher] o.h.e.t.j.p.i.JtaPlatformInitiator       : HHH000489: No JTA platform available (set 'hibernate.transaction.jta.platform' to enable JTA platform integration)
2024-11-05T21:51:24.180-05:00  INFO 7992 --- [SysPasteleriaDulcesitoFx] [JavaFX-Launcher] j.LocalContainerEntityManagerFactoryBean : Initialized JPA EntityManagerFactory for persistence unit 'default'
2024-11-05T21:51:24.960-05:00  INFO 7992 --- [SysPasteleriaDulcesitoFx] [JavaFX-Launcher] o.s.d.j.r.query.QueryEnhancerFactory     : Hibernate is in classpath; If applicable, HQL parser will be used.
2024-11-05T21:51:26.472-05:00  INFO 7992 --- [SysPasteleriaDulcesitoFx] [JavaFX-Launcher] o.s.boot.SpringApplication               : Started application in 10.186 seconds (process running for 11.99)
2024-11-05T22:04:34.387-05:00  INFO 4232 --- [SysPasteleriaDulcesitoFx] [JavaFX-Launcher] o.s.boot.SpringApplication               : Starting application using Java 17.0.8 with PID 4232 (started by manue in C:\Users\manue\Downloads\EVALUACION-U2-main\EVALUACION-U2-main\SysPasteleriaDulcesitoFx)
2024-11-05T22:04:34.394-05:00  INFO 4232 --- [SysPasteleriaDulcesitoFx] [JavaFX-Launcher] o.s.boot.SpringApplication               : No active profile set, falling back to 1 default profile: "default"
2024-11-05T22:04:36.367-05:00  INFO 4232 --- [SysPasteleriaDulcesitoFx] [JavaFX-Launcher] .s.d.r.c.RepositoryConfigurationDelegate : Bootstrapping Spring Data JPA repositories in DEFAULT mode.
2024-11-05T22:04:36.540-05:00  INFO 4232 --- [SysPasteleriaDulcesitoFx] [JavaFX-Launcher] .s.d.r.c.RepositoryConfigurationDelegate : Finished Spring Data repository scanning in 162 ms. Found 15 JPA repository interfaces.
2024-11-05T22:04:37.651-05:00  INFO 4232 --- [SysPasteleriaDulcesitoFx] [JavaFX-Launcher] o.hibernate.jpa.internal.util.LogHelper  : HHH000204: Processing PersistenceUnitInfo [name: default]
2024-11-05T22:04:37.777-05:00  INFO 4232 --- [SysPasteleriaDulcesitoFx] [JavaFX-Launcher] org.hibernate.Version                    : HHH000412: Hibernate ORM core version 6.5.3.Final
2024-11-05T22:04:37.866-05:00  INFO 4232 --- [SysPasteleriaDulcesitoFx] [JavaFX-Launcher] o.h.c.internal.RegionFactoryInitiator    : HHH000026: Second-level cache disabled
2024-11-05T22:04:38.479-05:00  INFO 4232 --- [SysPasteleriaDulcesitoFx] [JavaFX-Launcher] o.s.o.j.p.SpringPersistenceUnitInfo      : No LoadTimeWeaver setup: ignoring JPA class transformer
2024-11-05T22:04:38.525-05:00  INFO 4232 --- [SysPasteleriaDulcesitoFx] [JavaFX-Launcher] com.zaxxer.hikari.HikariDataSource       : HikariPool-1 - Starting...
2024-11-05T22:04:38.767-05:00  INFO 4232 --- [SysPasteleriaDulcesitoFx] [JavaFX-Launcher] com.zaxxer.hikari.pool.HikariPool        : HikariPool-1 - Added connection org.sqlite.jdbc4.JDBC4Connection@1754680c
2024-11-05T22:04:38.775-05:00  INFO 4232 --- [SysPasteleriaDulcesitoFx] [JavaFX-Launcher] com.zaxxer.hikari.HikariDataSource       : HikariPool-1 - Start completed.
2024-11-05T22:04:41.012-05:00  INFO 4232 --- [SysPasteleriaDulcesitoFx] [JavaFX-Launcher] o.h.e.t.j.p.i.JtaPlatformInitiator       : HHH000489: No JTA platform available (set 'hibernate.transaction.jta.platform' to enable JTA platform integration)
2024-11-05T22:04:41.073-05:00  INFO 4232 --- [SysPasteleriaDulcesitoFx] [JavaFX-Launcher] j.LocalContainerEntityManagerFactoryBean : Initialized JPA EntityManagerFactory for persistence unit 'default'
2024-11-05T22:04:41.895-05:00  INFO 4232 --- [SysPasteleriaDulcesitoFx] [JavaFX-Launcher] o.s.d.j.r.query.QueryEnhancerFactory     : Hibernate is in classpath; If applicable, HQL parser will be used.
2024-11-05T22:04:44.174-05:00  INFO 4232 --- [SysPasteleriaDulcesitoFx] [JavaFX-Launcher] o.s.boot.SpringApplication               : Started application in 10.953 seconds (process running for 12.198)
2024-11-05T22:09:05.775-05:00  INFO 832 --- [SysPasteleriaDulcesitoFx] [JavaFX-Launcher] o.s.boot.SpringApplication               : Starting application using Java 17.0.8 with PID 832 (started by manue in C:\Users\manue\Downloads\EVALUACION-U2-main\EVALUACION-U2-main\SysPasteleriaDulcesitoFx)
2024-11-05T22:09:05.813-05:00  INFO 832 --- [SysPasteleriaDulcesitoFx] [JavaFX-Launcher] o.s.boot.SpringApplication               : No active profile set, falling back to 1 default profile: "default"
2024-11-05T22:09:07.938-05:00  INFO 832 --- [SysPasteleriaDulcesitoFx] [JavaFX-Launcher] .s.d.r.c.RepositoryConfigurationDelegate : Bootstrapping Spring Data JPA repositories in DEFAULT mode.
2024-11-05T22:09:08.095-05:00  INFO 832 --- [SysPasteleriaDulcesitoFx] [JavaFX-Launcher] .s.d.r.c.RepositoryConfigurationDelegate : Finished Spring Data repository scanning in 147 ms. Found 15 JPA repository interfaces.
2024-11-05T22:09:08.947-05:00  INFO 832 --- [SysPasteleriaDulcesitoFx] [JavaFX-Launcher] o.hibernate.jpa.internal.util.LogHelper  : HHH000204: Processing PersistenceUnitInfo [name: default]
2024-11-05T22:09:09.053-05:00  INFO 832 --- [SysPasteleriaDulcesitoFx] [JavaFX-Launcher] org.hibernate.Version                    : HHH000412: Hibernate ORM core version 6.5.3.Final
2024-11-05T22:09:09.120-05:00  INFO 832 --- [SysPasteleriaDulcesitoFx] [JavaFX-Launcher] o.h.c.internal.RegionFactoryInitiator    : HHH000026: Second-level cache disabled
2024-11-05T22:09:09.579-05:00  INFO 832 --- [SysPasteleriaDulcesitoFx] [JavaFX-Launcher] o.s.o.j.p.SpringPersistenceUnitInfo      : No LoadTimeWeaver setup: ignoring JPA class transformer
2024-11-05T22:09:09.671-05:00  INFO 832 --- [SysPasteleriaDulcesitoFx] [JavaFX-Launcher] com.zaxxer.hikari.HikariDataSource       : HikariPool-1 - Starting...
2024-11-05T22:09:10.153-05:00  INFO 832 --- [SysPasteleriaDulcesitoFx] [JavaFX-Launcher] com.zaxxer.hikari.pool.HikariPool        : HikariPool-1 - Added connection org.sqlite.jdbc4.JDBC4Connection@f4f779d
2024-11-05T22:09:10.157-05:00  INFO 832 --- [SysPasteleriaDulcesitoFx] [JavaFX-Launcher] com.zaxxer.hikari.HikariDataSource       : HikariPool-1 - Start completed.
2024-11-05T22:09:12.145-05:00  INFO 832 --- [SysPasteleriaDulcesitoFx] [JavaFX-Launcher] o.h.e.t.j.p.i.JtaPlatformInitiator       : HHH000489: No JTA platform available (set 'hibernate.transaction.jta.platform' to enable JTA platform integration)
2024-11-05T22:09:12.213-05:00  INFO 832 --- [SysPasteleriaDulcesitoFx] [JavaFX-Launcher] j.LocalContainerEntityManagerFactoryBean : Initialized JPA EntityManagerFactory for persistence unit 'default'
2024-11-05T22:09:12.899-05:00  INFO 832 --- [SysPasteleriaDulcesitoFx] [JavaFX-Launcher] o.s.d.j.r.query.QueryEnhancerFactory     : Hibernate is in classpath; If applicable, HQL parser will be used.
2024-11-05T22:09:14.623-05:00  INFO 832 --- [SysPasteleriaDulcesitoFx] [JavaFX-Launcher] o.s.boot.SpringApplication               : Started application in 9.842 seconds (process running for 11.066)
2024-11-05T22:10:02.390-05:00  INFO 10624 --- [SysPasteleriaDulcesitoFx] [JavaFX-Launcher] o.s.boot.SpringApplication               : Starting application using Java 17.0.8 with PID 10624 (started by manue in C:\Users\manue\Downloads\EVALUACION-U2-main\EVALUACION-U2-main\SysPasteleriaDulcesitoFx)
2024-11-05T22:10:02.399-05:00  INFO 10624 --- [SysPasteleriaDulcesitoFx] [JavaFX-Launcher] o.s.boot.SpringApplication               : No active profile set, falling back to 1 default profile: "default"
2024-11-05T22:10:04.195-05:00  INFO 10624 --- [SysPasteleriaDulcesitoFx] [JavaFX-Launcher] .s.d.r.c.RepositoryConfigurationDelegate : Bootstrapping Spring Data JPA repositories in DEFAULT mode.
2024-11-05T22:10:04.388-05:00  INFO 10624 --- [SysPasteleriaDulcesitoFx] [JavaFX-Launcher] .s.d.r.c.RepositoryConfigurationDelegate : Finished Spring Data repository scanning in 176 ms. Found 15 JPA repository interfaces.
2024-11-05T22:10:05.352-05:00  INFO 10624 --- [SysPasteleriaDulcesitoFx] [JavaFX-Launcher] o.hibernate.jpa.internal.util.LogHelper  : HHH000204: Processing PersistenceUnitInfo [name: default]
2024-11-05T22:10:05.437-05:00  INFO 10624 --- [SysPasteleriaDulcesitoFx] [JavaFX-Launcher] org.hibernate.Version                    : HHH000412: Hibernate ORM core version 6.5.3.Final
2024-11-05T22:10:05.545-05:00  INFO 10624 --- [SysPasteleriaDulcesitoFx] [JavaFX-Launcher] o.h.c.internal.RegionFactoryInitiator    : HHH000026: Second-level cache disabled
2024-11-05T22:10:06.138-05:00  INFO 10624 --- [SysPasteleriaDulcesitoFx] [JavaFX-Launcher] o.s.o.j.p.SpringPersistenceUnitInfo      : No LoadTimeWeaver setup: ignoring JPA class transformer
2024-11-05T22:10:06.214-05:00  INFO 10624 --- [SysPasteleriaDulcesitoFx] [JavaFX-Launcher] com.zaxxer.hikari.HikariDataSource       : HikariPool-1 - Starting...
2024-11-05T22:10:06.466-05:00  INFO 10624 --- [SysPasteleriaDulcesitoFx] [JavaFX-Launcher] com.zaxxer.hikari.pool.HikariPool        : HikariPool-1 - Added connection org.sqlite.jdbc4.JDBC4Connection@5b484395
2024-11-05T22:10:06.470-05:00  INFO 10624 --- [SysPasteleriaDulcesitoFx] [JavaFX-Launcher] com.zaxxer.hikari.HikariDataSource       : HikariPool-1 - Start completed.
2024-11-05T22:10:08.237-05:00  INFO 10624 --- [SysPasteleriaDulcesitoFx] [JavaFX-Launcher] o.h.e.t.j.p.i.JtaPlatformInitiator       : HHH000489: No JTA platform available (set 'hibernate.transaction.jta.platform' to enable JTA platform integration)
2024-11-05T22:10:08.298-05:00  INFO 10624 --- [SysPasteleriaDulcesitoFx] [JavaFX-Launcher] j.LocalContainerEntityManagerFactoryBean : Initialized JPA EntityManagerFactory for persistence unit 'default'
2024-11-05T22:10:08.883-05:00  INFO 10624 --- [SysPasteleriaDulcesitoFx] [JavaFX-Launcher] o.s.d.j.r.query.QueryEnhancerFactory     : Hibernate is in classpath; If applicable, HQL parser will be used.
2024-11-05T22:10:10.341-05:00  INFO 10624 --- [SysPasteleriaDulcesitoFx] [JavaFX-Launcher] o.s.boot.SpringApplication               : Started application in 8.934 seconds (process running for 10.163)
2024-11-05T22:12:18.448-05:00  INFO 8620 --- [SysPasteleriaDulcesitoFx] [JavaFX-Launcher] o.s.boot.SpringApplication               : Starting application using Java 17.0.8 with PID 8620 (started by manue in C:\Users\manue\Downloads\EVALUACION-U2-main\EVALUACION-U2-main\SysPasteleriaDulcesitoFx)
2024-11-05T22:12:18.454-05:00  INFO 8620 --- [SysPasteleriaDulcesitoFx] [JavaFX-Launcher] o.s.boot.SpringApplication               : No active profile set, falling back to 1 default profile: "default"
2024-11-05T22:12:21.007-05:00  INFO 8620 --- [SysPasteleriaDulcesitoFx] [JavaFX-Launcher] .s.d.r.c.RepositoryConfigurationDelegate : Bootstrapping Spring Data JPA repositories in DEFAULT mode.
2024-11-05T22:12:21.245-05:00  INFO 8620 --- [SysPasteleriaDulcesitoFx] [JavaFX-Launcher] .s.d.r.c.RepositoryConfigurationDelegate : Finished Spring Data repository scanning in 220 ms. Found 15 JPA repository interfaces.
2024-11-05T22:12:22.453-05:00  INFO 8620 --- [SysPasteleriaDulcesitoFx] [JavaFX-Launcher] o.hibernate.jpa.internal.util.LogHelper  : HHH000204: Processing PersistenceUnitInfo [name: default]
2024-11-05T22:12:22.585-05:00  INFO 8620 --- [SysPasteleriaDulcesitoFx] [JavaFX-Launcher] org.hibernate.Version                    : HHH000412: Hibernate ORM core version 6.5.3.Final
2024-11-05T22:12:22.660-05:00  INFO 8620 --- [SysPasteleriaDulcesitoFx] [JavaFX-Launcher] o.h.c.internal.RegionFactoryInitiator    : HHH000026: Second-level cache disabled
2024-11-05T22:12:23.227-05:00  INFO 8620 --- [SysPasteleriaDulcesitoFx] [JavaFX-Launcher] o.s.o.j.p.SpringPersistenceUnitInfo      : No LoadTimeWeaver setup: ignoring JPA class transformer
2024-11-05T22:12:23.299-05:00  INFO 8620 --- [SysPasteleriaDulcesitoFx] [JavaFX-Launcher] com.zaxxer.hikari.HikariDataSource       : HikariPool-1 - Starting...
2024-11-05T22:12:23.598-05:00  INFO 8620 --- [SysPasteleriaDulcesitoFx] [JavaFX-Launcher] com.zaxxer.hikari.pool.HikariPool        : HikariPool-1 - Added connection org.sqlite.jdbc4.JDBC4Connection@1918c087
2024-11-05T22:12:23.602-05:00  INFO 8620 --- [SysPasteleriaDulcesitoFx] [JavaFX-Launcher] com.zaxxer.hikari.HikariDataSource       : HikariPool-1 - Start completed.
2024-11-05T22:12:26.162-05:00  INFO 8620 --- [SysPasteleriaDulcesitoFx] [JavaFX-Launcher] o.h.e.t.j.p.i.JtaPlatformInitiator       : HHH000489: No JTA platform available (set 'hibernate.transaction.jta.platform' to enable JTA platform integration)
2024-11-05T22:12:26.258-05:00  INFO 8620 --- [SysPasteleriaDulcesitoFx] [JavaFX-Launcher] j.LocalContainerEntityManagerFactoryBean : Initialized JPA EntityManagerFactory for persistence unit 'default'
2024-11-05T22:12:27.261-05:00  INFO 8620 --- [SysPasteleriaDulcesitoFx] [JavaFX-Launcher] o.s.d.j.r.query.QueryEnhancerFactory     : Hibernate is in classpath; If applicable, HQL parser will be used.
2024-11-05T22:12:29.023-05:00  INFO 8620 --- [SysPasteleriaDulcesitoFx] [JavaFX-Launcher] o.s.boot.SpringApplication               : Started application in 11.684 seconds (process running for 13.146)
2024-11-05T22:16:03.915-05:00  INFO 19056 --- [SysPasteleriaDulcesitoFx] [JavaFX-Launcher] o.s.boot.SpringApplication               : Starting application using Java 17.0.8 with PID 19056 (started by manue in C:\Users\manue\Downloads\EVALUACION-U2-main\EVALUACION-U2-main\SysPasteleriaDulcesitoFx)
2024-11-05T22:16:03.926-05:00  INFO 19056 --- [SysPasteleriaDulcesitoFx] [JavaFX-Launcher] o.s.boot.SpringApplication               : No active profile set, falling back to 1 default profile: "default"
2024-11-05T22:16:06.215-05:00  INFO 19056 --- [SysPasteleriaDulcesitoFx] [JavaFX-Launcher] .s.d.r.c.RepositoryConfigurationDelegate : Bootstrapping Spring Data JPA repositories in DEFAULT mode.
2024-11-05T22:16:06.482-05:00  INFO 19056 --- [SysPasteleriaDulcesitoFx] [JavaFX-Launcher] .s.d.r.c.RepositoryConfigurationDelegate : Finished Spring Data repository scanning in 240 ms. Found 15 JPA repository interfaces.
2024-11-05T22:16:07.664-05:00  INFO 19056 --- [SysPasteleriaDulcesitoFx] [JavaFX-Launcher] o.hibernate.jpa.internal.util.LogHelper  : HHH000204: Processing PersistenceUnitInfo [name: default]
2024-11-05T22:16:07.791-05:00  INFO 19056 --- [SysPasteleriaDulcesitoFx] [JavaFX-Launcher] org.hibernate.Version                    : HHH000412: Hibernate ORM core version 6.5.3.Final
2024-11-05T22:16:07.876-05:00  INFO 19056 --- [SysPasteleriaDulcesitoFx] [JavaFX-Launcher] o.h.c.internal.RegionFactoryInitiator    : HHH000026: Second-level cache disabled
2024-11-05T22:16:08.455-05:00  INFO 19056 --- [SysPasteleriaDulcesitoFx] [JavaFX-Launcher] o.s.o.j.p.SpringPersistenceUnitInfo      : No LoadTimeWeaver setup: ignoring JPA class transformer
2024-11-05T22:16:08.540-05:00  INFO 19056 --- [SysPasteleriaDulcesitoFx] [JavaFX-Launcher] com.zaxxer.hikari.HikariDataSource       : HikariPool-1 - Starting...
2024-11-05T22:16:08.877-05:00  INFO 19056 --- [SysPasteleriaDulcesitoFx] [JavaFX-Launcher] com.zaxxer.hikari.pool.HikariPool        : HikariPool-1 - Added connection org.sqlite.jdbc4.JDBC4Connection@6d47634c
2024-11-05T22:16:08.882-05:00  INFO 19056 --- [SysPasteleriaDulcesitoFx] [JavaFX-Launcher] com.zaxxer.hikari.HikariDataSource       : HikariPool-1 - Start completed.
2024-11-05T22:16:11.490-05:00  INFO 19056 --- [SysPasteleriaDulcesitoFx] [JavaFX-Launcher] o.h.e.t.j.p.i.JtaPlatformInitiator       : HHH000489: No JTA platform available (set 'hibernate.transaction.jta.platform' to enable JTA platform integration)
2024-11-05T22:16:11.558-05:00  INFO 19056 --- [SysPasteleriaDulcesitoFx] [JavaFX-Launcher] j.LocalContainerEntityManagerFactoryBean : Initialized JPA EntityManagerFactory for persistence unit 'default'
2024-11-05T22:16:12.203-05:00  INFO 19056 --- [SysPasteleriaDulcesitoFx] [JavaFX-Launcher] o.s.d.j.r.query.QueryEnhancerFactory     : Hibernate is in classpath; If applicable, HQL parser will be used.
2024-11-05T22:16:13.744-05:00  INFO 19056 --- [SysPasteleriaDulcesitoFx] [JavaFX-Launcher] o.s.boot.SpringApplication               : Started application in 11.654 seconds (process running for 13.4)
2024-11-05T22:18:02.328-05:00  INFO 17632 --- [SysPasteleriaDulcesitoFx] [JavaFX-Launcher] o.s.boot.SpringApplication               : Starting application using Java 17.0.8 with PID 17632 (started by manue in C:\Users\manue\Downloads\EVALUACION-U2-main\EVALUACION-U2-main\SysPasteleriaDulcesitoFx)
2024-11-05T22:18:02.340-05:00  INFO 17632 --- [SysPasteleriaDulcesitoFx] [JavaFX-Launcher] o.s.boot.SpringApplication               : No active profile set, falling back to 1 default profile: "default"
2024-11-05T22:18:04.375-05:00  INFO 17632 --- [SysPasteleriaDulcesitoFx] [JavaFX-Launcher] .s.d.r.c.RepositoryConfigurationDelegate : Bootstrapping Spring Data JPA repositories in DEFAULT mode.
2024-11-05T22:18:04.527-05:00  INFO 17632 --- [SysPasteleriaDulcesitoFx] [JavaFX-Launcher] .s.d.r.c.RepositoryConfigurationDelegate : Finished Spring Data repository scanning in 143 ms. Found 15 JPA repository interfaces.
2024-11-05T22:18:05.380-05:00  INFO 17632 --- [SysPasteleriaDulcesitoFx] [JavaFX-Launcher] o.hibernate.jpa.internal.util.LogHelper  : HHH000204: Processing PersistenceUnitInfo [name: default]
2024-11-05T22:18:05.474-05:00  INFO 17632 --- [SysPasteleriaDulcesitoFx] [JavaFX-Launcher] org.hibernate.Version                    : HHH000412: Hibernate ORM core version 6.5.3.Final
2024-11-05T22:18:05.559-05:00  INFO 17632 --- [SysPasteleriaDulcesitoFx] [JavaFX-Launcher] o.h.c.internal.RegionFactoryInitiator    : HHH000026: Second-level cache disabled
2024-11-05T22:18:06.119-05:00  INFO 17632 --- [SysPasteleriaDulcesitoFx] [JavaFX-Launcher] o.s.o.j.p.SpringPersistenceUnitInfo      : No LoadTimeWeaver setup: ignoring JPA class transformer
2024-11-05T22:18:06.227-05:00  INFO 17632 --- [SysPasteleriaDulcesitoFx] [JavaFX-Launcher] com.zaxxer.hikari.HikariDataSource       : HikariPool-1 - Starting...
2024-11-05T22:18:06.575-05:00  INFO 17632 --- [SysPasteleriaDulcesitoFx] [JavaFX-Launcher] com.zaxxer.hikari.pool.HikariPool        : HikariPool-1 - Added connection org.sqlite.jdbc4.JDBC4Connection@7f4ea038
2024-11-05T22:18:06.578-05:00  INFO 17632 --- [SysPasteleriaDulcesitoFx] [JavaFX-Launcher] com.zaxxer.hikari.HikariDataSource       : HikariPool-1 - Start completed.
2024-11-05T22:18:08.552-05:00  INFO 17632 --- [SysPasteleriaDulcesitoFx] [JavaFX-Launcher] o.h.e.t.j.p.i.JtaPlatformInitiator       : HHH000489: No JTA platform available (set 'hibernate.transaction.jta.platform' to enable JTA platform integration)
2024-11-05T22:18:08.618-05:00  INFO 17632 --- [SysPasteleriaDulcesitoFx] [JavaFX-Launcher] j.LocalContainerEntityManagerFactoryBean : Initialized JPA EntityManagerFactory for persistence unit 'default'
2024-11-05T22:18:09.255-05:00  INFO 17632 --- [SysPasteleriaDulcesitoFx] [JavaFX-Launcher] o.s.d.j.r.query.QueryEnhancerFactory     : Hibernate is in classpath; If applicable, HQL parser will be used.
2024-11-05T22:18:11.006-05:00  INFO 17632 --- [SysPasteleriaDulcesitoFx] [JavaFX-Launcher] o.s.boot.SpringApplication               : Started application in 9.937 seconds (process running for 11.427)
2024-11-05T22:20:31.923-05:00  INFO 18484 --- [SysPasteleriaDulcesitoFx] [JavaFX-Launcher] o.s.boot.SpringApplication               : Starting application using Java 17.0.8 with PID 18484 (started by manue in C:\Users\manue\Downloads\EVALUACION-U2-main\EVALUACION-U2-main\SysPasteleriaDulcesitoFx)
2024-11-05T22:20:31.930-05:00  INFO 18484 --- [SysPasteleriaDulcesitoFx] [JavaFX-Launcher] o.s.boot.SpringApplication               : No active profile set, falling back to 1 default profile: "default"
2024-11-05T22:20:34.043-05:00  INFO 18484 --- [SysPasteleriaDulcesitoFx] [JavaFX-Launcher] .s.d.r.c.RepositoryConfigurationDelegate : Bootstrapping Spring Data JPA repositories in DEFAULT mode.
2024-11-05T22:20:34.234-05:00  INFO 18484 --- [SysPasteleriaDulcesitoFx] [JavaFX-Launcher] .s.d.r.c.RepositoryConfigurationDelegate : Finished Spring Data repository scanning in 180 ms. Found 15 JPA repository interfaces.
2024-11-05T22:20:35.285-05:00  INFO 18484 --- [SysPasteleriaDulcesitoFx] [JavaFX-Launcher] o.hibernate.jpa.internal.util.LogHelper  : HHH000204: Processing PersistenceUnitInfo [name: default]
2024-11-05T22:20:35.393-05:00  INFO 18484 --- [SysPasteleriaDulcesitoFx] [JavaFX-Launcher] org.hibernate.Version                    : HHH000412: Hibernate ORM core version 6.5.3.Final
2024-11-05T22:20:35.496-05:00  INFO 18484 --- [SysPasteleriaDulcesitoFx] [JavaFX-Launcher] o.h.c.internal.RegionFactoryInitiator    : HHH000026: Second-level cache disabled
2024-11-05T22:20:36.034-05:00  INFO 18484 --- [SysPasteleriaDulcesitoFx] [JavaFX-Launcher] o.s.o.j.p.SpringPersistenceUnitInfo      : No LoadTimeWeaver setup: ignoring JPA class transformer
2024-11-05T22:20:36.099-05:00  INFO 18484 --- [SysPasteleriaDulcesitoFx] [JavaFX-Launcher] com.zaxxer.hikari.HikariDataSource       : HikariPool-1 - Starting...
2024-11-05T22:20:36.345-05:00  INFO 18484 --- [SysPasteleriaDulcesitoFx] [JavaFX-Launcher] com.zaxxer.hikari.pool.HikariPool        : HikariPool-1 - Added connection org.sqlite.jdbc4.JDBC4Connection@1a7a4774
2024-11-05T22:20:36.350-05:00  INFO 18484 --- [SysPasteleriaDulcesitoFx] [JavaFX-Launcher] com.zaxxer.hikari.HikariDataSource       : HikariPool-1 - Start completed.
2024-11-05T22:20:39.226-05:00  INFO 18484 --- [SysPasteleriaDulcesitoFx] [JavaFX-Launcher] o.h.e.t.j.p.i.JtaPlatformInitiator       : HHH000489: No JTA platform available (set 'hibernate.transaction.jta.platform' to enable JTA platform integration)
2024-11-05T22:20:39.315-05:00  INFO 18484 --- [SysPasteleriaDulcesitoFx] [JavaFX-Launcher] j.LocalContainerEntityManagerFactoryBean : Initialized JPA EntityManagerFactory for persistence unit 'default'
2024-11-05T22:20:40.530-05:00  INFO 18484 --- [SysPasteleriaDulcesitoFx] [JavaFX-Launcher] o.s.d.j.r.query.QueryEnhancerFactory     : Hibernate is in classpath; If applicable, HQL parser will be used.
2024-11-05T22:20:43.089-05:00  INFO 18484 --- [SysPasteleriaDulcesitoFx] [JavaFX-Launcher] o.s.boot.SpringApplication               : Started application in 12.741 seconds (process running for 14.4)
2024-11-05T22:22:48.084-05:00  INFO 10772 --- [SysPasteleriaDulcesitoFx] [JavaFX-Launcher] o.s.boot.SpringApplication               : Starting application using Java 17.0.8 with PID 10772 (started by manue in C:\Users\manue\Downloads\EVALUACION-U2-main\EVALUACION-U2-main\SysPasteleriaDulcesitoFx)
2024-11-05T22:22:48.095-05:00  INFO 10772 --- [SysPasteleriaDulcesitoFx] [JavaFX-Launcher] o.s.boot.SpringApplication               : No active profile set, falling back to 1 default profile: "default"
2024-11-05T22:22:50.362-05:00  INFO 10772 --- [SysPasteleriaDulcesitoFx] [JavaFX-Launcher] .s.d.r.c.RepositoryConfigurationDelegate : Bootstrapping Spring Data JPA repositories in DEFAULT mode.
2024-11-05T22:22:50.562-05:00  INFO 10772 --- [SysPasteleriaDulcesitoFx] [JavaFX-Launcher] .s.d.r.c.RepositoryConfigurationDelegate : Finished Spring Data repository scanning in 172 ms. Found 15 JPA repository interfaces.
2024-11-05T22:22:52.646-05:00  INFO 10772 --- [SysPasteleriaDulcesitoFx] [JavaFX-Launcher] o.hibernate.jpa.internal.util.LogHelper  : HHH000204: Processing PersistenceUnitInfo [name: default]
2024-11-05T22:22:52.839-05:00  INFO 10772 --- [SysPasteleriaDulcesitoFx] [JavaFX-Launcher] org.hibernate.Version                    : HHH000412: Hibernate ORM core version 6.5.3.Final
2024-11-05T22:22:52.936-05:00  INFO 10772 --- [SysPasteleriaDulcesitoFx] [JavaFX-Launcher] o.h.c.internal.RegionFactoryInitiator    : HHH000026: Second-level cache disabled
2024-11-05T22:22:53.646-05:00  INFO 10772 --- [SysPasteleriaDulcesitoFx] [JavaFX-Launcher] o.s.o.j.p.SpringPersistenceUnitInfo      : No LoadTimeWeaver setup: ignoring JPA class transformer
2024-11-05T22:22:53.718-05:00  INFO 10772 --- [SysPasteleriaDulcesitoFx] [JavaFX-Launcher] com.zaxxer.hikari.HikariDataSource       : HikariPool-1 - Starting...
2024-11-05T22:22:53.969-05:00  INFO 10772 --- [SysPasteleriaDulcesitoFx] [JavaFX-Launcher] com.zaxxer.hikari.pool.HikariPool        : HikariPool-1 - Added connection org.sqlite.jdbc4.JDBC4Connection@1c59d39e
2024-11-05T22:22:53.973-05:00  INFO 10772 --- [SysPasteleriaDulcesitoFx] [JavaFX-Launcher] com.zaxxer.hikari.HikariDataSource       : HikariPool-1 - Start completed.
2024-11-05T22:22:56.199-05:00  INFO 10772 --- [SysPasteleriaDulcesitoFx] [JavaFX-Launcher] o.h.e.t.j.p.i.JtaPlatformInitiator       : HHH000489: No JTA platform available (set 'hibernate.transaction.jta.platform' to enable JTA platform integration)
2024-11-05T22:22:56.273-05:00  INFO 10772 --- [SysPasteleriaDulcesitoFx] [JavaFX-Launcher] j.LocalContainerEntityManagerFactoryBean : Initialized JPA EntityManagerFactory for persistence unit 'default'
2024-11-05T22:22:57.035-05:00  INFO 10772 --- [SysPasteleriaDulcesitoFx] [JavaFX-Launcher] o.s.d.j.r.query.QueryEnhancerFactory     : Hibernate is in classpath; If applicable, HQL parser will be used.
2024-11-05T22:22:58.968-05:00  INFO 10772 --- [SysPasteleriaDulcesitoFx] [JavaFX-Launcher] o.s.boot.SpringApplication               : Started application in 12.307 seconds (process running for 13.725)
2024-11-05T22:24:06.306-05:00  INFO 13348 --- [SysPasteleriaDulcesitoFx] [JavaFX-Launcher] o.s.boot.SpringApplication               : Starting application using Java 17.0.8 with PID 13348 (started by manue in C:\Users\manue\Downloads\EVALUACION-U2-main\EVALUACION-U2-main\SysPasteleriaDulcesitoFx)
2024-11-05T22:24:06.310-05:00  INFO 13348 --- [SysPasteleriaDulcesitoFx] [JavaFX-Launcher] o.s.boot.SpringApplication               : No active profile set, falling back to 1 default profile: "default"
2024-11-05T22:24:08.455-05:00  INFO 13348 --- [SysPasteleriaDulcesitoFx] [JavaFX-Launcher] .s.d.r.c.RepositoryConfigurationDelegate : Bootstrapping Spring Data JPA repositories in DEFAULT mode.
2024-11-05T22:24:08.641-05:00  INFO 13348 --- [SysPasteleriaDulcesitoFx] [JavaFX-Launcher] .s.d.r.c.RepositoryConfigurationDelegate : Finished Spring Data repository scanning in 173 ms. Found 15 JPA repository interfaces.
2024-11-05T22:24:09.616-05:00  INFO 13348 --- [SysPasteleriaDulcesitoFx] [JavaFX-Launcher] o.hibernate.jpa.internal.util.LogHelper  : HHH000204: Processing PersistenceUnitInfo [name: default]
2024-11-05T22:24:09.755-05:00  INFO 13348 --- [SysPasteleriaDulcesitoFx] [JavaFX-Launcher] org.hibernate.Version                    : HHH000412: Hibernate ORM core version 6.5.3.Final
2024-11-05T22:24:09.852-05:00  INFO 13348 --- [SysPasteleriaDulcesitoFx] [JavaFX-Launcher] o.h.c.internal.RegionFactoryInitiator    : HHH000026: Second-level cache disabled
2024-11-05T22:24:10.361-05:00  INFO 13348 --- [SysPasteleriaDulcesitoFx] [JavaFX-Launcher] o.s.o.j.p.SpringPersistenceUnitInfo      : No LoadTimeWeaver setup: ignoring JPA class transformer
2024-11-05T22:24:10.452-05:00  INFO 13348 --- [SysPasteleriaDulcesitoFx] [JavaFX-Launcher] com.zaxxer.hikari.HikariDataSource       : HikariPool-1 - Starting...
2024-11-05T22:24:10.663-05:00  INFO 13348 --- [SysPasteleriaDulcesitoFx] [JavaFX-Launcher] com.zaxxer.hikari.pool.HikariPool        : HikariPool-1 - Added connection org.sqlite.jdbc4.JDBC4Connection@3ae3170e
2024-11-05T22:24:10.667-05:00  INFO 13348 --- [SysPasteleriaDulcesitoFx] [JavaFX-Launcher] com.zaxxer.hikari.HikariDataSource       : HikariPool-1 - Start completed.
2024-11-05T22:24:12.795-05:00  INFO 13348 --- [SysPasteleriaDulcesitoFx] [JavaFX-Launcher] o.h.e.t.j.p.i.JtaPlatformInitiator       : HHH000489: No JTA platform available (set 'hibernate.transaction.jta.platform' to enable JTA platform integration)
2024-11-05T22:24:12.868-05:00  INFO 13348 --- [SysPasteleriaDulcesitoFx] [JavaFX-Launcher] j.LocalContainerEntityManagerFactoryBean : Initialized JPA EntityManagerFactory for persistence unit 'default'
2024-11-05T22:24:13.454-05:00  INFO 13348 --- [SysPasteleriaDulcesitoFx] [JavaFX-Launcher] o.s.d.j.r.query.QueryEnhancerFactory     : Hibernate is in classpath; If applicable, HQL parser will be used.
2024-11-05T22:24:15.224-05:00  INFO 13348 --- [SysPasteleriaDulcesitoFx] [JavaFX-Launcher] o.s.boot.SpringApplication               : Started application in 9.939 seconds (process running for 11.55)
2024-11-05T22:26:27.563-05:00  INFO 7764 --- [SysPasteleriaDulcesitoFx] [JavaFX-Launcher] o.s.boot.SpringApplication               : Starting application using Java 17.0.8 with PID 7764 (started by manue in C:\Users\manue\Downloads\EVALUACION-U2-main\EVALUACION-U2-main\SysPasteleriaDulcesitoFx)
2024-11-05T22:26:27.607-05:00  INFO 7764 --- [SysPasteleriaDulcesitoFx] [JavaFX-Launcher] o.s.boot.SpringApplication               : No active profile set, falling back to 1 default profile: "default"
2024-11-05T22:26:29.594-05:00  INFO 7764 --- [SysPasteleriaDulcesitoFx] [JavaFX-Launcher] .s.d.r.c.RepositoryConfigurationDelegate : Bootstrapping Spring Data JPA repositories in DEFAULT mode.
2024-11-05T22:26:29.767-05:00  INFO 7764 --- [SysPasteleriaDulcesitoFx] [JavaFX-Launcher] .s.d.r.c.RepositoryConfigurationDelegate : Finished Spring Data repository scanning in 157 ms. Found 15 JPA repository interfaces.
2024-11-05T22:26:30.664-05:00  INFO 7764 --- [SysPasteleriaDulcesitoFx] [JavaFX-Launcher] o.hibernate.jpa.internal.util.LogHelper  : HHH000204: Processing PersistenceUnitInfo [name: default]
2024-11-05T22:26:30.817-05:00  INFO 7764 --- [SysPasteleriaDulcesitoFx] [JavaFX-Launcher] org.hibernate.Version                    : HHH000412: Hibernate ORM core version 6.5.3.Final
2024-11-05T22:26:30.890-05:00  INFO 7764 --- [SysPasteleriaDulcesitoFx] [JavaFX-Launcher] o.h.c.internal.RegionFactoryInitiator    : HHH000026: Second-level cache disabled
2024-11-05T22:26:31.450-05:00  INFO 7764 --- [SysPasteleriaDulcesitoFx] [JavaFX-Launcher] o.s.o.j.p.SpringPersistenceUnitInfo      : No LoadTimeWeaver setup: ignoring JPA class transformer
2024-11-05T22:26:31.669-05:00  INFO 7764 --- [SysPasteleriaDulcesitoFx] [JavaFX-Launcher] com.zaxxer.hikari.HikariDataSource       : HikariPool-1 - Starting...
2024-11-05T22:26:32.157-05:00  INFO 7764 --- [SysPasteleriaDulcesitoFx] [JavaFX-Launcher] com.zaxxer.hikari.pool.HikariPool        : HikariPool-1 - Added connection org.sqlite.jdbc4.JDBC4Connection@507b9d1
2024-11-05T22:26:32.162-05:00  INFO 7764 --- [SysPasteleriaDulcesitoFx] [JavaFX-Launcher] com.zaxxer.hikari.HikariDataSource       : HikariPool-1 - Start completed.
2024-11-05T22:26:34.200-05:00  INFO 7764 --- [SysPasteleriaDulcesitoFx] [JavaFX-Launcher] o.h.e.t.j.p.i.JtaPlatformInitiator       : HHH000489: No JTA platform available (set 'hibernate.transaction.jta.platform' to enable JTA platform integration)
2024-11-05T22:26:34.266-05:00  INFO 7764 --- [SysPasteleriaDulcesitoFx] [JavaFX-Launcher] j.LocalContainerEntityManagerFactoryBean : Initialized JPA EntityManagerFactory for persistence unit 'default'
2024-11-05T22:26:34.948-05:00  INFO 7764 --- [SysPasteleriaDulcesitoFx] [JavaFX-Launcher] o.s.d.j.r.query.QueryEnhancerFactory     : Hibernate is in classpath; If applicable, HQL parser will be used.
2024-11-05T22:26:36.755-05:00  INFO 7764 --- [SysPasteleriaDulcesitoFx] [JavaFX-Launcher] o.s.boot.SpringApplication               : Started application in 10.153 seconds (process running for 11.588)
2024-11-05T22:30:59.622-05:00  INFO 15028 --- [SysPasteleriaDulcesitoFx] [JavaFX-Launcher] o.s.boot.SpringApplication               : Starting application using Java 17.0.8 with PID 15028 (started by manue in C:\Users\manue\Downloads\EVALUACION-U2-main\EVALUACION-U2-main\SysPasteleriaDulcesitoFx)
2024-11-05T22:30:59.628-05:00  INFO 15028 --- [SysPasteleriaDulcesitoFx] [JavaFX-Launcher] o.s.boot.SpringApplication               : No active profile set, falling back to 1 default profile: "default"
2024-11-05T22:31:02.044-05:00  INFO 15028 --- [SysPasteleriaDulcesitoFx] [JavaFX-Launcher] .s.d.r.c.RepositoryConfigurationDelegate : Bootstrapping Spring Data JPA repositories in DEFAULT mode.
2024-11-05T22:31:02.267-05:00  INFO 15028 --- [SysPasteleriaDulcesitoFx] [JavaFX-Launcher] .s.d.r.c.RepositoryConfigurationDelegate : Finished Spring Data repository scanning in 205 ms. Found 15 JPA repository interfaces.
2024-11-05T22:31:03.560-05:00  INFO 15028 --- [SysPasteleriaDulcesitoFx] [JavaFX-Launcher] o.hibernate.jpa.internal.util.LogHelper  : HHH000204: Processing PersistenceUnitInfo [name: default]
2024-11-05T22:31:03.661-05:00  INFO 15028 --- [SysPasteleriaDulcesitoFx] [JavaFX-Launcher] org.hibernate.Version                    : HHH000412: Hibernate ORM core version 6.5.3.Final
2024-11-05T22:31:03.724-05:00  INFO 15028 --- [SysPasteleriaDulcesitoFx] [JavaFX-Launcher] o.h.c.internal.RegionFactoryInitiator    : HHH000026: Second-level cache disabled
2024-11-05T22:31:04.232-05:00  INFO 15028 --- [SysPasteleriaDulcesitoFx] [JavaFX-Launcher] o.s.o.j.p.SpringPersistenceUnitInfo      : No LoadTimeWeaver setup: ignoring JPA class transformer
2024-11-05T22:31:04.293-05:00  INFO 15028 --- [SysPasteleriaDulcesitoFx] [JavaFX-Launcher] com.zaxxer.hikari.HikariDataSource       : HikariPool-1 - Starting...
2024-11-05T22:31:04.500-05:00  INFO 15028 --- [SysPasteleriaDulcesitoFx] [JavaFX-Launcher] com.zaxxer.hikari.pool.HikariPool        : HikariPool-1 - Added connection org.sqlite.jdbc4.JDBC4Connection@23eb205a
2024-11-05T22:31:04.504-05:00  INFO 15028 --- [SysPasteleriaDulcesitoFx] [JavaFX-Launcher] com.zaxxer.hikari.HikariDataSource       : HikariPool-1 - Start completed.
2024-11-05T22:31:06.509-05:00  INFO 15028 --- [SysPasteleriaDulcesitoFx] [JavaFX-Launcher] o.h.e.t.j.p.i.JtaPlatformInitiator       : HHH000489: No JTA platform available (set 'hibernate.transaction.jta.platform' to enable JTA platform integration)
2024-11-05T22:31:06.572-05:00  INFO 15028 --- [SysPasteleriaDulcesitoFx] [JavaFX-Launcher] j.LocalContainerEntityManagerFactoryBean : Initialized JPA EntityManagerFactory for persistence unit 'default'
2024-11-05T22:31:07.138-05:00  INFO 15028 --- [SysPasteleriaDulcesitoFx] [JavaFX-Launcher] o.s.d.j.r.query.QueryEnhancerFactory     : Hibernate is in classpath; If applicable, HQL parser will be used.
2024-11-05T22:31:08.815-05:00  INFO 15028 --- [SysPasteleriaDulcesitoFx] [JavaFX-Launcher] o.s.boot.SpringApplication               : Started application in 10.093 seconds (process running for 11.759)
2024-11-05T22:41:52.819-05:00  INFO 15480 --- [SysPasteleriaDulcesitoFx] [JavaFX-Launcher] o.s.boot.SpringApplication               : Starting application using Java 17.0.8 with PID 15480 (started by manue in C:\Users\manue\Downloads\EVALUACION-U2-main\EVALUACION-U2-main\SysPasteleriaDulcesitoFx)
2024-11-05T22:41:52.826-05:00  INFO 15480 --- [SysPasteleriaDulcesitoFx] [JavaFX-Launcher] o.s.boot.SpringApplication               : No active profile set, falling back to 1 default profile: "default"
2024-11-05T22:41:55.197-05:00  INFO 15480 --- [SysPasteleriaDulcesitoFx] [JavaFX-Launcher] .s.d.r.c.RepositoryConfigurationDelegate : Bootstrapping Spring Data JPA repositories in DEFAULT mode.
2024-11-05T22:41:55.393-05:00  INFO 15480 --- [SysPasteleriaDulcesitoFx] [JavaFX-Launcher] .s.d.r.c.RepositoryConfigurationDelegate : Finished Spring Data repository scanning in 184 ms. Found 15 JPA repository interfaces.
2024-11-05T22:41:56.508-05:00  INFO 15480 --- [SysPasteleriaDulcesitoFx] [JavaFX-Launcher] o.hibernate.jpa.internal.util.LogHelper  : HHH000204: Processing PersistenceUnitInfo [name: default]
2024-11-05T22:41:56.683-05:00  INFO 15480 --- [SysPasteleriaDulcesitoFx] [JavaFX-Launcher] org.hibernate.Version                    : HHH000412: Hibernate ORM core version 6.5.3.Final
2024-11-05T22:41:56.767-05:00  INFO 15480 --- [SysPasteleriaDulcesitoFx] [JavaFX-Launcher] o.h.c.internal.RegionFactoryInitiator    : HHH000026: Second-level cache disabled
2024-11-05T22:41:57.316-05:00  INFO 15480 --- [SysPasteleriaDulcesitoFx] [JavaFX-Launcher] o.s.o.j.p.SpringPersistenceUnitInfo      : No LoadTimeWeaver setup: ignoring JPA class transformer
2024-11-05T22:41:57.382-05:00  INFO 15480 --- [SysPasteleriaDulcesitoFx] [JavaFX-Launcher] com.zaxxer.hikari.HikariDataSource       : HikariPool-1 - Starting...
2024-11-05T22:41:57.768-05:00  INFO 15480 --- [SysPasteleriaDulcesitoFx] [JavaFX-Launcher] com.zaxxer.hikari.pool.HikariPool        : HikariPool-1 - Added connection org.sqlite.jdbc4.JDBC4Connection@69fb71d4
2024-11-05T22:41:57.773-05:00  INFO 15480 --- [SysPasteleriaDulcesitoFx] [JavaFX-Launcher] com.zaxxer.hikari.HikariDataSource       : HikariPool-1 - Start completed.
2024-11-05T22:42:00.034-05:00  INFO 15480 --- [SysPasteleriaDulcesitoFx] [JavaFX-Launcher] o.h.e.t.j.p.i.JtaPlatformInitiator       : HHH000489: No JTA platform available (set 'hibernate.transaction.jta.platform' to enable JTA platform integration)
2024-11-05T22:42:00.129-05:00  INFO 15480 --- [SysPasteleriaDulcesitoFx] [JavaFX-Launcher] j.LocalContainerEntityManagerFactoryBean : Initialized JPA EntityManagerFactory for persistence unit 'default'
2024-11-05T22:42:00.863-05:00  INFO 15480 --- [SysPasteleriaDulcesitoFx] [JavaFX-Launcher] o.s.d.j.r.query.QueryEnhancerFactory     : Hibernate is in classpath; If applicable, HQL parser will be used.
2024-11-05T22:42:02.326-05:00  INFO 15480 --- [SysPasteleriaDulcesitoFx] [JavaFX-Launcher] o.s.boot.SpringApplication               : Started application in 10.774 seconds (process running for 12.372)
2024-11-05T22:45:05.173-05:00  INFO 12344 --- [SysPasteleriaDulcesitoFx] [JavaFX-Launcher] o.s.boot.SpringApplication               : Starting application using Java 17.0.8 with PID 12344 (started by manue in C:\Users\manue\Downloads\EVALUACION-U2-main\EVALUACION-U2-main\SysPasteleriaDulcesitoFx)
2024-11-05T22:45:05.177-05:00  INFO 12344 --- [SysPasteleriaDulcesitoFx] [JavaFX-Launcher] o.s.boot.SpringApplication               : No active profile set, falling back to 1 default profile: "default"
2024-11-05T22:45:07.088-05:00  INFO 12344 --- [SysPasteleriaDulcesitoFx] [JavaFX-Launcher] .s.d.r.c.RepositoryConfigurationDelegate : Bootstrapping Spring Data JPA repositories in DEFAULT mode.
2024-11-05T22:45:07.272-05:00  INFO 12344 --- [SysPasteleriaDulcesitoFx] [JavaFX-Launcher] .s.d.r.c.RepositoryConfigurationDelegate : Finished Spring Data repository scanning in 169 ms. Found 15 JPA repository interfaces.
2024-11-05T22:45:08.130-05:00  INFO 12344 --- [SysPasteleriaDulcesitoFx] [JavaFX-Launcher] o.hibernate.jpa.internal.util.LogHelper  : HHH000204: Processing PersistenceUnitInfo [name: default]
2024-11-05T22:45:08.232-05:00  INFO 12344 --- [SysPasteleriaDulcesitoFx] [JavaFX-Launcher] org.hibernate.Version                    : HHH000412: Hibernate ORM core version 6.5.3.Final
2024-11-05T22:45:08.314-05:00  INFO 12344 --- [SysPasteleriaDulcesitoFx] [JavaFX-Launcher] o.h.c.internal.RegionFactoryInitiator    : HHH000026: Second-level cache disabled
2024-11-05T22:45:09.004-05:00  INFO 12344 --- [SysPasteleriaDulcesitoFx] [JavaFX-Launcher] o.s.o.j.p.SpringPersistenceUnitInfo      : No LoadTimeWeaver setup: ignoring JPA class transformer
2024-11-05T22:45:09.076-05:00  INFO 12344 --- [SysPasteleriaDulcesitoFx] [JavaFX-Launcher] com.zaxxer.hikari.HikariDataSource       : HikariPool-1 - Starting...
2024-11-05T22:45:09.510-05:00  INFO 12344 --- [SysPasteleriaDulcesitoFx] [JavaFX-Launcher] com.zaxxer.hikari.pool.HikariPool        : HikariPool-1 - Added connection org.sqlite.jdbc4.JDBC4Connection@7c14dde9
2024-11-05T22:45:09.513-05:00  INFO 12344 --- [SysPasteleriaDulcesitoFx] [JavaFX-Launcher] com.zaxxer.hikari.HikariDataSource       : HikariPool-1 - Start completed.
2024-11-05T22:45:11.392-05:00  INFO 12344 --- [SysPasteleriaDulcesitoFx] [JavaFX-Launcher] o.h.e.t.j.p.i.JtaPlatformInitiator       : HHH000489: No JTA platform available (set 'hibernate.transaction.jta.platform' to enable JTA platform integration)
2024-11-05T22:45:11.462-05:00  INFO 12344 --- [SysPasteleriaDulcesitoFx] [JavaFX-Launcher] j.LocalContainerEntityManagerFactoryBean : Initialized JPA EntityManagerFactory for persistence unit 'default'
2024-11-05T22:45:12.041-05:00  INFO 12344 --- [SysPasteleriaDulcesitoFx] [JavaFX-Launcher] o.s.d.j.r.query.QueryEnhancerFactory     : Hibernate is in classpath; If applicable, HQL parser will be used.
2024-11-05T22:45:13.559-05:00  INFO 12344 --- [SysPasteleriaDulcesitoFx] [JavaFX-Launcher] o.s.boot.SpringApplication               : Started application in 9.48 seconds (process running for 11.145)
2024-11-05T22:48:49.438-05:00  INFO 11832 --- [SysPasteleriaDulcesitoFx] [JavaFX-Launcher] o.s.boot.SpringApplication               : Starting application using Java 17.0.8 with PID 11832 (started by manue in C:\Users\manue\Downloads\EVALUACION-U2-main\EVALUACION-U2-main\SysPasteleriaDulcesitoFx)
2024-11-05T22:48:49.446-05:00  INFO 11832 --- [SysPasteleriaDulcesitoFx] [JavaFX-Launcher] o.s.boot.SpringApplication               : No active profile set, falling back to 1 default profile: "default"
2024-11-05T22:48:51.444-05:00  INFO 11832 --- [SysPasteleriaDulcesitoFx] [JavaFX-Launcher] .s.d.r.c.RepositoryConfigurationDelegate : Bootstrapping Spring Data JPA repositories in DEFAULT mode.
2024-11-05T22:48:51.642-05:00  INFO 11832 --- [SysPasteleriaDulcesitoFx] [JavaFX-Launcher] .s.d.r.c.RepositoryConfigurationDelegate : Finished Spring Data repository scanning in 177 ms. Found 15 JPA repository interfaces.
2024-11-05T22:48:52.703-05:00  INFO 11832 --- [SysPasteleriaDulcesitoFx] [JavaFX-Launcher] o.hibernate.jpa.internal.util.LogHelper  : HHH000204: Processing PersistenceUnitInfo [name: default]
2024-11-05T22:48:52.807-05:00  INFO 11832 --- [SysPasteleriaDulcesitoFx] [JavaFX-Launcher] org.hibernate.Version                    : HHH000412: Hibernate ORM core version 6.5.3.Final
2024-11-05T22:48:52.893-05:00  INFO 11832 --- [SysPasteleriaDulcesitoFx] [JavaFX-Launcher] o.h.c.internal.RegionFactoryInitiator    : HHH000026: Second-level cache disabled
2024-11-05T22:48:53.450-05:00  INFO 11832 --- [SysPasteleriaDulcesitoFx] [JavaFX-Launcher] o.s.o.j.p.SpringPersistenceUnitInfo      : No LoadTimeWeaver setup: ignoring JPA class transformer
2024-11-05T22:48:53.527-05:00  INFO 11832 --- [SysPasteleriaDulcesitoFx] [JavaFX-Launcher] com.zaxxer.hikari.HikariDataSource       : HikariPool-1 - Starting...
2024-11-05T22:48:53.985-05:00  INFO 11832 --- [SysPasteleriaDulcesitoFx] [JavaFX-Launcher] com.zaxxer.hikari.pool.HikariPool        : HikariPool-1 - Added connection org.sqlite.jdbc4.JDBC4Connection@45e23328
2024-11-05T22:48:53.998-05:00  INFO 11832 --- [SysPasteleriaDulcesitoFx] [JavaFX-Launcher] com.zaxxer.hikari.HikariDataSource       : HikariPool-1 - Start completed.
2024-11-05T22:48:56.735-05:00  INFO 11832 --- [SysPasteleriaDulcesitoFx] [JavaFX-Launcher] o.h.e.t.j.p.i.JtaPlatformInitiator       : HHH000489: No JTA platform available (set 'hibernate.transaction.jta.platform' to enable JTA platform integration)
2024-11-05T22:48:56.815-05:00  INFO 11832 --- [SysPasteleriaDulcesitoFx] [JavaFX-Launcher] j.LocalContainerEntityManagerFactoryBean : Initialized JPA EntityManagerFactory for persistence unit 'default'
2024-11-05T22:48:57.479-05:00  INFO 11832 --- [SysPasteleriaDulcesitoFx] [JavaFX-Launcher] o.s.d.j.r.query.QueryEnhancerFactory     : Hibernate is in classpath; If applicable, HQL parser will be used.
2024-11-05T22:48:58.978-05:00  INFO 11832 --- [SysPasteleriaDulcesitoFx] [JavaFX-Launcher] o.s.boot.SpringApplication               : Started application in 11.481 seconds (process running for 12.988)
2024-11-05T23:07:46.797-05:00  INFO 5988 --- [SysPasteleriaDulcesitoFx] [JavaFX-Launcher] o.s.boot.SpringApplication               : Starting application using Java 17.0.8 with PID 5988 (started by manue in C:\Users\manue\Downloads\EVALUACION-U2-main\EVALUACION-U2-main\SysPasteleriaDulcesitoFx)
2024-11-05T23:07:46.805-05:00  INFO 5988 --- [SysPasteleriaDulcesitoFx] [JavaFX-Launcher] o.s.boot.SpringApplication               : No active profile set, falling back to 1 default profile: "default"
2024-11-05T23:07:49.344-05:00  INFO 5988 --- [SysPasteleriaDulcesitoFx] [JavaFX-Launcher] .s.d.r.c.RepositoryConfigurationDelegate : Bootstrapping Spring Data JPA repositories in DEFAULT mode.
2024-11-05T23:07:49.728-05:00  INFO 5988 --- [SysPasteleriaDulcesitoFx] [JavaFX-Launcher] .s.d.r.c.RepositoryConfigurationDelegate : Finished Spring Data repository scanning in 368 ms. Found 15 JPA repository interfaces.
2024-11-05T23:07:50.906-05:00  INFO 5988 --- [SysPasteleriaDulcesitoFx] [JavaFX-Launcher] o.hibernate.jpa.internal.util.LogHelper  : HHH000204: Processing PersistenceUnitInfo [name: default]
2024-11-05T23:07:51.040-05:00  INFO 5988 --- [SysPasteleriaDulcesitoFx] [JavaFX-Launcher] org.hibernate.Version                    : HHH000412: Hibernate ORM core version 6.5.3.Final
2024-11-05T23:07:51.159-05:00  INFO 5988 --- [SysPasteleriaDulcesitoFx] [JavaFX-Launcher] o.h.c.internal.RegionFactoryInitiator    : HHH000026: Second-level cache disabled
2024-11-05T23:07:51.998-05:00  INFO 5988 --- [SysPasteleriaDulcesitoFx] [JavaFX-Launcher] o.s.o.j.p.SpringPersistenceUnitInfo      : No LoadTimeWeaver setup: ignoring JPA class transformer
2024-11-05T23:07:52.091-05:00  INFO 5988 --- [SysPasteleriaDulcesitoFx] [JavaFX-Launcher] com.zaxxer.hikari.HikariDataSource       : HikariPool-1 - Starting...
2024-11-05T23:07:52.437-05:00  INFO 5988 --- [SysPasteleriaDulcesitoFx] [JavaFX-Launcher] com.zaxxer.hikari.pool.HikariPool        : HikariPool-1 - Added connection org.sqlite.jdbc4.JDBC4Connection@65d3b806
2024-11-05T23:07:52.441-05:00  INFO 5988 --- [SysPasteleriaDulcesitoFx] [JavaFX-Launcher] com.zaxxer.hikari.HikariDataSource       : HikariPool-1 - Start completed.
2024-11-05T23:07:55.163-05:00  INFO 5988 --- [SysPasteleriaDulcesitoFx] [JavaFX-Launcher] o.h.e.t.j.p.i.JtaPlatformInitiator       : HHH000489: No JTA platform available (set 'hibernate.transaction.jta.platform' to enable JTA platform integration)
2024-11-05T23:07:55.240-05:00  INFO 5988 --- [SysPasteleriaDulcesitoFx] [JavaFX-Launcher] j.LocalContainerEntityManagerFactoryBean : Initialized JPA EntityManagerFactory for persistence unit 'default'
2024-11-05T23:07:56.060-05:00  INFO 5988 --- [SysPasteleriaDulcesitoFx] [JavaFX-Launcher] o.s.d.j.r.query.QueryEnhancerFactory     : Hibernate is in classpath; If applicable, HQL parser will be used.
2024-11-05T23:07:58.318-05:00  INFO 5988 --- [SysPasteleriaDulcesitoFx] [JavaFX-Launcher] o.s.boot.SpringApplication               : Started application in 12.904 seconds (process running for 14.64)
2024-11-05T23:12:05.084-05:00  INFO 15868 --- [SysPasteleriaDulcesitoFx] [JavaFX-Launcher] o.s.boot.SpringApplication               : Starting application using Java 17.0.8 with PID 15868 (started by manue in C:\Users\manue\Downloads\EVALUACION-U2-main\EVALUACION-U2-main\SysPasteleriaDulcesitoFx)
2024-11-05T23:12:05.092-05:00  INFO 15868 --- [SysPasteleriaDulcesitoFx] [JavaFX-Launcher] o.s.boot.SpringApplication               : No active profile set, falling back to 1 default profile: "default"
2024-11-05T23:12:07.108-05:00  INFO 15868 --- [SysPasteleriaDulcesitoFx] [JavaFX-Launcher] .s.d.r.c.RepositoryConfigurationDelegate : Bootstrapping Spring Data JPA repositories in DEFAULT mode.
2024-11-05T23:12:07.290-05:00  INFO 15868 --- [SysPasteleriaDulcesitoFx] [JavaFX-Launcher] .s.d.r.c.RepositoryConfigurationDelegate : Finished Spring Data repository scanning in 169 ms. Found 15 JPA repository interfaces.
2024-11-05T23:12:08.226-05:00  INFO 15868 --- [SysPasteleriaDulcesitoFx] [JavaFX-Launcher] o.hibernate.jpa.internal.util.LogHelper  : HHH000204: Processing PersistenceUnitInfo [name: default]
2024-11-05T23:12:08.373-05:00  INFO 15868 --- [SysPasteleriaDulcesitoFx] [JavaFX-Launcher] org.hibernate.Version                    : HHH000412: Hibernate ORM core version 6.5.3.Final
2024-11-05T23:12:08.445-05:00  INFO 15868 --- [SysPasteleriaDulcesitoFx] [JavaFX-Launcher] o.h.c.internal.RegionFactoryInitiator    : HHH000026: Second-level cache disabled
2024-11-05T23:12:09.033-05:00  INFO 15868 --- [SysPasteleriaDulcesitoFx] [JavaFX-Launcher] o.s.o.j.p.SpringPersistenceUnitInfo      : No LoadTimeWeaver setup: ignoring JPA class transformer
2024-11-05T23:12:09.094-05:00  INFO 15868 --- [SysPasteleriaDulcesitoFx] [JavaFX-Launcher] com.zaxxer.hikari.HikariDataSource       : HikariPool-1 - Starting...
2024-11-05T23:12:09.326-05:00  INFO 15868 --- [SysPasteleriaDulcesitoFx] [JavaFX-Launcher] com.zaxxer.hikari.pool.HikariPool        : HikariPool-1 - Added connection org.sqlite.jdbc4.JDBC4Connection@1478803f
2024-11-05T23:12:09.329-05:00  INFO 15868 --- [SysPasteleriaDulcesitoFx] [JavaFX-Launcher] com.zaxxer.hikari.HikariDataSource       : HikariPool-1 - Start completed.
2024-11-05T23:12:12.348-05:00  INFO 15868 --- [SysPasteleriaDulcesitoFx] [JavaFX-Launcher] o.h.e.t.j.p.i.JtaPlatformInitiator       : HHH000489: No JTA platform available (set 'hibernate.transaction.jta.platform' to enable JTA platform integration)
2024-11-05T23:12:12.434-05:00  INFO 15868 --- [SysPasteleriaDulcesitoFx] [JavaFX-Launcher] j.LocalContainerEntityManagerFactoryBean : Initialized JPA EntityManagerFactory for persistence unit 'default'
2024-11-05T23:12:13.308-05:00  INFO 15868 --- [SysPasteleriaDulcesitoFx] [JavaFX-Launcher] o.s.d.j.r.query.QueryEnhancerFactory     : Hibernate is in classpath; If applicable, HQL parser will be used.
2024-11-05T23:12:15.997-05:00  INFO 15868 --- [SysPasteleriaDulcesitoFx] [JavaFX-Launcher] o.s.boot.SpringApplication               : Started application in 11.995 seconds (process running for 13.417)
2024-11-05T23:14:52.226-05:00  INFO 11868 --- [SysPasteleriaDulcesitoFx] [JavaFX-Launcher] o.s.boot.SpringApplication               : Starting application using Java 17.0.8 with PID 11868 (started by manue in C:\Users\manue\Downloads\EVALUACION-U2-main\EVALUACION-U2-main\SysPasteleriaDulcesitoFx)
2024-11-05T23:14:52.233-05:00  INFO 11868 --- [SysPasteleriaDulcesitoFx] [JavaFX-Launcher] o.s.boot.SpringApplication               : No active profile set, falling back to 1 default profile: "default"
2024-11-05T23:14:54.959-05:00  INFO 11868 --- [SysPasteleriaDulcesitoFx] [JavaFX-Launcher] .s.d.r.c.RepositoryConfigurationDelegate : Bootstrapping Spring Data JPA repositories in DEFAULT mode.
2024-11-05T23:14:55.172-05:00  INFO 11868 --- [SysPasteleriaDulcesitoFx] [JavaFX-Launcher] .s.d.r.c.RepositoryConfigurationDelegate : Finished Spring Data repository scanning in 200 ms. Found 15 JPA repository interfaces.
2024-11-05T23:14:57.196-05:00  INFO 11868 --- [SysPasteleriaDulcesitoFx] [JavaFX-Launcher] o.hibernate.jpa.internal.util.LogHelper  : HHH000204: Processing PersistenceUnitInfo [name: default]
2024-11-05T23:14:57.365-05:00  INFO 11868 --- [SysPasteleriaDulcesitoFx] [JavaFX-Launcher] org.hibernate.Version                    : HHH000412: Hibernate ORM core version 6.5.3.Final
2024-11-05T23:14:57.752-05:00  INFO 11868 --- [SysPasteleriaDulcesitoFx] [JavaFX-Launcher] o.h.c.internal.RegionFactoryInitiator    : HHH000026: Second-level cache disabled
2024-11-05T23:14:58.283-05:00  INFO 11868 --- [SysPasteleriaDulcesitoFx] [JavaFX-Launcher] o.s.o.j.p.SpringPersistenceUnitInfo      : No LoadTimeWeaver setup: ignoring JPA class transformer
2024-11-05T23:14:58.351-05:00  INFO 11868 --- [SysPasteleriaDulcesitoFx] [JavaFX-Launcher] com.zaxxer.hikari.HikariDataSource       : HikariPool-1 - Starting...
2024-11-05T23:14:58.917-05:00  INFO 11868 --- [SysPasteleriaDulcesitoFx] [JavaFX-Launcher] com.zaxxer.hikari.pool.HikariPool        : HikariPool-1 - Added connection org.sqlite.jdbc4.JDBC4Connection@7c14dde9
2024-11-05T23:14:58.920-05:00  INFO 11868 --- [SysPasteleriaDulcesitoFx] [JavaFX-Launcher] com.zaxxer.hikari.HikariDataSource       : HikariPool-1 - Start completed.
2024-11-05T23:15:02.194-05:00  INFO 11868 --- [SysPasteleriaDulcesitoFx] [JavaFX-Launcher] o.h.e.t.j.p.i.JtaPlatformInitiator       : HHH000489: No JTA platform available (set 'hibernate.transaction.jta.platform' to enable JTA platform integration)
2024-11-05T23:15:02.268-05:00  INFO 11868 --- [SysPasteleriaDulcesitoFx] [JavaFX-Launcher] j.LocalContainerEntityManagerFactoryBean : Initialized JPA EntityManagerFactory for persistence unit 'default'
2024-11-05T23:15:03.167-05:00  INFO 11868 --- [SysPasteleriaDulcesitoFx] [JavaFX-Launcher] o.s.d.j.r.query.QueryEnhancerFactory     : Hibernate is in classpath; If applicable, HQL parser will be used.
2024-11-05T23:15:05.127-05:00  INFO 11868 --- [SysPasteleriaDulcesitoFx] [JavaFX-Launcher] o.s.boot.SpringApplication               : Started application in 14.162 seconds (process running for 15.738)
2024-11-05T23:16:12.356-05:00  INFO 15316 --- [SysPasteleriaDulcesitoFx] [JavaFX-Launcher] o.s.boot.SpringApplication               : Starting application using Java 17.0.8 with PID 15316 (started by manue in C:\Users\manue\Downloads\EVALUACION-U2-main\EVALUACION-U2-main\SysPasteleriaDulcesitoFx)
2024-11-05T23:16:12.369-05:00  INFO 15316 --- [SysPasteleriaDulcesitoFx] [JavaFX-Launcher] o.s.boot.SpringApplication               : No active profile set, falling back to 1 default profile: "default"
2024-11-05T23:16:14.567-05:00  INFO 15316 --- [SysPasteleriaDulcesitoFx] [JavaFX-Launcher] .s.d.r.c.RepositoryConfigurationDelegate : Bootstrapping Spring Data JPA repositories in DEFAULT mode.
2024-11-05T23:16:14.752-05:00  INFO 15316 --- [SysPasteleriaDulcesitoFx] [JavaFX-Launcher] .s.d.r.c.RepositoryConfigurationDelegate : Finished Spring Data repository scanning in 170 ms. Found 15 JPA repository interfaces.
2024-11-05T23:16:15.689-05:00  INFO 15316 --- [SysPasteleriaDulcesitoFx] [JavaFX-Launcher] o.hibernate.jpa.internal.util.LogHelper  : HHH000204: Processing PersistenceUnitInfo [name: default]
2024-11-05T23:16:15.820-05:00  INFO 15316 --- [SysPasteleriaDulcesitoFx] [JavaFX-Launcher] org.hibernate.Version                    : HHH000412: Hibernate ORM core version 6.5.3.Final
2024-11-05T23:16:15.933-05:00  INFO 15316 --- [SysPasteleriaDulcesitoFx] [JavaFX-Launcher] o.h.c.internal.RegionFactoryInitiator    : HHH000026: Second-level cache disabled
2024-11-05T23:16:16.524-05:00  INFO 15316 --- [SysPasteleriaDulcesitoFx] [JavaFX-Launcher] o.s.o.j.p.SpringPersistenceUnitInfo      : No LoadTimeWeaver setup: ignoring JPA class transformer
2024-11-05T23:16:16.614-05:00  INFO 15316 --- [SysPasteleriaDulcesitoFx] [JavaFX-Launcher] com.zaxxer.hikari.HikariDataSource       : HikariPool-1 - Starting...
2024-11-05T23:16:16.905-05:00  INFO 15316 --- [SysPasteleriaDulcesitoFx] [JavaFX-Launcher] com.zaxxer.hikari.pool.HikariPool        : HikariPool-1 - Added connection org.sqlite.jdbc4.JDBC4Connection@1706cecf
2024-11-05T23:16:16.911-05:00  INFO 15316 --- [SysPasteleriaDulcesitoFx] [JavaFX-Launcher] com.zaxxer.hikari.HikariDataSource       : HikariPool-1 - Start completed.
2024-11-05T23:16:19.265-05:00  INFO 15316 --- [SysPasteleriaDulcesitoFx] [JavaFX-Launcher] o.h.e.t.j.p.i.JtaPlatformInitiator       : HHH000489: No JTA platform available (set 'hibernate.transaction.jta.platform' to enable JTA platform integration)
2024-11-05T23:16:19.343-05:00  INFO 15316 --- [SysPasteleriaDulcesitoFx] [JavaFX-Launcher] j.LocalContainerEntityManagerFactoryBean : Initialized JPA EntityManagerFactory for persistence unit 'default'
2024-11-05T23:16:20.040-05:00  INFO 15316 --- [SysPasteleriaDulcesitoFx] [JavaFX-Launcher] o.s.d.j.r.query.QueryEnhancerFactory     : Hibernate is in classpath; If applicable, HQL parser will be used.
2024-11-05T23:16:21.714-05:00  INFO 15316 --- [SysPasteleriaDulcesitoFx] [JavaFX-Launcher] o.s.boot.SpringApplication               : Started application in 10.507 seconds (process running for 11.982)
2024-11-05T23:19:08.776-05:00  INFO 14632 --- [SysPasteleriaDulcesitoFx] [JavaFX-Launcher] o.s.boot.SpringApplication               : Starting application using Java 17.0.8 with PID 14632 (started by manue in C:\Users\manue\Downloads\EVALUACION-U2-main\EVALUACION-U2-main\SysPasteleriaDulcesitoFx)
2024-11-05T23:19:08.779-05:00  INFO 14632 --- [SysPasteleriaDulcesitoFx] [JavaFX-Launcher] o.s.boot.SpringApplication               : No active profile set, falling back to 1 default profile: "default"
2024-11-05T23:19:10.771-05:00  INFO 14632 --- [SysPasteleriaDulcesitoFx] [JavaFX-Launcher] .s.d.r.c.RepositoryConfigurationDelegate : Bootstrapping Spring Data JPA repositories in DEFAULT mode.
2024-11-05T23:19:10.972-05:00  INFO 14632 --- [SysPasteleriaDulcesitoFx] [JavaFX-Launcher] .s.d.r.c.RepositoryConfigurationDelegate : Finished Spring Data repository scanning in 181 ms. Found 15 JPA repository interfaces.
2024-11-05T23:19:12.104-05:00  INFO 14632 --- [SysPasteleriaDulcesitoFx] [JavaFX-Launcher] o.hibernate.jpa.internal.util.LogHelper  : HHH000204: Processing PersistenceUnitInfo [name: default]
2024-11-05T23:19:12.276-05:00  INFO 14632 --- [SysPasteleriaDulcesitoFx] [JavaFX-Launcher] org.hibernate.Version                    : HHH000412: Hibernate ORM core version 6.5.3.Final
2024-11-05T23:19:12.379-05:00  INFO 14632 --- [SysPasteleriaDulcesitoFx] [JavaFX-Launcher] o.h.c.internal.RegionFactoryInitiator    : HHH000026: Second-level cache disabled
2024-11-05T23:19:12.915-05:00  INFO 14632 --- [SysPasteleriaDulcesitoFx] [JavaFX-Launcher] o.s.o.j.p.SpringPersistenceUnitInfo      : No LoadTimeWeaver setup: ignoring JPA class transformer
2024-11-05T23:19:12.971-05:00  INFO 14632 --- [SysPasteleriaDulcesitoFx] [JavaFX-Launcher] com.zaxxer.hikari.HikariDataSource       : HikariPool-1 - Starting...
2024-11-05T23:19:13.147-05:00  INFO 14632 --- [SysPasteleriaDulcesitoFx] [JavaFX-Launcher] com.zaxxer.hikari.pool.HikariPool        : HikariPool-1 - Added connection org.sqlite.jdbc4.JDBC4Connection@50a93dc2
2024-11-05T23:19:13.150-05:00  INFO 14632 --- [SysPasteleriaDulcesitoFx] [JavaFX-Launcher] com.zaxxer.hikari.HikariDataSource       : HikariPool-1 - Start completed.
2024-11-05T23:19:15.210-05:00  INFO 14632 --- [SysPasteleriaDulcesitoFx] [JavaFX-Launcher] o.h.e.t.j.p.i.JtaPlatformInitiator       : HHH000489: No JTA platform available (set 'hibernate.transaction.jta.platform' to enable JTA platform integration)
2024-11-05T23:19:15.289-05:00  INFO 14632 --- [SysPasteleriaDulcesitoFx] [JavaFX-Launcher] j.LocalContainerEntityManagerFactoryBean : Initialized JPA EntityManagerFactory for persistence unit 'default'
2024-11-05T23:19:15.908-05:00  INFO 14632 --- [SysPasteleriaDulcesitoFx] [JavaFX-Launcher] o.s.d.j.r.query.QueryEnhancerFactory     : Hibernate is in classpath; If applicable, HQL parser will be used.
2024-11-05T23:19:17.562-05:00  INFO 14632 --- [SysPasteleriaDulcesitoFx] [JavaFX-Launcher] o.s.boot.SpringApplication               : Started application in 9.793 seconds (process running for 11.616)
2024-11-05T23:20:39.016-05:00  INFO 16916 --- [SysPasteleriaDulcesitoFx] [JavaFX-Launcher] o.s.boot.SpringApplication               : Starting application using Java 17.0.8 with PID 16916 (started by manue in C:\Users\manue\Downloads\EVALUACION-U2-main\EVALUACION-U2-main\SysPasteleriaDulcesitoFx)
2024-11-05T23:20:39.020-05:00  INFO 16916 --- [SysPasteleriaDulcesitoFx] [JavaFX-Launcher] o.s.boot.SpringApplication               : No active profile set, falling back to 1 default profile: "default"
2024-11-05T23:20:40.791-05:00  INFO 16916 --- [SysPasteleriaDulcesitoFx] [JavaFX-Launcher] .s.d.r.c.RepositoryConfigurationDelegate : Bootstrapping Spring Data JPA repositories in DEFAULT mode.
2024-11-05T23:20:40.992-05:00  INFO 16916 --- [SysPasteleriaDulcesitoFx] [JavaFX-Launcher] .s.d.r.c.RepositoryConfigurationDelegate : Finished Spring Data repository scanning in 171 ms. Found 15 JPA repository interfaces.
2024-11-05T23:20:41.895-05:00  INFO 16916 --- [SysPasteleriaDulcesitoFx] [JavaFX-Launcher] o.hibernate.jpa.internal.util.LogHelper  : HHH000204: Processing PersistenceUnitInfo [name: default]
2024-11-05T23:20:42.008-05:00  INFO 16916 --- [SysPasteleriaDulcesitoFx] [JavaFX-Launcher] org.hibernate.Version                    : HHH000412: Hibernate ORM core version 6.5.3.Final
2024-11-05T23:20:42.098-05:00  INFO 16916 --- [SysPasteleriaDulcesitoFx] [JavaFX-Launcher] o.h.c.internal.RegionFactoryInitiator    : HHH000026: Second-level cache disabled
2024-11-05T23:20:42.770-05:00  INFO 16916 --- [SysPasteleriaDulcesitoFx] [JavaFX-Launcher] o.s.o.j.p.SpringPersistenceUnitInfo      : No LoadTimeWeaver setup: ignoring JPA class transformer
2024-11-05T23:20:42.920-05:00  INFO 16916 --- [SysPasteleriaDulcesitoFx] [JavaFX-Launcher] com.zaxxer.hikari.HikariDataSource       : HikariPool-1 - Starting...
2024-11-05T23:20:43.362-05:00  INFO 16916 --- [SysPasteleriaDulcesitoFx] [JavaFX-Launcher] com.zaxxer.hikari.pool.HikariPool        : HikariPool-1 - Added connection org.sqlite.jdbc4.JDBC4Connection@34b2aa0b
2024-11-05T23:20:43.366-05:00  INFO 16916 --- [SysPasteleriaDulcesitoFx] [JavaFX-Launcher] com.zaxxer.hikari.HikariDataSource       : HikariPool-1 - Start completed.
2024-11-05T23:20:45.802-05:00  INFO 16916 --- [SysPasteleriaDulcesitoFx] [JavaFX-Launcher] o.h.e.t.j.p.i.JtaPlatformInitiator       : HHH000489: No JTA platform available (set 'hibernate.transaction.jta.platform' to enable JTA platform integration)
2024-11-05T23:20:45.872-05:00  INFO 16916 --- [SysPasteleriaDulcesitoFx] [JavaFX-Launcher] j.LocalContainerEntityManagerFactoryBean : Initialized JPA EntityManagerFactory for persistence unit 'default'
2024-11-05T23:20:46.527-05:00  INFO 16916 --- [SysPasteleriaDulcesitoFx] [JavaFX-Launcher] o.s.d.j.r.query.QueryEnhancerFactory     : Hibernate is in classpath; If applicable, HQL parser will be used.
2024-11-05T23:20:48.839-05:00  INFO 16916 --- [SysPasteleriaDulcesitoFx] [JavaFX-Launcher] o.s.boot.SpringApplication               : Started application in 10.959 seconds (process running for 12.403)
2024-11-05T23:24:49.610-05:00  INFO 15840 --- [SysPasteleriaDulcesitoFx] [JavaFX-Launcher] o.s.boot.SpringApplication               : Starting application using Java 17.0.8 with PID 15840 (started by manue in C:\Users\manue\Downloads\EVALUACION-U2-main\EVALUACION-U2-main\SysPasteleriaDulcesitoFx)
2024-11-05T23:24:49.614-05:00  INFO 15840 --- [SysPasteleriaDulcesitoFx] [JavaFX-Launcher] o.s.boot.SpringApplication               : No active profile set, falling back to 1 default profile: "default"
2024-11-05T23:24:51.666-05:00  INFO 15840 --- [SysPasteleriaDulcesitoFx] [JavaFX-Launcher] .s.d.r.c.RepositoryConfigurationDelegate : Bootstrapping Spring Data JPA repositories in DEFAULT mode.
2024-11-05T23:24:51.842-05:00  INFO 15840 --- [SysPasteleriaDulcesitoFx] [JavaFX-Launcher] .s.d.r.c.RepositoryConfigurationDelegate : Finished Spring Data repository scanning in 165 ms. Found 15 JPA repository interfaces.
2024-11-05T23:24:52.836-05:00  INFO 15840 --- [SysPasteleriaDulcesitoFx] [JavaFX-Launcher] o.hibernate.jpa.internal.util.LogHelper  : HHH000204: Processing PersistenceUnitInfo [name: default]
2024-11-05T23:24:52.993-05:00  INFO 15840 --- [SysPasteleriaDulcesitoFx] [JavaFX-Launcher] org.hibernate.Version                    : HHH000412: Hibernate ORM core version 6.5.3.Final
2024-11-05T23:24:53.222-05:00  INFO 15840 --- [SysPasteleriaDulcesitoFx] [JavaFX-Launcher] o.h.c.internal.RegionFactoryInitiator    : HHH000026: Second-level cache disabled
2024-11-05T23:24:54.173-05:00  INFO 15840 --- [SysPasteleriaDulcesitoFx] [JavaFX-Launcher] o.s.o.j.p.SpringPersistenceUnitInfo      : No LoadTimeWeaver setup: ignoring JPA class transformer
2024-11-05T23:24:54.277-05:00  INFO 15840 --- [SysPasteleriaDulcesitoFx] [JavaFX-Launcher] com.zaxxer.hikari.HikariDataSource       : HikariPool-1 - Starting...
2024-11-05T23:24:54.822-05:00  INFO 15840 --- [SysPasteleriaDulcesitoFx] [JavaFX-Launcher] com.zaxxer.hikari.pool.HikariPool        : HikariPool-1 - Added connection org.sqlite.jdbc4.JDBC4Connection@4009a6d7
2024-11-05T23:24:54.826-05:00  INFO 15840 --- [SysPasteleriaDulcesitoFx] [JavaFX-Launcher] com.zaxxer.hikari.HikariDataSource       : HikariPool-1 - Start completed.
2024-11-05T23:24:57.070-05:00  INFO 15840 --- [SysPasteleriaDulcesitoFx] [JavaFX-Launcher] o.h.e.t.j.p.i.JtaPlatformInitiator       : HHH000489: No JTA platform available (set 'hibernate.transaction.jta.platform' to enable JTA platform integration)
2024-11-05T23:24:57.162-05:00  INFO 15840 --- [SysPasteleriaDulcesitoFx] [JavaFX-Launcher] j.LocalContainerEntityManagerFactoryBean : Initialized JPA EntityManagerFactory for persistence unit 'default'
2024-11-05T23:24:58.247-05:00  INFO 15840 --- [SysPasteleriaDulcesitoFx] [JavaFX-Launcher] o.s.d.j.r.query.QueryEnhancerFactory     : Hibernate is in classpath; If applicable, HQL parser will be used.
2024-11-05T23:25:00.483-05:00  INFO 15840 --- [SysPasteleriaDulcesitoFx] [JavaFX-Launcher] o.s.boot.SpringApplication               : Started application in 12.142 seconds (process running for 13.929)
2024-11-05T23:25:22.841-05:00  INFO 15840 --- [SysPasteleriaDulcesitoFx] [SpringApplicationShutdownHook] j.LocalContainerEntityManagerFactoryBean : Closing JPA EntityManagerFactory for persistence unit 'default'
2024-11-05T23:25:22.848-05:00  INFO 15840 --- [SysPasteleriaDulcesitoFx] [SpringApplicationShutdownHook] com.zaxxer.hikari.HikariDataSource       : HikariPool-1 - Shutdown initiated...
2024-11-05T23:25:22.928-05:00  INFO 15840 --- [SysPasteleriaDulcesitoFx] [SpringApplicationShutdownHook] com.zaxxer.hikari.HikariDataSource       : HikariPool-1 - Shutdown completed.
2024-11-22T08:58:11.490-05:00  INFO 18208 --- [SysPasteleriaDulcesitoFx] [JavaFX-Launcher] o.s.boot.SpringApplication               : Starting application using Java 18.0.1.1 with PID 18208 (started by PC-Laboratorio in D:\omar 2\PROYECTO-FINAL-U2-main\PROYECTO-FINAL-U2-main\SysPasteleriaDulcesitoFx\SysPasteleriaDulcesitoFx)
2024-11-22T08:58:11.495-05:00  INFO 18208 --- [SysPasteleriaDulcesitoFx] [JavaFX-Launcher] o.s.boot.SpringApplication               : No active profile set, falling back to 1 default profile: "default"
2024-11-22T08:58:12.313-05:00  INFO 18208 --- [SysPasteleriaDulcesitoFx] [JavaFX-Launcher] .s.d.r.c.RepositoryConfigurationDelegate : Bootstrapping Spring Data JPA repositories in DEFAULT mode.
2024-11-22T08:58:12.413-05:00  INFO 18208 --- [SysPasteleriaDulcesitoFx] [JavaFX-Launcher] .s.d.r.c.RepositoryConfigurationDelegate : Finished Spring Data repository scanning in 89 ms. Found 15 JPA repository interfaces.
2024-11-22T08:58:13.097-05:00  INFO 18208 --- [SysPasteleriaDulcesitoFx] [JavaFX-Launcher] o.hibernate.jpa.internal.util.LogHelper  : HHH000204: Processing PersistenceUnitInfo [name: default]
2024-11-22T08:58:13.172-05:00  INFO 18208 --- [SysPasteleriaDulcesitoFx] [JavaFX-Launcher] org.hibernate.Version                    : HHH000412: Hibernate ORM core version 6.5.3.Final
2024-11-22T08:58:13.236-05:00  INFO 18208 --- [SysPasteleriaDulcesitoFx] [JavaFX-Launcher] o.h.c.internal.RegionFactoryInitiator    : HHH000026: Second-level cache disabled
2024-11-22T08:58:13.637-05:00  INFO 18208 --- [SysPasteleriaDulcesitoFx] [JavaFX-Launcher] o.s.o.j.p.SpringPersistenceUnitInfo      : No LoadTimeWeaver setup: ignoring JPA class transformer
2024-11-22T08:58:13.665-05:00  INFO 18208 --- [SysPasteleriaDulcesitoFx] [JavaFX-Launcher] com.zaxxer.hikari.HikariDataSource       : HikariPool-1 - Starting...
2024-11-22T08:58:13.777-05:00  INFO 18208 --- [SysPasteleriaDulcesitoFx] [JavaFX-Launcher] com.zaxxer.hikari.pool.HikariPool        : HikariPool-1 - Added connection org.sqlite.jdbc4.JDBC4Connection@53b51a2b
2024-11-22T08:58:13.778-05:00  INFO 18208 --- [SysPasteleriaDulcesitoFx] [JavaFX-Launcher] com.zaxxer.hikari.HikariDataSource       : HikariPool-1 - Start completed.
2024-11-22T08:58:14.912-05:00  INFO 18208 --- [SysPasteleriaDulcesitoFx] [JavaFX-Launcher] o.h.e.t.j.p.i.JtaPlatformInitiator       : HHH000489: No JTA platform available (set 'hibernate.transaction.jta.platform' to enable JTA platform integration)
2024-11-22T08:58:14.950-05:00  INFO 18208 --- [SysPasteleriaDulcesitoFx] [JavaFX-Launcher] j.LocalContainerEntityManagerFactoryBean : Initialized JPA EntityManagerFactory for persistence unit 'default'
2024-11-22T08:58:15.421-05:00  INFO 18208 --- [SysPasteleriaDulcesitoFx] [JavaFX-Launcher] o.s.d.j.r.query.QueryEnhancerFactory     : Hibernate is in classpath; If applicable, HQL parser will be used.
2024-11-22T08:58:16.672-05:00  INFO 18208 --- [SysPasteleriaDulcesitoFx] [JavaFX-Launcher] o.s.boot.SpringApplication               : Started application in 5.878 seconds (process running for 6.674)
2024-11-22T09:00:03.817-05:00  INFO 18208 --- [SysPasteleriaDulcesitoFx] [SpringApplicationShutdownHook] j.LocalContainerEntityManagerFactoryBean : Closing JPA EntityManagerFactory for persistence unit 'default'
2024-11-22T09:00:03.820-05:00  INFO 18208 --- [SysPasteleriaDulcesitoFx] [SpringApplicationShutdownHook] com.zaxxer.hikari.HikariDataSource       : HikariPool-1 - Shutdown initiated...
2024-11-22T09:00:03.827-05:00  INFO 18208 --- [SysPasteleriaDulcesitoFx] [SpringApplicationShutdownHook] com.zaxxer.hikari.HikariDataSource       : HikariPool-1 - Shutdown completed.
2024-11-22T09:07:59.541-05:00  INFO 6068 --- [SysPasteleriaDulcesitoFx] [JavaFX-Launcher] o.s.boot.SpringApplication               : Starting application using Java 18.0.1.1 with PID 6068 (started by PC-Laboratorio in D:\omar 2\PROYECTO-FINAL-U2-main\PROYECTO-FINAL-U2-main\SysPasteleriaDulcesitoFx\SysPasteleriaDulcesitoFx)
2024-11-22T09:07:59.545-05:00  INFO 6068 --- [SysPasteleriaDulcesitoFx] [JavaFX-Launcher] o.s.boot.SpringApplication               : No active profile set, falling back to 1 default profile: "default"
2024-11-22T09:08:00.296-05:00  INFO 6068 --- [SysPasteleriaDulcesitoFx] [JavaFX-Launcher] .s.d.r.c.RepositoryConfigurationDelegate : Bootstrapping Spring Data JPA repositories in DEFAULT mode.
2024-11-22T09:08:00.397-05:00  INFO 6068 --- [SysPasteleriaDulcesitoFx] [JavaFX-Launcher] .s.d.r.c.RepositoryConfigurationDelegate : Finished Spring Data repository scanning in 93 ms. Found 15 JPA repository interfaces.
2024-11-22T09:08:01.026-05:00  INFO 6068 --- [SysPasteleriaDulcesitoFx] [JavaFX-Launcher] o.hibernate.jpa.internal.util.LogHelper  : HHH000204: Processing PersistenceUnitInfo [name: default]
2024-11-22T09:08:01.097-05:00  INFO 6068 --- [SysPasteleriaDulcesitoFx] [JavaFX-Launcher] org.hibernate.Version                    : HHH000412: Hibernate ORM core version 6.5.3.Final
2024-11-22T09:08:01.146-05:00  INFO 6068 --- [SysPasteleriaDulcesitoFx] [JavaFX-Launcher] o.h.c.internal.RegionFactoryInitiator    : HHH000026: Second-level cache disabled
2024-11-22T09:08:01.492-05:00  INFO 6068 --- [SysPasteleriaDulcesitoFx] [JavaFX-Launcher] o.s.o.j.p.SpringPersistenceUnitInfo      : No LoadTimeWeaver setup: ignoring JPA class transformer
2024-11-22T09:08:01.527-05:00  INFO 6068 --- [SysPasteleriaDulcesitoFx] [JavaFX-Launcher] com.zaxxer.hikari.HikariDataSource       : HikariPool-1 - Starting...
2024-11-22T09:08:01.625-05:00  INFO 6068 --- [SysPasteleriaDulcesitoFx] [JavaFX-Launcher] com.zaxxer.hikari.pool.HikariPool        : HikariPool-1 - Added connection org.sqlite.jdbc4.JDBC4Connection@46d770d7
2024-11-22T09:08:01.626-05:00  INFO 6068 --- [SysPasteleriaDulcesitoFx] [JavaFX-Launcher] com.zaxxer.hikari.HikariDataSource       : HikariPool-1 - Start completed.
2024-11-22T09:08:02.749-05:00  INFO 6068 --- [SysPasteleriaDulcesitoFx] [JavaFX-Launcher] o.h.e.t.j.p.i.JtaPlatformInitiator       : HHH000489: No JTA platform available (set 'hibernate.transaction.jta.platform' to enable JTA platform integration)
2024-11-22T09:08:02.786-05:00  INFO 6068 --- [SysPasteleriaDulcesitoFx] [JavaFX-Launcher] j.LocalContainerEntityManagerFactoryBean : Initialized JPA EntityManagerFactory for persistence unit 'default'
2024-11-22T09:08:03.145-05:00  INFO 6068 --- [SysPasteleriaDulcesitoFx] [JavaFX-Launcher] o.s.d.j.r.query.QueryEnhancerFactory     : Hibernate is in classpath; If applicable, HQL parser will be used.
2024-11-22T09:08:03.404-05:00  WARN 6068 --- [SysPasteleriaDulcesitoFx] [JavaFX-Launcher] s.c.a.AnnotationConfigApplicationContext : Exception encountered during context initialization - cancelling refresh attempt: org.springframework.beans.factory.UnsatisfiedDependencyException: Error creating bean with name 'ventaController': Unsatisfied dependency expressed through field 'daoC': Error creating bean with name 'ventCarritoService': Unsatisfied dependency expressed through field 'repo': Error creating bean with name 'ventCarritoRepository' defined in pe.edu.upeu.syspasteleriadulcesitofx.repositorio.VentCarritoRepository defined in @EnableJpaRepositories declared on JpaRepositoriesRegistrar.EnableJpaRepositoriesConfiguration: Could not create query for public abstract java.util.List pe.edu.upeu.syspasteleriadulcesitofx.repositorio.VentCarritoRepository.listaCarritoCliente(java.lang.String); Reason: Failed to create query for method public abstract java.util.List pe.edu.upeu.syspasteleriadulcesitofx.repositorio.VentCarritoRepository.listaCarritoCliente(java.lang.String); No property 'listaCarritoCliente' found for type 'VentCarrito'
2024-11-22T09:08:03.405-05:00  INFO 6068 --- [SysPasteleriaDulcesitoFx] [JavaFX-Launcher] j.LocalContainerEntityManagerFactoryBean : Closing JPA EntityManagerFactory for persistence unit 'default'
2024-11-22T09:08:03.409-05:00  INFO 6068 --- [SysPasteleriaDulcesitoFx] [JavaFX-Launcher] com.zaxxer.hikari.HikariDataSource       : HikariPool-1 - Shutdown initiated...
2024-11-22T09:08:03.412-05:00  INFO 6068 --- [SysPasteleriaDulcesitoFx] [JavaFX-Launcher] com.zaxxer.hikari.HikariDataSource       : HikariPool-1 - Shutdown completed.
2024-11-22T09:08:03.423-05:00  INFO 6068 --- [SysPasteleriaDulcesitoFx] [JavaFX-Launcher] .s.b.a.l.ConditionEvaluationReportLogger : 

Error starting ApplicationContext. To display the condition evaluation report re-run your application with 'debug' enabled.
2024-11-22T09:08:03.448-05:00 ERROR 6068 --- [SysPasteleriaDulcesitoFx] [JavaFX-Launcher] o.s.boot.SpringApplication               : Application run failed

org.springframework.beans.factory.UnsatisfiedDependencyException: Error creating bean with name 'ventaController': Unsatisfied dependency expressed through field 'daoC': Error creating bean with name 'ventCarritoService': Unsatisfied dependency expressed through field 'repo': Error creating bean with name 'ventCarritoRepository' defined in pe.edu.upeu.syspasteleriadulcesitofx.repositorio.VentCarritoRepository defined in @EnableJpaRepositories declared on JpaRepositoriesRegistrar.EnableJpaRepositoriesConfiguration: Could not create query for public abstract java.util.List pe.edu.upeu.syspasteleriadulcesitofx.repositorio.VentCarritoRepository.listaCarritoCliente(java.lang.String); Reason: Failed to create query for method public abstract java.util.List pe.edu.upeu.syspasteleriadulcesitofx.repositorio.VentCarritoRepository.listaCarritoCliente(java.lang.String); No property 'listaCarritoCliente' found for type 'VentCarrito'
	at org.springframework.beans.factory.annotation.AutowiredAnnotationBeanPostProcessor$AutowiredFieldElement.resolveFieldValue(AutowiredAnnotationBeanPostProcessor.java:788) ~[spring-beans-6.1.13.jar:6.1.13]
	at org.springframework.beans.factory.annotation.AutowiredAnnotationBeanPostProcessor$AutowiredFieldElement.inject(AutowiredAnnotationBeanPostProcessor.java:768) ~[spring-beans-6.1.13.jar:6.1.13]
	at org.springframework.beans.factory.annotation.InjectionMetadata.inject(InjectionMetadata.java:145) ~[spring-beans-6.1.13.jar:6.1.13]
	at org.springframework.beans.factory.annotation.AutowiredAnnotationBeanPostProcessor.postProcessProperties(AutowiredAnnotationBeanPostProcessor.java:509) ~[spring-beans-6.1.13.jar:6.1.13]
	at org.springframework.beans.factory.support.AbstractAutowireCapableBeanFactory.populateBean(AbstractAutowireCapableBeanFactory.java:1439) ~[spring-beans-6.1.13.jar:6.1.13]
	at org.springframework.beans.factory.support.AbstractAutowireCapableBeanFactory.doCreateBean(AbstractAutowireCapableBeanFactory.java:599) ~[spring-beans-6.1.13.jar:6.1.13]
	at org.springframework.beans.factory.support.AbstractAutowireCapableBeanFactory.createBean(AbstractAutowireCapableBeanFactory.java:522) ~[spring-beans-6.1.13.jar:6.1.13]
	at org.springframework.beans.factory.support.AbstractBeanFactory.lambda$doGetBean$0(AbstractBeanFactory.java:337) ~[spring-beans-6.1.13.jar:6.1.13]
	at org.springframework.beans.factory.support.DefaultSingletonBeanRegistry.getSingleton(DefaultSingletonBeanRegistry.java:234) ~[spring-beans-6.1.13.jar:6.1.13]
	at org.springframework.beans.factory.support.AbstractBeanFactory.doGetBean(AbstractBeanFactory.java:335) ~[spring-beans-6.1.13.jar:6.1.13]
	at org.springframework.beans.factory.support.AbstractBeanFactory.getBean(AbstractBeanFactory.java:200) ~[spring-beans-6.1.13.jar:6.1.13]
	at org.springframework.beans.factory.support.DefaultListableBeanFactory.preInstantiateSingletons(DefaultListableBeanFactory.java:975) ~[spring-beans-6.1.13.jar:6.1.13]
	at org.springframework.context.support.AbstractApplicationContext.finishBeanFactoryInitialization(AbstractApplicationContext.java:971) ~[spring-context-6.1.13.jar:6.1.13]
	at org.springframework.context.support.AbstractApplicationContext.refresh(AbstractApplicationContext.java:625) ~[spring-context-6.1.13.jar:6.1.13]
	at org.springframework.boot.SpringApplication.refresh(SpringApplication.java:754) ~[spring-boot-3.3.4.jar:3.3.4]
	at org.springframework.boot.SpringApplication.refreshContext(SpringApplication.java:456) ~[spring-boot-3.3.4.jar:3.3.4]
	at org.springframework.boot.SpringApplication.run(SpringApplication.java:335) ~[spring-boot-3.3.4.jar:3.3.4]
	at org.springframework.boot.builder.SpringApplicationBuilder.run(SpringApplicationBuilder.java:149) ~[spring-boot-3.3.4.jar:3.3.4]
	at pe.edu.upeu.syspasteleriadulcesitofx.SysPasteleriaDulcesitoFxApplication.init(SysPasteleriaDulcesitoFxApplication.java:29) ~[classes/:na]
	at com.sun.javafx.application.LauncherImpl.launchApplication1(LauncherImpl.java:824) ~[javafx-graphics-16-win.jar:na]
	at com.sun.javafx.application.LauncherImpl.lambda$launchApplication$2(LauncherImpl.java:195) ~[javafx-graphics-16-win.jar:na]
	at java.base/java.lang.Thread.run(Thread.java:833) ~[na:na]
Caused by: org.springframework.beans.factory.UnsatisfiedDependencyException: Error creating bean with name 'ventCarritoService': Unsatisfied dependency expressed through field 'repo': Error creating bean with name 'ventCarritoRepository' defined in pe.edu.upeu.syspasteleriadulcesitofx.repositorio.VentCarritoRepository defined in @EnableJpaRepositories declared on JpaRepositoriesRegistrar.EnableJpaRepositoriesConfiguration: Could not create query for public abstract java.util.List pe.edu.upeu.syspasteleriadulcesitofx.repositorio.VentCarritoRepository.listaCarritoCliente(java.lang.String); Reason: Failed to create query for method public abstract java.util.List pe.edu.upeu.syspasteleriadulcesitofx.repositorio.VentCarritoRepository.listaCarritoCliente(java.lang.String); No property 'listaCarritoCliente' found for type 'VentCarrito'
	at org.springframework.beans.factory.annotation.AutowiredAnnotationBeanPostProcessor$AutowiredFieldElement.resolveFieldValue(AutowiredAnnotationBeanPostProcessor.java:788) ~[spring-beans-6.1.13.jar:6.1.13]
	at org.springframework.beans.factory.annotation.AutowiredAnnotationBeanPostProcessor$AutowiredFieldElement.inject(AutowiredAnnotationBeanPostProcessor.java:768) ~[spring-beans-6.1.13.jar:6.1.13]
	at org.springframework.beans.factory.annotation.InjectionMetadata.inject(InjectionMetadata.java:145) ~[spring-beans-6.1.13.jar:6.1.13]
	at org.springframework.beans.factory.annotation.AutowiredAnnotationBeanPostProcessor.postProcessProperties(AutowiredAnnotationBeanPostProcessor.java:509) ~[spring-beans-6.1.13.jar:6.1.13]
	at org.springframework.beans.factory.support.AbstractAutowireCapableBeanFactory.populateBean(AbstractAutowireCapableBeanFactory.java:1439) ~[spring-beans-6.1.13.jar:6.1.13]
	at org.springframework.beans.factory.support.AbstractAutowireCapableBeanFactory.doCreateBean(AbstractAutowireCapableBeanFactory.java:599) ~[spring-beans-6.1.13.jar:6.1.13]
	at org.springframework.beans.factory.support.AbstractAutowireCapableBeanFactory.createBean(AbstractAutowireCapableBeanFactory.java:522) ~[spring-beans-6.1.13.jar:6.1.13]
	at org.springframework.beans.factory.support.AbstractBeanFactory.lambda$doGetBean$0(AbstractBeanFactory.java:337) ~[spring-beans-6.1.13.jar:6.1.13]
	at org.springframework.beans.factory.support.DefaultSingletonBeanRegistry.getSingleton(DefaultSingletonBeanRegistry.java:234) ~[spring-beans-6.1.13.jar:6.1.13]
	at org.springframework.beans.factory.support.AbstractBeanFactory.doGetBean(AbstractBeanFactory.java:335) ~[spring-beans-6.1.13.jar:6.1.13]
	at org.springframework.beans.factory.support.AbstractBeanFactory.getBean(AbstractBeanFactory.java:200) ~[spring-beans-6.1.13.jar:6.1.13]
	at org.springframework.beans.factory.config.DependencyDescriptor.resolveCandidate(DependencyDescriptor.java:254) ~[spring-beans-6.1.13.jar:6.1.13]
	at org.springframework.beans.factory.support.DefaultListableBeanFactory.doResolveDependency(DefaultListableBeanFactory.java:1443) ~[spring-beans-6.1.13.jar:6.1.13]
	at org.springframework.beans.factory.support.DefaultListableBeanFactory.resolveDependency(DefaultListableBeanFactory.java:1353) ~[spring-beans-6.1.13.jar:6.1.13]
	at org.springframework.beans.factory.annotation.AutowiredAnnotationBeanPostProcessor$AutowiredFieldElement.resolveFieldValue(AutowiredAnnotationBeanPostProcessor.java:785) ~[spring-beans-6.1.13.jar:6.1.13]
	... 21 common frames omitted
Caused by: org.springframework.beans.factory.BeanCreationException: Error creating bean with name 'ventCarritoRepository' defined in pe.edu.upeu.syspasteleriadulcesitofx.repositorio.VentCarritoRepository defined in @EnableJpaRepositories declared on JpaRepositoriesRegistrar.EnableJpaRepositoriesConfiguration: Could not create query for public abstract java.util.List pe.edu.upeu.syspasteleriadulcesitofx.repositorio.VentCarritoRepository.listaCarritoCliente(java.lang.String); Reason: Failed to create query for method public abstract java.util.List pe.edu.upeu.syspasteleriadulcesitofx.repositorio.VentCarritoRepository.listaCarritoCliente(java.lang.String); No property 'listaCarritoCliente' found for type 'VentCarrito'
	at org.springframework.beans.factory.support.AbstractAutowireCapableBeanFactory.initializeBean(AbstractAutowireCapableBeanFactory.java:1806) ~[spring-beans-6.1.13.jar:6.1.13]
	at org.springframework.beans.factory.support.AbstractAutowireCapableBeanFactory.doCreateBean(AbstractAutowireCapableBeanFactory.java:600) ~[spring-beans-6.1.13.jar:6.1.13]
	at org.springframework.beans.factory.support.AbstractAutowireCapableBeanFactory.createBean(AbstractAutowireCapableBeanFactory.java:522) ~[spring-beans-6.1.13.jar:6.1.13]
	at org.springframework.beans.factory.support.AbstractBeanFactory.lambda$doGetBean$0(AbstractBeanFactory.java:337) ~[spring-beans-6.1.13.jar:6.1.13]
	at org.springframework.beans.factory.support.DefaultSingletonBeanRegistry.getSingleton(DefaultSingletonBeanRegistry.java:234) ~[spring-beans-6.1.13.jar:6.1.13]
	at org.springframework.beans.factory.support.AbstractBeanFactory.doGetBean(AbstractBeanFactory.java:335) ~[spring-beans-6.1.13.jar:6.1.13]
	at org.springframework.beans.factory.support.AbstractBeanFactory.getBean(AbstractBeanFactory.java:200) ~[spring-beans-6.1.13.jar:6.1.13]
	at org.springframework.beans.factory.config.DependencyDescriptor.resolveCandidate(DependencyDescriptor.java:254) ~[spring-beans-6.1.13.jar:6.1.13]
	at org.springframework.beans.factory.support.DefaultListableBeanFactory.doResolveDependency(DefaultListableBeanFactory.java:1443) ~[spring-beans-6.1.13.jar:6.1.13]
	at org.springframework.beans.factory.support.DefaultListableBeanFactory.resolveDependency(DefaultListableBeanFactory.java:1353) ~[spring-beans-6.1.13.jar:6.1.13]
	at org.springframework.beans.factory.annotation.AutowiredAnnotationBeanPostProcessor$AutowiredFieldElement.resolveFieldValue(AutowiredAnnotationBeanPostProcessor.java:785) ~[spring-beans-6.1.13.jar:6.1.13]
	... 35 common frames omitted
Caused by: org.springframework.data.repository.query.QueryCreationException: Could not create query for public abstract java.util.List pe.edu.upeu.syspasteleriadulcesitofx.repositorio.VentCarritoRepository.listaCarritoCliente(java.lang.String); Reason: Failed to create query for method public abstract java.util.List pe.edu.upeu.syspasteleriadulcesitofx.repositorio.VentCarritoRepository.listaCarritoCliente(java.lang.String); No property 'listaCarritoCliente' found for type 'VentCarrito'
	at org.springframework.data.repository.query.QueryCreationException.create(QueryCreationException.java:101) ~[spring-data-commons-3.3.4.jar:3.3.4]
	at org.springframework.data.repository.core.support.QueryExecutorMethodInterceptor.lookupQuery(QueryExecutorMethodInterceptor.java:119) ~[spring-data-commons-3.3.4.jar:3.3.4]
	at org.springframework.data.repository.core.support.QueryExecutorMethodInterceptor.mapMethodsToQuery(QueryExecutorMethodInterceptor.java:103) ~[spring-data-commons-3.3.4.jar:3.3.4]
	at org.springframework.data.repository.core.support.QueryExecutorMethodInterceptor.lambda$new$0(QueryExecutorMethodInterceptor.java:92) ~[spring-data-commons-3.3.4.jar:3.3.4]
	at java.base/java.util.Optional.map(Optional.java:260) ~[na:na]
	at org.springframework.data.repository.core.support.QueryExecutorMethodInterceptor.<init>(QueryExecutorMethodInterceptor.java:92) ~[spring-data-commons-3.3.4.jar:3.3.4]
	at org.springframework.data.repository.core.support.RepositoryFactorySupport.getRepository(RepositoryFactorySupport.java:357) ~[spring-data-commons-3.3.4.jar:3.3.4]
	at org.springframework.data.repository.core.support.RepositoryFactoryBeanSupport.lambda$afterPropertiesSet$5(RepositoryFactoryBeanSupport.java:286) ~[spring-data-commons-3.3.4.jar:3.3.4]
	at org.springframework.data.util.Lazy.getNullable(Lazy.java:135) ~[spring-data-commons-3.3.4.jar:3.3.4]
	at org.springframework.data.util.Lazy.get(Lazy.java:113) ~[spring-data-commons-3.3.4.jar:3.3.4]
	at org.springframework.data.repository.core.support.RepositoryFactoryBeanSupport.afterPropertiesSet(RepositoryFactoryBeanSupport.java:292) ~[spring-data-commons-3.3.4.jar:3.3.4]
	at org.springframework.data.jpa.repository.support.JpaRepositoryFactoryBean.afterPropertiesSet(JpaRepositoryFactoryBean.java:132) ~[spring-data-jpa-3.3.4.jar:3.3.4]
	at org.springframework.beans.factory.support.AbstractAutowireCapableBeanFactory.invokeInitMethods(AbstractAutowireCapableBeanFactory.java:1853) ~[spring-beans-6.1.13.jar:6.1.13]
	at org.springframework.beans.factory.support.AbstractAutowireCapableBeanFactory.initializeBean(AbstractAutowireCapableBeanFactory.java:1802) ~[spring-beans-6.1.13.jar:6.1.13]
	... 45 common frames omitted
Caused by: java.lang.IllegalArgumentException: Failed to create query for method public abstract java.util.List pe.edu.upeu.syspasteleriadulcesitofx.repositorio.VentCarritoRepository.listaCarritoCliente(java.lang.String); No property 'listaCarritoCliente' found for type 'VentCarrito'
	at org.springframework.data.jpa.repository.query.PartTreeJpaQuery.<init>(PartTreeJpaQuery.java:107) ~[spring-data-jpa-3.3.4.jar:3.3.4]
	at org.springframework.data.jpa.repository.query.JpaQueryLookupStrategy$CreateQueryLookupStrategy.resolveQuery(JpaQueryLookupStrategy.java:124) ~[spring-data-jpa-3.3.4.jar:3.3.4]
	at org.springframework.data.jpa.repository.query.JpaQueryLookupStrategy$CreateIfNotFoundQueryLookupStrategy.resolveQuery(JpaQueryLookupStrategy.java:258) ~[spring-data-jpa-3.3.4.jar:3.3.4]
	at org.springframework.data.jpa.repository.query.JpaQueryLookupStrategy$AbstractQueryLookupStrategy.resolveQuery(JpaQueryLookupStrategy.java:95) ~[spring-data-jpa-3.3.4.jar:3.3.4]
	at org.springframework.data.repository.core.support.QueryExecutorMethodInterceptor.lookupQuery(QueryExecutorMethodInterceptor.java:115) ~[spring-data-commons-3.3.4.jar:3.3.4]
	... 57 common frames omitted
Caused by: org.springframework.data.mapping.PropertyReferenceException: No property 'listaCarritoCliente' found for type 'VentCarrito'
	at org.springframework.data.mapping.PropertyPath.<init>(PropertyPath.java:94) ~[spring-data-commons-3.3.4.jar:3.3.4]
	at org.springframework.data.mapping.PropertyPath.create(PropertyPath.java:455) ~[spring-data-commons-3.3.4.jar:3.3.4]
	at org.springframework.data.mapping.PropertyPath.create(PropertyPath.java:431) ~[spring-data-commons-3.3.4.jar:3.3.4]
	at org.springframework.data.mapping.PropertyPath.lambda$from$0(PropertyPath.java:384) ~[spring-data-commons-3.3.4.jar:3.3.4]
	at java.base/java.util.concurrent.ConcurrentMap.computeIfAbsent(ConcurrentMap.java:330) ~[na:na]
	at org.springframework.data.mapping.PropertyPath.from(PropertyPath.java:366) ~[spring-data-commons-3.3.4.jar:3.3.4]
	at org.springframework.data.mapping.PropertyPath.from(PropertyPath.java:344) ~[spring-data-commons-3.3.4.jar:3.3.4]
	at org.springframework.data.repository.query.parser.Part.<init>(Part.java:81) ~[spring-data-commons-3.3.4.jar:3.3.4]
	at org.springframework.data.repository.query.parser.PartTree$OrPart.lambda$new$0(PartTree.java:259) ~[spring-data-commons-3.3.4.jar:3.3.4]
	at java.base/java.util.stream.ReferencePipeline$3$1.accept(ReferencePipeline.java:197) ~[na:na]
	at java.base/java.util.stream.ReferencePipeline$2$1.accept(ReferencePipeline.java:179) ~[na:na]
	at java.base/java.util.Spliterators$ArraySpliterator.forEachRemaining(Spliterators.java:992) ~[na:na]
	at java.base/java.util.stream.AbstractPipeline.copyInto(AbstractPipeline.java:509) ~[na:na]
	at java.base/java.util.stream.AbstractPipeline.wrapAndCopyInto(AbstractPipeline.java:499) ~[na:na]
	at java.base/java.util.stream.ReduceOps$ReduceOp.evaluateSequential(ReduceOps.java:921) ~[na:na]
	at java.base/java.util.stream.AbstractPipeline.evaluate(AbstractPipeline.java:234) ~[na:na]
	at java.base/java.util.stream.ReferencePipeline.collect(ReferencePipeline.java:682) ~[na:na]
	at org.springframework.data.repository.query.parser.PartTree$OrPart.<init>(PartTree.java:260) ~[spring-data-commons-3.3.4.jar:3.3.4]
	at org.springframework.data.repository.query.parser.PartTree$Predicate.lambda$new$0(PartTree.java:389) ~[spring-data-commons-3.3.4.jar:3.3.4]
	at java.base/java.util.stream.ReferencePipeline$3$1.accept(ReferencePipeline.java:197) ~[na:na]
	at java.base/java.util.stream.ReferencePipeline$2$1.accept(ReferencePipeline.java:179) ~[na:na]
	at java.base/java.util.Spliterators$ArraySpliterator.forEachRemaining(Spliterators.java:992) ~[na:na]
	at java.base/java.util.stream.AbstractPipeline.copyInto(AbstractPipeline.java:509) ~[na:na]
	at java.base/java.util.stream.AbstractPipeline.wrapAndCopyInto(AbstractPipeline.java:499) ~[na:na]
	at java.base/java.util.stream.ReduceOps$ReduceOp.evaluateSequential(ReduceOps.java:921) ~[na:na]
	at java.base/java.util.stream.AbstractPipeline.evaluate(AbstractPipeline.java:234) ~[na:na]
	at java.base/java.util.stream.ReferencePipeline.collect(ReferencePipeline.java:682) ~[na:na]
	at org.springframework.data.repository.query.parser.PartTree$Predicate.<init>(PartTree.java:390) ~[spring-data-commons-3.3.4.jar:3.3.4]
	at org.springframework.data.repository.query.parser.PartTree.<init>(PartTree.java:100) ~[spring-data-commons-3.3.4.jar:3.3.4]
	at org.springframework.data.jpa.repository.query.PartTreeJpaQuery.<init>(PartTreeJpaQuery.java:101) ~[spring-data-jpa-3.3.4.jar:3.3.4]
	... 61 common frames omitted

2024-11-22T09:18:56.320-05:00  INFO 9528 --- [SysPasteleriaDulcesitoFx] [JavaFX-Launcher] o.s.boot.SpringApplication               : Starting application using Java 18.0.1.1 with PID 9528 (started by PC-Laboratorio in D:\omar 2\PROYECTO-FINAL-U2-main\PROYECTO-FINAL-U2-main\SysPasteleriaDulcesitoFx\SysPasteleriaDulcesitoFx)
2024-11-22T09:18:56.323-05:00  INFO 9528 --- [SysPasteleriaDulcesitoFx] [JavaFX-Launcher] o.s.boot.SpringApplication               : No active profile set, falling back to 1 default profile: "default"
2024-11-22T09:18:57.107-05:00  INFO 9528 --- [SysPasteleriaDulcesitoFx] [JavaFX-Launcher] .s.d.r.c.RepositoryConfigurationDelegate : Bootstrapping Spring Data JPA repositories in DEFAULT mode.
2024-11-22T09:18:57.214-05:00  INFO 9528 --- [SysPasteleriaDulcesitoFx] [JavaFX-Launcher] .s.d.r.c.RepositoryConfigurationDelegate : Finished Spring Data repository scanning in 98 ms. Found 15 JPA repository interfaces.
2024-11-22T09:18:57.872-05:00  INFO 9528 --- [SysPasteleriaDulcesitoFx] [JavaFX-Launcher] o.hibernate.jpa.internal.util.LogHelper  : HHH000204: Processing PersistenceUnitInfo [name: default]
2024-11-22T09:18:57.934-05:00  INFO 9528 --- [SysPasteleriaDulcesitoFx] [JavaFX-Launcher] org.hibernate.Version                    : HHH000412: Hibernate ORM core version 6.5.3.Final
2024-11-22T09:18:57.985-05:00  INFO 9528 --- [SysPasteleriaDulcesitoFx] [JavaFX-Launcher] o.h.c.internal.RegionFactoryInitiator    : HHH000026: Second-level cache disabled
2024-11-22T09:18:58.350-05:00  INFO 9528 --- [SysPasteleriaDulcesitoFx] [JavaFX-Launcher] o.s.o.j.p.SpringPersistenceUnitInfo      : No LoadTimeWeaver setup: ignoring JPA class transformer
2024-11-22T09:18:58.385-05:00  INFO 9528 --- [SysPasteleriaDulcesitoFx] [JavaFX-Launcher] com.zaxxer.hikari.HikariDataSource       : HikariPool-1 - Starting...
2024-11-22T09:18:58.519-05:00  INFO 9528 --- [SysPasteleriaDulcesitoFx] [JavaFX-Launcher] com.zaxxer.hikari.pool.HikariPool        : HikariPool-1 - Added connection org.sqlite.jdbc4.JDBC4Connection@5495418b
2024-11-22T09:18:58.521-05:00  INFO 9528 --- [SysPasteleriaDulcesitoFx] [JavaFX-Launcher] com.zaxxer.hikari.HikariDataSource       : HikariPool-1 - Start completed.
2024-11-22T09:18:59.709-05:00  INFO 9528 --- [SysPasteleriaDulcesitoFx] [JavaFX-Launcher] o.h.e.t.j.p.i.JtaPlatformInitiator       : HHH000489: No JTA platform available (set 'hibernate.transaction.jta.platform' to enable JTA platform integration)
2024-11-22T09:18:59.750-05:00  INFO 9528 --- [SysPasteleriaDulcesitoFx] [JavaFX-Launcher] j.LocalContainerEntityManagerFactoryBean : Initialized JPA EntityManagerFactory for persistence unit 'default'
2024-11-22T09:19:00.225-05:00  INFO 9528 --- [SysPasteleriaDulcesitoFx] [JavaFX-Launcher] o.s.d.j.r.query.QueryEnhancerFactory     : Hibernate is in classpath; If applicable, HQL parser will be used.
2024-11-22T09:19:00.503-05:00  WARN 9528 --- [SysPasteleriaDulcesitoFx] [JavaFX-Launcher] s.c.a.AnnotationConfigApplicationContext : Exception encountered during context initialization - cancelling refresh attempt: org.springframework.beans.factory.UnsatisfiedDependencyException: Error creating bean with name 'ventaController': Unsatisfied dependency expressed through field 'daoC': Error creating bean with name 'ventCarritoService': Unsatisfied dependency expressed through field 'repo': Error creating bean with name 'ventCarritoRepository' defined in pe.edu.upeu.syspasteleriadulcesitofx.repositorio.VentCarritoRepository defined in @EnableJpaRepositories declared on JpaRepositoriesRegistrar.EnableJpaRepositoriesConfiguration: Could not create query for public abstract java.util.List pe.edu.upeu.syspasteleriadulcesitofx.repositorio.VentCarritoRepository.listaCarritoCliente(java.lang.String); Reason: Failed to create query for method public abstract java.util.List pe.edu.upeu.syspasteleriadulcesitofx.repositorio.VentCarritoRepository.listaCarritoCliente(java.lang.String); No property 'listaCarritoCliente' found for type 'VentCarrito'
2024-11-22T09:19:00.504-05:00  INFO 9528 --- [SysPasteleriaDulcesitoFx] [JavaFX-Launcher] j.LocalContainerEntityManagerFactoryBean : Closing JPA EntityManagerFactory for persistence unit 'default'
2024-11-22T09:19:00.507-05:00  INFO 9528 --- [SysPasteleriaDulcesitoFx] [JavaFX-Launcher] com.zaxxer.hikari.HikariDataSource       : HikariPool-1 - Shutdown initiated...
2024-11-22T09:19:00.512-05:00  INFO 9528 --- [SysPasteleriaDulcesitoFx] [JavaFX-Launcher] com.zaxxer.hikari.HikariDataSource       : HikariPool-1 - Shutdown completed.
2024-11-22T09:19:00.521-05:00  INFO 9528 --- [SysPasteleriaDulcesitoFx] [JavaFX-Launcher] .s.b.a.l.ConditionEvaluationReportLogger : 

Error starting ApplicationContext. To display the condition evaluation report re-run your application with 'debug' enabled.
2024-11-22T09:19:00.562-05:00 ERROR 9528 --- [SysPasteleriaDulcesitoFx] [JavaFX-Launcher] o.s.boot.SpringApplication               : Application run failed

org.springframework.beans.factory.UnsatisfiedDependencyException: Error creating bean with name 'ventaController': Unsatisfied dependency expressed through field 'daoC': Error creating bean with name 'ventCarritoService': Unsatisfied dependency expressed through field 'repo': Error creating bean with name 'ventCarritoRepository' defined in pe.edu.upeu.syspasteleriadulcesitofx.repositorio.VentCarritoRepository defined in @EnableJpaRepositories declared on JpaRepositoriesRegistrar.EnableJpaRepositoriesConfiguration: Could not create query for public abstract java.util.List pe.edu.upeu.syspasteleriadulcesitofx.repositorio.VentCarritoRepository.listaCarritoCliente(java.lang.String); Reason: Failed to create query for method public abstract java.util.List pe.edu.upeu.syspasteleriadulcesitofx.repositorio.VentCarritoRepository.listaCarritoCliente(java.lang.String); No property 'listaCarritoCliente' found for type 'VentCarrito'
	at org.springframework.beans.factory.annotation.AutowiredAnnotationBeanPostProcessor$AutowiredFieldElement.resolveFieldValue(AutowiredAnnotationBeanPostProcessor.java:788) ~[spring-beans-6.1.13.jar:6.1.13]
	at org.springframework.beans.factory.annotation.AutowiredAnnotationBeanPostProcessor$AutowiredFieldElement.inject(AutowiredAnnotationBeanPostProcessor.java:768) ~[spring-beans-6.1.13.jar:6.1.13]
	at org.springframework.beans.factory.annotation.InjectionMetadata.inject(InjectionMetadata.java:145) ~[spring-beans-6.1.13.jar:6.1.13]
	at org.springframework.beans.factory.annotation.AutowiredAnnotationBeanPostProcessor.postProcessProperties(AutowiredAnnotationBeanPostProcessor.java:509) ~[spring-beans-6.1.13.jar:6.1.13]
	at org.springframework.beans.factory.support.AbstractAutowireCapableBeanFactory.populateBean(AbstractAutowireCapableBeanFactory.java:1439) ~[spring-beans-6.1.13.jar:6.1.13]
	at org.springframework.beans.factory.support.AbstractAutowireCapableBeanFactory.doCreateBean(AbstractAutowireCapableBeanFactory.java:599) ~[spring-beans-6.1.13.jar:6.1.13]
	at org.springframework.beans.factory.support.AbstractAutowireCapableBeanFactory.createBean(AbstractAutowireCapableBeanFactory.java:522) ~[spring-beans-6.1.13.jar:6.1.13]
	at org.springframework.beans.factory.support.AbstractBeanFactory.lambda$doGetBean$0(AbstractBeanFactory.java:337) ~[spring-beans-6.1.13.jar:6.1.13]
	at org.springframework.beans.factory.support.DefaultSingletonBeanRegistry.getSingleton(DefaultSingletonBeanRegistry.java:234) ~[spring-beans-6.1.13.jar:6.1.13]
	at org.springframework.beans.factory.support.AbstractBeanFactory.doGetBean(AbstractBeanFactory.java:335) ~[spring-beans-6.1.13.jar:6.1.13]
	at org.springframework.beans.factory.support.AbstractBeanFactory.getBean(AbstractBeanFactory.java:200) ~[spring-beans-6.1.13.jar:6.1.13]
	at org.springframework.beans.factory.support.DefaultListableBeanFactory.preInstantiateSingletons(DefaultListableBeanFactory.java:975) ~[spring-beans-6.1.13.jar:6.1.13]
	at org.springframework.context.support.AbstractApplicationContext.finishBeanFactoryInitialization(AbstractApplicationContext.java:971) ~[spring-context-6.1.13.jar:6.1.13]
	at org.springframework.context.support.AbstractApplicationContext.refresh(AbstractApplicationContext.java:625) ~[spring-context-6.1.13.jar:6.1.13]
	at org.springframework.boot.SpringApplication.refresh(SpringApplication.java:754) ~[spring-boot-3.3.4.jar:3.3.4]
	at org.springframework.boot.SpringApplication.refreshContext(SpringApplication.java:456) ~[spring-boot-3.3.4.jar:3.3.4]
	at org.springframework.boot.SpringApplication.run(SpringApplication.java:335) ~[spring-boot-3.3.4.jar:3.3.4]
	at org.springframework.boot.builder.SpringApplicationBuilder.run(SpringApplicationBuilder.java:149) ~[spring-boot-3.3.4.jar:3.3.4]
	at pe.edu.upeu.syspasteleriadulcesitofx.SysPasteleriaDulcesitoFxApplication.init(SysPasteleriaDulcesitoFxApplication.java:29) ~[classes/:na]
	at com.sun.javafx.application.LauncherImpl.launchApplication1(LauncherImpl.java:824) ~[javafx-graphics-16-win.jar:na]
	at com.sun.javafx.application.LauncherImpl.lambda$launchApplication$2(LauncherImpl.java:195) ~[javafx-graphics-16-win.jar:na]
	at java.base/java.lang.Thread.run(Thread.java:833) ~[na:na]
Caused by: org.springframework.beans.factory.UnsatisfiedDependencyException: Error creating bean with name 'ventCarritoService': Unsatisfied dependency expressed through field 'repo': Error creating bean with name 'ventCarritoRepository' defined in pe.edu.upeu.syspasteleriadulcesitofx.repositorio.VentCarritoRepository defined in @EnableJpaRepositories declared on JpaRepositoriesRegistrar.EnableJpaRepositoriesConfiguration: Could not create query for public abstract java.util.List pe.edu.upeu.syspasteleriadulcesitofx.repositorio.VentCarritoRepository.listaCarritoCliente(java.lang.String); Reason: Failed to create query for method public abstract java.util.List pe.edu.upeu.syspasteleriadulcesitofx.repositorio.VentCarritoRepository.listaCarritoCliente(java.lang.String); No property 'listaCarritoCliente' found for type 'VentCarrito'
	at org.springframework.beans.factory.annotation.AutowiredAnnotationBeanPostProcessor$AutowiredFieldElement.resolveFieldValue(AutowiredAnnotationBeanPostProcessor.java:788) ~[spring-beans-6.1.13.jar:6.1.13]
	at org.springframework.beans.factory.annotation.AutowiredAnnotationBeanPostProcessor$AutowiredFieldElement.inject(AutowiredAnnotationBeanPostProcessor.java:768) ~[spring-beans-6.1.13.jar:6.1.13]
	at org.springframework.beans.factory.annotation.InjectionMetadata.inject(InjectionMetadata.java:145) ~[spring-beans-6.1.13.jar:6.1.13]
	at org.springframework.beans.factory.annotation.AutowiredAnnotationBeanPostProcessor.postProcessProperties(AutowiredAnnotationBeanPostProcessor.java:509) ~[spring-beans-6.1.13.jar:6.1.13]
	at org.springframework.beans.factory.support.AbstractAutowireCapableBeanFactory.populateBean(AbstractAutowireCapableBeanFactory.java:1439) ~[spring-beans-6.1.13.jar:6.1.13]
	at org.springframework.beans.factory.support.AbstractAutowireCapableBeanFactory.doCreateBean(AbstractAutowireCapableBeanFactory.java:599) ~[spring-beans-6.1.13.jar:6.1.13]
	at org.springframework.beans.factory.support.AbstractAutowireCapableBeanFactory.createBean(AbstractAutowireCapableBeanFactory.java:522) ~[spring-beans-6.1.13.jar:6.1.13]
	at org.springframework.beans.factory.support.AbstractBeanFactory.lambda$doGetBean$0(AbstractBeanFactory.java:337) ~[spring-beans-6.1.13.jar:6.1.13]
	at org.springframework.beans.factory.support.DefaultSingletonBeanRegistry.getSingleton(DefaultSingletonBeanRegistry.java:234) ~[spring-beans-6.1.13.jar:6.1.13]
	at org.springframework.beans.factory.support.AbstractBeanFactory.doGetBean(AbstractBeanFactory.java:335) ~[spring-beans-6.1.13.jar:6.1.13]
	at org.springframework.beans.factory.support.AbstractBeanFactory.getBean(AbstractBeanFactory.java:200) ~[spring-beans-6.1.13.jar:6.1.13]
	at org.springframework.beans.factory.config.DependencyDescriptor.resolveCandidate(DependencyDescriptor.java:254) ~[spring-beans-6.1.13.jar:6.1.13]
	at org.springframework.beans.factory.support.DefaultListableBeanFactory.doResolveDependency(DefaultListableBeanFactory.java:1443) ~[spring-beans-6.1.13.jar:6.1.13]
	at org.springframework.beans.factory.support.DefaultListableBeanFactory.resolveDependency(DefaultListableBeanFactory.java:1353) ~[spring-beans-6.1.13.jar:6.1.13]
	at org.springframework.beans.factory.annotation.AutowiredAnnotationBeanPostProcessor$AutowiredFieldElement.resolveFieldValue(AutowiredAnnotationBeanPostProcessor.java:785) ~[spring-beans-6.1.13.jar:6.1.13]
	... 21 common frames omitted
Caused by: org.springframework.beans.factory.BeanCreationException: Error creating bean with name 'ventCarritoRepository' defined in pe.edu.upeu.syspasteleriadulcesitofx.repositorio.VentCarritoRepository defined in @EnableJpaRepositories declared on JpaRepositoriesRegistrar.EnableJpaRepositoriesConfiguration: Could not create query for public abstract java.util.List pe.edu.upeu.syspasteleriadulcesitofx.repositorio.VentCarritoRepository.listaCarritoCliente(java.lang.String); Reason: Failed to create query for method public abstract java.util.List pe.edu.upeu.syspasteleriadulcesitofx.repositorio.VentCarritoRepository.listaCarritoCliente(java.lang.String); No property 'listaCarritoCliente' found for type 'VentCarrito'
	at org.springframework.beans.factory.support.AbstractAutowireCapableBeanFactory.initializeBean(AbstractAutowireCapableBeanFactory.java:1806) ~[spring-beans-6.1.13.jar:6.1.13]
	at org.springframework.beans.factory.support.AbstractAutowireCapableBeanFactory.doCreateBean(AbstractAutowireCapableBeanFactory.java:600) ~[spring-beans-6.1.13.jar:6.1.13]
	at org.springframework.beans.factory.support.AbstractAutowireCapableBeanFactory.createBean(AbstractAutowireCapableBeanFactory.java:522) ~[spring-beans-6.1.13.jar:6.1.13]
	at org.springframework.beans.factory.support.AbstractBeanFactory.lambda$doGetBean$0(AbstractBeanFactory.java:337) ~[spring-beans-6.1.13.jar:6.1.13]
	at org.springframework.beans.factory.support.DefaultSingletonBeanRegistry.getSingleton(DefaultSingletonBeanRegistry.java:234) ~[spring-beans-6.1.13.jar:6.1.13]
	at org.springframework.beans.factory.support.AbstractBeanFactory.doGetBean(AbstractBeanFactory.java:335) ~[spring-beans-6.1.13.jar:6.1.13]
	at org.springframework.beans.factory.support.AbstractBeanFactory.getBean(AbstractBeanFactory.java:200) ~[spring-beans-6.1.13.jar:6.1.13]
	at org.springframework.beans.factory.config.DependencyDescriptor.resolveCandidate(DependencyDescriptor.java:254) ~[spring-beans-6.1.13.jar:6.1.13]
	at org.springframework.beans.factory.support.DefaultListableBeanFactory.doResolveDependency(DefaultListableBeanFactory.java:1443) ~[spring-beans-6.1.13.jar:6.1.13]
	at org.springframework.beans.factory.support.DefaultListableBeanFactory.resolveDependency(DefaultListableBeanFactory.java:1353) ~[spring-beans-6.1.13.jar:6.1.13]
	at org.springframework.beans.factory.annotation.AutowiredAnnotationBeanPostProcessor$AutowiredFieldElement.resolveFieldValue(AutowiredAnnotationBeanPostProcessor.java:785) ~[spring-beans-6.1.13.jar:6.1.13]
	... 35 common frames omitted
Caused by: org.springframework.data.repository.query.QueryCreationException: Could not create query for public abstract java.util.List pe.edu.upeu.syspasteleriadulcesitofx.repositorio.VentCarritoRepository.listaCarritoCliente(java.lang.String); Reason: Failed to create query for method public abstract java.util.List pe.edu.upeu.syspasteleriadulcesitofx.repositorio.VentCarritoRepository.listaCarritoCliente(java.lang.String); No property 'listaCarritoCliente' found for type 'VentCarrito'
	at org.springframework.data.repository.query.QueryCreationException.create(QueryCreationException.java:101) ~[spring-data-commons-3.3.4.jar:3.3.4]
	at org.springframework.data.repository.core.support.QueryExecutorMethodInterceptor.lookupQuery(QueryExecutorMethodInterceptor.java:119) ~[spring-data-commons-3.3.4.jar:3.3.4]
	at org.springframework.data.repository.core.support.QueryExecutorMethodInterceptor.mapMethodsToQuery(QueryExecutorMethodInterceptor.java:103) ~[spring-data-commons-3.3.4.jar:3.3.4]
	at org.springframework.data.repository.core.support.QueryExecutorMethodInterceptor.lambda$new$0(QueryExecutorMethodInterceptor.java:92) ~[spring-data-commons-3.3.4.jar:3.3.4]
	at java.base/java.util.Optional.map(Optional.java:260) ~[na:na]
	at org.springframework.data.repository.core.support.QueryExecutorMethodInterceptor.<init>(QueryExecutorMethodInterceptor.java:92) ~[spring-data-commons-3.3.4.jar:3.3.4]
	at org.springframework.data.repository.core.support.RepositoryFactorySupport.getRepository(RepositoryFactorySupport.java:357) ~[spring-data-commons-3.3.4.jar:3.3.4]
	at org.springframework.data.repository.core.support.RepositoryFactoryBeanSupport.lambda$afterPropertiesSet$5(RepositoryFactoryBeanSupport.java:286) ~[spring-data-commons-3.3.4.jar:3.3.4]
	at org.springframework.data.util.Lazy.getNullable(Lazy.java:135) ~[spring-data-commons-3.3.4.jar:3.3.4]
	at org.springframework.data.util.Lazy.get(Lazy.java:113) ~[spring-data-commons-3.3.4.jar:3.3.4]
	at org.springframework.data.repository.core.support.RepositoryFactoryBeanSupport.afterPropertiesSet(RepositoryFactoryBeanSupport.java:292) ~[spring-data-commons-3.3.4.jar:3.3.4]
	at org.springframework.data.jpa.repository.support.JpaRepositoryFactoryBean.afterPropertiesSet(JpaRepositoryFactoryBean.java:132) ~[spring-data-jpa-3.3.4.jar:3.3.4]
	at org.springframework.beans.factory.support.AbstractAutowireCapableBeanFactory.invokeInitMethods(AbstractAutowireCapableBeanFactory.java:1853) ~[spring-beans-6.1.13.jar:6.1.13]
	at org.springframework.beans.factory.support.AbstractAutowireCapableBeanFactory.initializeBean(AbstractAutowireCapableBeanFactory.java:1802) ~[spring-beans-6.1.13.jar:6.1.13]
	... 45 common frames omitted
Caused by: java.lang.IllegalArgumentException: Failed to create query for method public abstract java.util.List pe.edu.upeu.syspasteleriadulcesitofx.repositorio.VentCarritoRepository.listaCarritoCliente(java.lang.String); No property 'listaCarritoCliente' found for type 'VentCarrito'
	at org.springframework.data.jpa.repository.query.PartTreeJpaQuery.<init>(PartTreeJpaQuery.java:107) ~[spring-data-jpa-3.3.4.jar:3.3.4]
	at org.springframework.data.jpa.repository.query.JpaQueryLookupStrategy$CreateQueryLookupStrategy.resolveQuery(JpaQueryLookupStrategy.java:124) ~[spring-data-jpa-3.3.4.jar:3.3.4]
	at org.springframework.data.jpa.repository.query.JpaQueryLookupStrategy$CreateIfNotFoundQueryLookupStrategy.resolveQuery(JpaQueryLookupStrategy.java:258) ~[spring-data-jpa-3.3.4.jar:3.3.4]
	at org.springframework.data.jpa.repository.query.JpaQueryLookupStrategy$AbstractQueryLookupStrategy.resolveQuery(JpaQueryLookupStrategy.java:95) ~[spring-data-jpa-3.3.4.jar:3.3.4]
	at org.springframework.data.repository.core.support.QueryExecutorMethodInterceptor.lookupQuery(QueryExecutorMethodInterceptor.java:115) ~[spring-data-commons-3.3.4.jar:3.3.4]
	... 57 common frames omitted
Caused by: org.springframework.data.mapping.PropertyReferenceException: No property 'listaCarritoCliente' found for type 'VentCarrito'
	at org.springframework.data.mapping.PropertyPath.<init>(PropertyPath.java:94) ~[spring-data-commons-3.3.4.jar:3.3.4]
	at org.springframework.data.mapping.PropertyPath.create(PropertyPath.java:455) ~[spring-data-commons-3.3.4.jar:3.3.4]
	at org.springframework.data.mapping.PropertyPath.create(PropertyPath.java:431) ~[spring-data-commons-3.3.4.jar:3.3.4]
	at org.springframework.data.mapping.PropertyPath.lambda$from$0(PropertyPath.java:384) ~[spring-data-commons-3.3.4.jar:3.3.4]
	at java.base/java.util.concurrent.ConcurrentMap.computeIfAbsent(ConcurrentMap.java:330) ~[na:na]
	at org.springframework.data.mapping.PropertyPath.from(PropertyPath.java:366) ~[spring-data-commons-3.3.4.jar:3.3.4]
	at org.springframework.data.mapping.PropertyPath.from(PropertyPath.java:344) ~[spring-data-commons-3.3.4.jar:3.3.4]
	at org.springframework.data.repository.query.parser.Part.<init>(Part.java:81) ~[spring-data-commons-3.3.4.jar:3.3.4]
	at org.springframework.data.repository.query.parser.PartTree$OrPart.lambda$new$0(PartTree.java:259) ~[spring-data-commons-3.3.4.jar:3.3.4]
	at java.base/java.util.stream.ReferencePipeline$3$1.accept(ReferencePipeline.java:197) ~[na:na]
	at java.base/java.util.stream.ReferencePipeline$2$1.accept(ReferencePipeline.java:179) ~[na:na]
	at java.base/java.util.Spliterators$ArraySpliterator.forEachRemaining(Spliterators.java:992) ~[na:na]
	at java.base/java.util.stream.AbstractPipeline.copyInto(AbstractPipeline.java:509) ~[na:na]
	at java.base/java.util.stream.AbstractPipeline.wrapAndCopyInto(AbstractPipeline.java:499) ~[na:na]
	at java.base/java.util.stream.ReduceOps$ReduceOp.evaluateSequential(ReduceOps.java:921) ~[na:na]
	at java.base/java.util.stream.AbstractPipeline.evaluate(AbstractPipeline.java:234) ~[na:na]
	at java.base/java.util.stream.ReferencePipeline.collect(ReferencePipeline.java:682) ~[na:na]
	at org.springframework.data.repository.query.parser.PartTree$OrPart.<init>(PartTree.java:260) ~[spring-data-commons-3.3.4.jar:3.3.4]
	at org.springframework.data.repository.query.parser.PartTree$Predicate.lambda$new$0(PartTree.java:389) ~[spring-data-commons-3.3.4.jar:3.3.4]
	at java.base/java.util.stream.ReferencePipeline$3$1.accept(ReferencePipeline.java:197) ~[na:na]
	at java.base/java.util.stream.ReferencePipeline$2$1.accept(ReferencePipeline.java:179) ~[na:na]
	at java.base/java.util.Spliterators$ArraySpliterator.forEachRemaining(Spliterators.java:992) ~[na:na]
	at java.base/java.util.stream.AbstractPipeline.copyInto(AbstractPipeline.java:509) ~[na:na]
	at java.base/java.util.stream.AbstractPipeline.wrapAndCopyInto(AbstractPipeline.java:499) ~[na:na]
	at java.base/java.util.stream.ReduceOps$ReduceOp.evaluateSequential(ReduceOps.java:921) ~[na:na]
	at java.base/java.util.stream.AbstractPipeline.evaluate(AbstractPipeline.java:234) ~[na:na]
	at java.base/java.util.stream.ReferencePipeline.collect(ReferencePipeline.java:682) ~[na:na]
	at org.springframework.data.repository.query.parser.PartTree$Predicate.<init>(PartTree.java:390) ~[spring-data-commons-3.3.4.jar:3.3.4]
	at org.springframework.data.repository.query.parser.PartTree.<init>(PartTree.java:100) ~[spring-data-commons-3.3.4.jar:3.3.4]
	at org.springframework.data.jpa.repository.query.PartTreeJpaQuery.<init>(PartTreeJpaQuery.java:101) ~[spring-data-jpa-3.3.4.jar:3.3.4]
	... 61 common frames omitted

2024-11-22T09:22:31.699-05:00  INFO 7852 --- [SysPasteleriaDulcesitoFx] [JavaFX-Launcher] o.s.boot.SpringApplication               : Starting application using Java 18.0.1.1 with PID 7852 (started by PC-Laboratorio in D:\omar 2\PROYECTO-FINAL-U2-main\PROYECTO-FINAL-U2-main\SysPasteleriaDulcesitoFx\SysPasteleriaDulcesitoFx)
2024-11-22T09:22:31.702-05:00  INFO 7852 --- [SysPasteleriaDulcesitoFx] [JavaFX-Launcher] o.s.boot.SpringApplication               : No active profile set, falling back to 1 default profile: "default"
2024-11-22T09:22:32.629-05:00  INFO 7852 --- [SysPasteleriaDulcesitoFx] [JavaFX-Launcher] .s.d.r.c.RepositoryConfigurationDelegate : Bootstrapping Spring Data JPA repositories in DEFAULT mode.
2024-11-22T09:22:32.773-05:00  INFO 7852 --- [SysPasteleriaDulcesitoFx] [JavaFX-Launcher] .s.d.r.c.RepositoryConfigurationDelegate : Finished Spring Data repository scanning in 132 ms. Found 15 JPA repository interfaces.
2024-11-22T09:22:33.460-05:00  INFO 7852 --- [SysPasteleriaDulcesitoFx] [JavaFX-Launcher] o.hibernate.jpa.internal.util.LogHelper  : HHH000204: Processing PersistenceUnitInfo [name: default]
2024-11-22T09:22:33.538-05:00  INFO 7852 --- [SysPasteleriaDulcesitoFx] [JavaFX-Launcher] org.hibernate.Version                    : HHH000412: Hibernate ORM core version 6.5.3.Final
2024-11-22T09:22:33.592-05:00  INFO 7852 --- [SysPasteleriaDulcesitoFx] [JavaFX-Launcher] o.h.c.internal.RegionFactoryInitiator    : HHH000026: Second-level cache disabled
2024-11-22T09:22:33.960-05:00  INFO 7852 --- [SysPasteleriaDulcesitoFx] [JavaFX-Launcher] o.s.o.j.p.SpringPersistenceUnitInfo      : No LoadTimeWeaver setup: ignoring JPA class transformer
2024-11-22T09:22:34.001-05:00  INFO 7852 --- [SysPasteleriaDulcesitoFx] [JavaFX-Launcher] com.zaxxer.hikari.HikariDataSource       : HikariPool-1 - Starting...
2024-11-22T09:22:34.128-05:00  INFO 7852 --- [SysPasteleriaDulcesitoFx] [JavaFX-Launcher] com.zaxxer.hikari.pool.HikariPool        : HikariPool-1 - Added connection org.sqlite.jdbc4.JDBC4Connection@4a53f3d4
2024-11-22T09:22:34.132-05:00  INFO 7852 --- [SysPasteleriaDulcesitoFx] [JavaFX-Launcher] com.zaxxer.hikari.HikariDataSource       : HikariPool-1 - Start completed.
2024-11-22T09:22:35.325-05:00  INFO 7852 --- [SysPasteleriaDulcesitoFx] [JavaFX-Launcher] o.h.e.t.j.p.i.JtaPlatformInitiator       : HHH000489: No JTA platform available (set 'hibernate.transaction.jta.platform' to enable JTA platform integration)
2024-11-22T09:22:35.371-05:00  INFO 7852 --- [SysPasteleriaDulcesitoFx] [JavaFX-Launcher] j.LocalContainerEntityManagerFactoryBean : Initialized JPA EntityManagerFactory for persistence unit 'default'
2024-11-22T09:22:35.791-05:00  INFO 7852 --- [SysPasteleriaDulcesitoFx] [JavaFX-Launcher] o.s.d.j.r.query.QueryEnhancerFactory     : Hibernate is in classpath; If applicable, HQL parser will be used.
2024-11-22T09:22:35.998-05:00  WARN 7852 --- [SysPasteleriaDulcesitoFx] [JavaFX-Launcher] s.c.a.AnnotationConfigApplicationContext : Exception encountered during context initialization - cancelling refresh attempt: org.springframework.beans.factory.UnsatisfiedDependencyException: Error creating bean with name 'ventaController': Unsatisfied dependency expressed through field 'daoC': Error creating bean with name 'ventCarritoService': Unsatisfied dependency expressed through field 'repo': Error creating bean with name 'ventCarritoRepository' defined in pe.edu.upeu.syspasteleriadulcesitofx.repositorio.VentCarritoRepository defined in @EnableJpaRepositories declared on JpaRepositoriesRegistrar.EnableJpaRepositoriesConfiguration: Could not create query for public abstract java.util.List pe.edu.upeu.syspasteleriadulcesitofx.repositorio.VentCarritoRepository.listaCarritoCliente(java.lang.String); Reason: Failed to create query for method public abstract java.util.List pe.edu.upeu.syspasteleriadulcesitofx.repositorio.VentCarritoRepository.listaCarritoCliente(java.lang.String); No property 'listaCarritoCliente' found for type 'VentCarrito'
2024-11-22T09:22:35.999-05:00  INFO 7852 --- [SysPasteleriaDulcesitoFx] [JavaFX-Launcher] j.LocalContainerEntityManagerFactoryBean : Closing JPA EntityManagerFactory for persistence unit 'default'
2024-11-22T09:22:36.006-05:00  INFO 7852 --- [SysPasteleriaDulcesitoFx] [JavaFX-Launcher] com.zaxxer.hikari.HikariDataSource       : HikariPool-1 - Shutdown initiated...
2024-11-22T09:22:36.008-05:00  INFO 7852 --- [SysPasteleriaDulcesitoFx] [JavaFX-Launcher] com.zaxxer.hikari.HikariDataSource       : HikariPool-1 - Shutdown completed.
2024-11-22T09:22:36.021-05:00  INFO 7852 --- [SysPasteleriaDulcesitoFx] [JavaFX-Launcher] .s.b.a.l.ConditionEvaluationReportLogger : 

Error starting ApplicationContext. To display the condition evaluation report re-run your application with 'debug' enabled.
2024-11-22T09:22:36.045-05:00 ERROR 7852 --- [SysPasteleriaDulcesitoFx] [JavaFX-Launcher] o.s.boot.SpringApplication               : Application run failed

org.springframework.beans.factory.UnsatisfiedDependencyException: Error creating bean with name 'ventaController': Unsatisfied dependency expressed through field 'daoC': Error creating bean with name 'ventCarritoService': Unsatisfied dependency expressed through field 'repo': Error creating bean with name 'ventCarritoRepository' defined in pe.edu.upeu.syspasteleriadulcesitofx.repositorio.VentCarritoRepository defined in @EnableJpaRepositories declared on JpaRepositoriesRegistrar.EnableJpaRepositoriesConfiguration: Could not create query for public abstract java.util.List pe.edu.upeu.syspasteleriadulcesitofx.repositorio.VentCarritoRepository.listaCarritoCliente(java.lang.String); Reason: Failed to create query for method public abstract java.util.List pe.edu.upeu.syspasteleriadulcesitofx.repositorio.VentCarritoRepository.listaCarritoCliente(java.lang.String); No property 'listaCarritoCliente' found for type 'VentCarrito'
	at org.springframework.beans.factory.annotation.AutowiredAnnotationBeanPostProcessor$AutowiredFieldElement.resolveFieldValue(AutowiredAnnotationBeanPostProcessor.java:788) ~[spring-beans-6.1.13.jar:6.1.13]
	at org.springframework.beans.factory.annotation.AutowiredAnnotationBeanPostProcessor$AutowiredFieldElement.inject(AutowiredAnnotationBeanPostProcessor.java:768) ~[spring-beans-6.1.13.jar:6.1.13]
	at org.springframework.beans.factory.annotation.InjectionMetadata.inject(InjectionMetadata.java:145) ~[spring-beans-6.1.13.jar:6.1.13]
	at org.springframework.beans.factory.annotation.AutowiredAnnotationBeanPostProcessor.postProcessProperties(AutowiredAnnotationBeanPostProcessor.java:509) ~[spring-beans-6.1.13.jar:6.1.13]
	at org.springframework.beans.factory.support.AbstractAutowireCapableBeanFactory.populateBean(AbstractAutowireCapableBeanFactory.java:1439) ~[spring-beans-6.1.13.jar:6.1.13]
	at org.springframework.beans.factory.support.AbstractAutowireCapableBeanFactory.doCreateBean(AbstractAutowireCapableBeanFactory.java:599) ~[spring-beans-6.1.13.jar:6.1.13]
	at org.springframework.beans.factory.support.AbstractAutowireCapableBeanFactory.createBean(AbstractAutowireCapableBeanFactory.java:522) ~[spring-beans-6.1.13.jar:6.1.13]
	at org.springframework.beans.factory.support.AbstractBeanFactory.lambda$doGetBean$0(AbstractBeanFactory.java:337) ~[spring-beans-6.1.13.jar:6.1.13]
	at org.springframework.beans.factory.support.DefaultSingletonBeanRegistry.getSingleton(DefaultSingletonBeanRegistry.java:234) ~[spring-beans-6.1.13.jar:6.1.13]
	at org.springframework.beans.factory.support.AbstractBeanFactory.doGetBean(AbstractBeanFactory.java:335) ~[spring-beans-6.1.13.jar:6.1.13]
	at org.springframework.beans.factory.support.AbstractBeanFactory.getBean(AbstractBeanFactory.java:200) ~[spring-beans-6.1.13.jar:6.1.13]
	at org.springframework.beans.factory.support.DefaultListableBeanFactory.preInstantiateSingletons(DefaultListableBeanFactory.java:975) ~[spring-beans-6.1.13.jar:6.1.13]
	at org.springframework.context.support.AbstractApplicationContext.finishBeanFactoryInitialization(AbstractApplicationContext.java:971) ~[spring-context-6.1.13.jar:6.1.13]
	at org.springframework.context.support.AbstractApplicationContext.refresh(AbstractApplicationContext.java:625) ~[spring-context-6.1.13.jar:6.1.13]
	at org.springframework.boot.SpringApplication.refresh(SpringApplication.java:754) ~[spring-boot-3.3.4.jar:3.3.4]
	at org.springframework.boot.SpringApplication.refreshContext(SpringApplication.java:456) ~[spring-boot-3.3.4.jar:3.3.4]
	at org.springframework.boot.SpringApplication.run(SpringApplication.java:335) ~[spring-boot-3.3.4.jar:3.3.4]
	at org.springframework.boot.builder.SpringApplicationBuilder.run(SpringApplicationBuilder.java:149) ~[spring-boot-3.3.4.jar:3.3.4]
	at pe.edu.upeu.syspasteleriadulcesitofx.SysPasteleriaDulcesitoFxApplication.init(SysPasteleriaDulcesitoFxApplication.java:29) ~[classes/:na]
	at com.sun.javafx.application.LauncherImpl.launchApplication1(LauncherImpl.java:824) ~[javafx-graphics-16-win.jar:na]
	at com.sun.javafx.application.LauncherImpl.lambda$launchApplication$2(LauncherImpl.java:195) ~[javafx-graphics-16-win.jar:na]
	at java.base/java.lang.Thread.run(Thread.java:833) ~[na:na]
Caused by: org.springframework.beans.factory.UnsatisfiedDependencyException: Error creating bean with name 'ventCarritoService': Unsatisfied dependency expressed through field 'repo': Error creating bean with name 'ventCarritoRepository' defined in pe.edu.upeu.syspasteleriadulcesitofx.repositorio.VentCarritoRepository defined in @EnableJpaRepositories declared on JpaRepositoriesRegistrar.EnableJpaRepositoriesConfiguration: Could not create query for public abstract java.util.List pe.edu.upeu.syspasteleriadulcesitofx.repositorio.VentCarritoRepository.listaCarritoCliente(java.lang.String); Reason: Failed to create query for method public abstract java.util.List pe.edu.upeu.syspasteleriadulcesitofx.repositorio.VentCarritoRepository.listaCarritoCliente(java.lang.String); No property 'listaCarritoCliente' found for type 'VentCarrito'
	at org.springframework.beans.factory.annotation.AutowiredAnnotationBeanPostProcessor$AutowiredFieldElement.resolveFieldValue(AutowiredAnnotationBeanPostProcessor.java:788) ~[spring-beans-6.1.13.jar:6.1.13]
	at org.springframework.beans.factory.annotation.AutowiredAnnotationBeanPostProcessor$AutowiredFieldElement.inject(AutowiredAnnotationBeanPostProcessor.java:768) ~[spring-beans-6.1.13.jar:6.1.13]
	at org.springframework.beans.factory.annotation.InjectionMetadata.inject(InjectionMetadata.java:145) ~[spring-beans-6.1.13.jar:6.1.13]
	at org.springframework.beans.factory.annotation.AutowiredAnnotationBeanPostProcessor.postProcessProperties(AutowiredAnnotationBeanPostProcessor.java:509) ~[spring-beans-6.1.13.jar:6.1.13]
	at org.springframework.beans.factory.support.AbstractAutowireCapableBeanFactory.populateBean(AbstractAutowireCapableBeanFactory.java:1439) ~[spring-beans-6.1.13.jar:6.1.13]
	at org.springframework.beans.factory.support.AbstractAutowireCapableBeanFactory.doCreateBean(AbstractAutowireCapableBeanFactory.java:599) ~[spring-beans-6.1.13.jar:6.1.13]
	at org.springframework.beans.factory.support.AbstractAutowireCapableBeanFactory.createBean(AbstractAutowireCapableBeanFactory.java:522) ~[spring-beans-6.1.13.jar:6.1.13]
	at org.springframework.beans.factory.support.AbstractBeanFactory.lambda$doGetBean$0(AbstractBeanFactory.java:337) ~[spring-beans-6.1.13.jar:6.1.13]
	at org.springframework.beans.factory.support.DefaultSingletonBeanRegistry.getSingleton(DefaultSingletonBeanRegistry.java:234) ~[spring-beans-6.1.13.jar:6.1.13]
	at org.springframework.beans.factory.support.AbstractBeanFactory.doGetBean(AbstractBeanFactory.java:335) ~[spring-beans-6.1.13.jar:6.1.13]
	at org.springframework.beans.factory.support.AbstractBeanFactory.getBean(AbstractBeanFactory.java:200) ~[spring-beans-6.1.13.jar:6.1.13]
	at org.springframework.beans.factory.config.DependencyDescriptor.resolveCandidate(DependencyDescriptor.java:254) ~[spring-beans-6.1.13.jar:6.1.13]
	at org.springframework.beans.factory.support.DefaultListableBeanFactory.doResolveDependency(DefaultListableBeanFactory.java:1443) ~[spring-beans-6.1.13.jar:6.1.13]
	at org.springframework.beans.factory.support.DefaultListableBeanFactory.resolveDependency(DefaultListableBeanFactory.java:1353) ~[spring-beans-6.1.13.jar:6.1.13]
	at org.springframework.beans.factory.annotation.AutowiredAnnotationBeanPostProcessor$AutowiredFieldElement.resolveFieldValue(AutowiredAnnotationBeanPostProcessor.java:785) ~[spring-beans-6.1.13.jar:6.1.13]
	... 21 common frames omitted
Caused by: org.springframework.beans.factory.BeanCreationException: Error creating bean with name 'ventCarritoRepository' defined in pe.edu.upeu.syspasteleriadulcesitofx.repositorio.VentCarritoRepository defined in @EnableJpaRepositories declared on JpaRepositoriesRegistrar.EnableJpaRepositoriesConfiguration: Could not create query for public abstract java.util.List pe.edu.upeu.syspasteleriadulcesitofx.repositorio.VentCarritoRepository.listaCarritoCliente(java.lang.String); Reason: Failed to create query for method public abstract java.util.List pe.edu.upeu.syspasteleriadulcesitofx.repositorio.VentCarritoRepository.listaCarritoCliente(java.lang.String); No property 'listaCarritoCliente' found for type 'VentCarrito'
	at org.springframework.beans.factory.support.AbstractAutowireCapableBeanFactory.initializeBean(AbstractAutowireCapableBeanFactory.java:1806) ~[spring-beans-6.1.13.jar:6.1.13]
	at org.springframework.beans.factory.support.AbstractAutowireCapableBeanFactory.doCreateBean(AbstractAutowireCapableBeanFactory.java:600) ~[spring-beans-6.1.13.jar:6.1.13]
	at org.springframework.beans.factory.support.AbstractAutowireCapableBeanFactory.createBean(AbstractAutowireCapableBeanFactory.java:522) ~[spring-beans-6.1.13.jar:6.1.13]
	at org.springframework.beans.factory.support.AbstractBeanFactory.lambda$doGetBean$0(AbstractBeanFactory.java:337) ~[spring-beans-6.1.13.jar:6.1.13]
	at org.springframework.beans.factory.support.DefaultSingletonBeanRegistry.getSingleton(DefaultSingletonBeanRegistry.java:234) ~[spring-beans-6.1.13.jar:6.1.13]
	at org.springframework.beans.factory.support.AbstractBeanFactory.doGetBean(AbstractBeanFactory.java:335) ~[spring-beans-6.1.13.jar:6.1.13]
	at org.springframework.beans.factory.support.AbstractBeanFactory.getBean(AbstractBeanFactory.java:200) ~[spring-beans-6.1.13.jar:6.1.13]
	at org.springframework.beans.factory.config.DependencyDescriptor.resolveCandidate(DependencyDescriptor.java:254) ~[spring-beans-6.1.13.jar:6.1.13]
	at org.springframework.beans.factory.support.DefaultListableBeanFactory.doResolveDependency(DefaultListableBeanFactory.java:1443) ~[spring-beans-6.1.13.jar:6.1.13]
	at org.springframework.beans.factory.support.DefaultListableBeanFactory.resolveDependency(DefaultListableBeanFactory.java:1353) ~[spring-beans-6.1.13.jar:6.1.13]
	at org.springframework.beans.factory.annotation.AutowiredAnnotationBeanPostProcessor$AutowiredFieldElement.resolveFieldValue(AutowiredAnnotationBeanPostProcessor.java:785) ~[spring-beans-6.1.13.jar:6.1.13]
	... 35 common frames omitted
Caused by: org.springframework.data.repository.query.QueryCreationException: Could not create query for public abstract java.util.List pe.edu.upeu.syspasteleriadulcesitofx.repositorio.VentCarritoRepository.listaCarritoCliente(java.lang.String); Reason: Failed to create query for method public abstract java.util.List pe.edu.upeu.syspasteleriadulcesitofx.repositorio.VentCarritoRepository.listaCarritoCliente(java.lang.String); No property 'listaCarritoCliente' found for type 'VentCarrito'
	at org.springframework.data.repository.query.QueryCreationException.create(QueryCreationException.java:101) ~[spring-data-commons-3.3.4.jar:3.3.4]
	at org.springframework.data.repository.core.support.QueryExecutorMethodInterceptor.lookupQuery(QueryExecutorMethodInterceptor.java:119) ~[spring-data-commons-3.3.4.jar:3.3.4]
	at org.springframework.data.repository.core.support.QueryExecutorMethodInterceptor.mapMethodsToQuery(QueryExecutorMethodInterceptor.java:103) ~[spring-data-commons-3.3.4.jar:3.3.4]
	at org.springframework.data.repository.core.support.QueryExecutorMethodInterceptor.lambda$new$0(QueryExecutorMethodInterceptor.java:92) ~[spring-data-commons-3.3.4.jar:3.3.4]
	at java.base/java.util.Optional.map(Optional.java:260) ~[na:na]
	at org.springframework.data.repository.core.support.QueryExecutorMethodInterceptor.<init>(QueryExecutorMethodInterceptor.java:92) ~[spring-data-commons-3.3.4.jar:3.3.4]
	at org.springframework.data.repository.core.support.RepositoryFactorySupport.getRepository(RepositoryFactorySupport.java:357) ~[spring-data-commons-3.3.4.jar:3.3.4]
	at org.springframework.data.repository.core.support.RepositoryFactoryBeanSupport.lambda$afterPropertiesSet$5(RepositoryFactoryBeanSupport.java:286) ~[spring-data-commons-3.3.4.jar:3.3.4]
	at org.springframework.data.util.Lazy.getNullable(Lazy.java:135) ~[spring-data-commons-3.3.4.jar:3.3.4]
	at org.springframework.data.util.Lazy.get(Lazy.java:113) ~[spring-data-commons-3.3.4.jar:3.3.4]
	at org.springframework.data.repository.core.support.RepositoryFactoryBeanSupport.afterPropertiesSet(RepositoryFactoryBeanSupport.java:292) ~[spring-data-commons-3.3.4.jar:3.3.4]
	at org.springframework.data.jpa.repository.support.JpaRepositoryFactoryBean.afterPropertiesSet(JpaRepositoryFactoryBean.java:132) ~[spring-data-jpa-3.3.4.jar:3.3.4]
	at org.springframework.beans.factory.support.AbstractAutowireCapableBeanFactory.invokeInitMethods(AbstractAutowireCapableBeanFactory.java:1853) ~[spring-beans-6.1.13.jar:6.1.13]
	at org.springframework.beans.factory.support.AbstractAutowireCapableBeanFactory.initializeBean(AbstractAutowireCapableBeanFactory.java:1802) ~[spring-beans-6.1.13.jar:6.1.13]
	... 45 common frames omitted
Caused by: java.lang.IllegalArgumentException: Failed to create query for method public abstract java.util.List pe.edu.upeu.syspasteleriadulcesitofx.repositorio.VentCarritoRepository.listaCarritoCliente(java.lang.String); No property 'listaCarritoCliente' found for type 'VentCarrito'
	at org.springframework.data.jpa.repository.query.PartTreeJpaQuery.<init>(PartTreeJpaQuery.java:107) ~[spring-data-jpa-3.3.4.jar:3.3.4]
	at org.springframework.data.jpa.repository.query.JpaQueryLookupStrategy$CreateQueryLookupStrategy.resolveQuery(JpaQueryLookupStrategy.java:124) ~[spring-data-jpa-3.3.4.jar:3.3.4]
	at org.springframework.data.jpa.repository.query.JpaQueryLookupStrategy$CreateIfNotFoundQueryLookupStrategy.resolveQuery(JpaQueryLookupStrategy.java:258) ~[spring-data-jpa-3.3.4.jar:3.3.4]
	at org.springframework.data.jpa.repository.query.JpaQueryLookupStrategy$AbstractQueryLookupStrategy.resolveQuery(JpaQueryLookupStrategy.java:95) ~[spring-data-jpa-3.3.4.jar:3.3.4]
	at org.springframework.data.repository.core.support.QueryExecutorMethodInterceptor.lookupQuery(QueryExecutorMethodInterceptor.java:115) ~[spring-data-commons-3.3.4.jar:3.3.4]
	... 57 common frames omitted
Caused by: org.springframework.data.mapping.PropertyReferenceException: No property 'listaCarritoCliente' found for type 'VentCarrito'
	at org.springframework.data.mapping.PropertyPath.<init>(PropertyPath.java:94) ~[spring-data-commons-3.3.4.jar:3.3.4]
	at org.springframework.data.mapping.PropertyPath.create(PropertyPath.java:455) ~[spring-data-commons-3.3.4.jar:3.3.4]
	at org.springframework.data.mapping.PropertyPath.create(PropertyPath.java:431) ~[spring-data-commons-3.3.4.jar:3.3.4]
	at org.springframework.data.mapping.PropertyPath.lambda$from$0(PropertyPath.java:384) ~[spring-data-commons-3.3.4.jar:3.3.4]
	at java.base/java.util.concurrent.ConcurrentMap.computeIfAbsent(ConcurrentMap.java:330) ~[na:na]
	at org.springframework.data.mapping.PropertyPath.from(PropertyPath.java:366) ~[spring-data-commons-3.3.4.jar:3.3.4]
	at org.springframework.data.mapping.PropertyPath.from(PropertyPath.java:344) ~[spring-data-commons-3.3.4.jar:3.3.4]
	at org.springframework.data.repository.query.parser.Part.<init>(Part.java:81) ~[spring-data-commons-3.3.4.jar:3.3.4]
	at org.springframework.data.repository.query.parser.PartTree$OrPart.lambda$new$0(PartTree.java:259) ~[spring-data-commons-3.3.4.jar:3.3.4]
	at java.base/java.util.stream.ReferencePipeline$3$1.accept(ReferencePipeline.java:197) ~[na:na]
	at java.base/java.util.stream.ReferencePipeline$2$1.accept(ReferencePipeline.java:179) ~[na:na]
	at java.base/java.util.Spliterators$ArraySpliterator.forEachRemaining(Spliterators.java:992) ~[na:na]
	at java.base/java.util.stream.AbstractPipeline.copyInto(AbstractPipeline.java:509) ~[na:na]
	at java.base/java.util.stream.AbstractPipeline.wrapAndCopyInto(AbstractPipeline.java:499) ~[na:na]
	at java.base/java.util.stream.ReduceOps$ReduceOp.evaluateSequential(ReduceOps.java:921) ~[na:na]
	at java.base/java.util.stream.AbstractPipeline.evaluate(AbstractPipeline.java:234) ~[na:na]
	at java.base/java.util.stream.ReferencePipeline.collect(ReferencePipeline.java:682) ~[na:na]
	at org.springframework.data.repository.query.parser.PartTree$OrPart.<init>(PartTree.java:260) ~[spring-data-commons-3.3.4.jar:3.3.4]
	at org.springframework.data.repository.query.parser.PartTree$Predicate.lambda$new$0(PartTree.java:389) ~[spring-data-commons-3.3.4.jar:3.3.4]
	at java.base/java.util.stream.ReferencePipeline$3$1.accept(ReferencePipeline.java:197) ~[na:na]
	at java.base/java.util.stream.ReferencePipeline$2$1.accept(ReferencePipeline.java:179) ~[na:na]
	at java.base/java.util.Spliterators$ArraySpliterator.forEachRemaining(Spliterators.java:992) ~[na:na]
	at java.base/java.util.stream.AbstractPipeline.copyInto(AbstractPipeline.java:509) ~[na:na]
	at java.base/java.util.stream.AbstractPipeline.wrapAndCopyInto(AbstractPipeline.java:499) ~[na:na]
	at java.base/java.util.stream.ReduceOps$ReduceOp.evaluateSequential(ReduceOps.java:921) ~[na:na]
	at java.base/java.util.stream.AbstractPipeline.evaluate(AbstractPipeline.java:234) ~[na:na]
	at java.base/java.util.stream.ReferencePipeline.collect(ReferencePipeline.java:682) ~[na:na]
	at org.springframework.data.repository.query.parser.PartTree$Predicate.<init>(PartTree.java:390) ~[spring-data-commons-3.3.4.jar:3.3.4]
	at org.springframework.data.repository.query.parser.PartTree.<init>(PartTree.java:100) ~[spring-data-commons-3.3.4.jar:3.3.4]
	at org.springframework.data.jpa.repository.query.PartTreeJpaQuery.<init>(PartTreeJpaQuery.java:101) ~[spring-data-jpa-3.3.4.jar:3.3.4]
	... 61 common frames omitted

2024-11-22T09:26:30.231-05:00  INFO 10324 --- [SysPasteleriaDulcesitoFx] [JavaFX-Launcher] o.s.boot.SpringApplication               : Starting application using Java 18.0.1.1 with PID 10324 (started by PC-Laboratorio in D:\omar 2\PROYECTO-FINAL-U2-main\PROYECTO-FINAL-U2-main\SysPasteleriaDulcesitoFx\SysPasteleriaDulcesitoFx)
2024-11-22T09:26:30.235-05:00  INFO 10324 --- [SysPasteleriaDulcesitoFx] [JavaFX-Launcher] o.s.boot.SpringApplication               : No active profile set, falling back to 1 default profile: "default"
2024-11-22T09:26:30.987-05:00  INFO 10324 --- [SysPasteleriaDulcesitoFx] [JavaFX-Launcher] .s.d.r.c.RepositoryConfigurationDelegate : Bootstrapping Spring Data JPA repositories in DEFAULT mode.
2024-11-22T09:26:31.080-05:00  INFO 10324 --- [SysPasteleriaDulcesitoFx] [JavaFX-Launcher] .s.d.r.c.RepositoryConfigurationDelegate : Finished Spring Data repository scanning in 85 ms. Found 15 JPA repository interfaces.
2024-11-22T09:26:31.743-05:00  INFO 10324 --- [SysPasteleriaDulcesitoFx] [JavaFX-Launcher] o.hibernate.jpa.internal.util.LogHelper  : HHH000204: Processing PersistenceUnitInfo [name: default]
2024-11-22T09:26:31.810-05:00  INFO 10324 --- [SysPasteleriaDulcesitoFx] [JavaFX-Launcher] org.hibernate.Version                    : HHH000412: Hibernate ORM core version 6.5.3.Final
2024-11-22T09:26:31.858-05:00  INFO 10324 --- [SysPasteleriaDulcesitoFx] [JavaFX-Launcher] o.h.c.internal.RegionFactoryInitiator    : HHH000026: Second-level cache disabled
2024-11-22T09:26:32.203-05:00  INFO 10324 --- [SysPasteleriaDulcesitoFx] [JavaFX-Launcher] o.s.o.j.p.SpringPersistenceUnitInfo      : No LoadTimeWeaver setup: ignoring JPA class transformer
2024-11-22T09:26:32.241-05:00  INFO 10324 --- [SysPasteleriaDulcesitoFx] [JavaFX-Launcher] com.zaxxer.hikari.HikariDataSource       : HikariPool-1 - Starting...
2024-11-22T09:26:32.355-05:00  INFO 10324 --- [SysPasteleriaDulcesitoFx] [JavaFX-Launcher] com.zaxxer.hikari.pool.HikariPool        : HikariPool-1 - Added connection org.sqlite.jdbc4.JDBC4Connection@71fc0eec
2024-11-22T09:26:32.357-05:00  INFO 10324 --- [SysPasteleriaDulcesitoFx] [JavaFX-Launcher] com.zaxxer.hikari.HikariDataSource       : HikariPool-1 - Start completed.
2024-11-22T09:26:33.579-05:00  INFO 10324 --- [SysPasteleriaDulcesitoFx] [JavaFX-Launcher] o.h.e.t.j.p.i.JtaPlatformInitiator       : HHH000489: No JTA platform available (set 'hibernate.transaction.jta.platform' to enable JTA platform integration)
2024-11-22T09:26:33.616-05:00  INFO 10324 --- [SysPasteleriaDulcesitoFx] [JavaFX-Launcher] j.LocalContainerEntityManagerFactoryBean : Initialized JPA EntityManagerFactory for persistence unit 'default'
2024-11-22T09:26:34.082-05:00  INFO 10324 --- [SysPasteleriaDulcesitoFx] [JavaFX-Launcher] o.s.d.j.r.query.QueryEnhancerFactory     : Hibernate is in classpath; If applicable, HQL parser will be used.
2024-11-22T09:26:34.999-05:00  INFO 10324 --- [SysPasteleriaDulcesitoFx] [JavaFX-Launcher] o.s.boot.SpringApplication               : Started application in 5.354 seconds (process running for 5.981)
2024-11-22T09:34:57.945-05:00  INFO 10324 --- [SysPasteleriaDulcesitoFx] [SpringApplicationShutdownHook] j.LocalContainerEntityManagerFactoryBean : Closing JPA EntityManagerFactory for persistence unit 'default'
2024-11-22T09:34:57.949-05:00  INFO 10324 --- [SysPasteleriaDulcesitoFx] [SpringApplicationShutdownHook] com.zaxxer.hikari.HikariDataSource       : HikariPool-1 - Shutdown initiated...
2024-11-22T09:34:57.956-05:00  INFO 10324 --- [SysPasteleriaDulcesitoFx] [SpringApplicationShutdownHook] com.zaxxer.hikari.HikariDataSource       : HikariPool-1 - Shutdown completed.
2024-11-22T09:35:01.494-05:00  INFO 13836 --- [SysPasteleriaDulcesitoFx] [JavaFX-Launcher] o.s.boot.SpringApplication               : Starting application using Java 18.0.1.1 with PID 13836 (started by PC-Laboratorio in D:\omar 2\PROYECTO-FINAL-U2-main\PROYECTO-FINAL-U2-main\SysPasteleriaDulcesitoFx\SysPasteleriaDulcesitoFx)
2024-11-22T09:35:01.499-05:00  INFO 13836 --- [SysPasteleriaDulcesitoFx] [JavaFX-Launcher] o.s.boot.SpringApplication               : No active profile set, falling back to 1 default profile: "default"
2024-11-22T09:35:02.276-05:00  INFO 13836 --- [SysPasteleriaDulcesitoFx] [JavaFX-Launcher] .s.d.r.c.RepositoryConfigurationDelegate : Bootstrapping Spring Data JPA repositories in DEFAULT mode.
2024-11-22T09:35:02.373-05:00  INFO 13836 --- [SysPasteleriaDulcesitoFx] [JavaFX-Launcher] .s.d.r.c.RepositoryConfigurationDelegate : Finished Spring Data repository scanning in 91 ms. Found 15 JPA repository interfaces.
2024-11-22T09:35:03.077-05:00  INFO 13836 --- [SysPasteleriaDulcesitoFx] [JavaFX-Launcher] o.hibernate.jpa.internal.util.LogHelper  : HHH000204: Processing PersistenceUnitInfo [name: default]
2024-11-22T09:35:03.156-05:00  INFO 13836 --- [SysPasteleriaDulcesitoFx] [JavaFX-Launcher] org.hibernate.Version                    : HHH000412: Hibernate ORM core version 6.5.3.Final
2024-11-22T09:35:03.213-05:00  INFO 13836 --- [SysPasteleriaDulcesitoFx] [JavaFX-Launcher] o.h.c.internal.RegionFactoryInitiator    : HHH000026: Second-level cache disabled
2024-11-22T09:35:03.548-05:00  INFO 13836 --- [SysPasteleriaDulcesitoFx] [JavaFX-Launcher] o.s.o.j.p.SpringPersistenceUnitInfo      : No LoadTimeWeaver setup: ignoring JPA class transformer
2024-11-22T09:35:03.584-05:00  INFO 13836 --- [SysPasteleriaDulcesitoFx] [JavaFX-Launcher] com.zaxxer.hikari.HikariDataSource       : HikariPool-1 - Starting...
2024-11-22T09:35:03.689-05:00  INFO 13836 --- [SysPasteleriaDulcesitoFx] [JavaFX-Launcher] com.zaxxer.hikari.pool.HikariPool        : HikariPool-1 - Added connection org.sqlite.jdbc4.JDBC4Connection@63a60a44
2024-11-22T09:35:03.690-05:00  INFO 13836 --- [SysPasteleriaDulcesitoFx] [JavaFX-Launcher] com.zaxxer.hikari.HikariDataSource       : HikariPool-1 - Start completed.
2024-11-22T09:35:04.924-05:00  INFO 13836 --- [SysPasteleriaDulcesitoFx] [JavaFX-Launcher] o.h.e.t.j.p.i.JtaPlatformInitiator       : HHH000489: No JTA platform available (set 'hibernate.transaction.jta.platform' to enable JTA platform integration)
2024-11-22T09:35:04.964-05:00  INFO 13836 --- [SysPasteleriaDulcesitoFx] [JavaFX-Launcher] j.LocalContainerEntityManagerFactoryBean : Initialized JPA EntityManagerFactory for persistence unit 'default'
2024-11-22T09:35:05.415-05:00  INFO 13836 --- [SysPasteleriaDulcesitoFx] [JavaFX-Launcher] o.s.d.j.r.query.QueryEnhancerFactory     : Hibernate is in classpath; If applicable, HQL parser will be used.
2024-11-22T09:35:06.529-05:00  INFO 13836 --- [SysPasteleriaDulcesitoFx] [JavaFX-Launcher] o.s.boot.SpringApplication               : Started application in 5.618 seconds (process running for 6.257)
2024-11-22T09:36:50.703-05:00  INFO 13836 --- [SysPasteleriaDulcesitoFx] [SpringApplicationShutdownHook] j.LocalContainerEntityManagerFactoryBean : Closing JPA EntityManagerFactory for persistence unit 'default'
2024-11-22T09:36:50.706-05:00  INFO 13836 --- [SysPasteleriaDulcesitoFx] [SpringApplicationShutdownHook] com.zaxxer.hikari.HikariDataSource       : HikariPool-1 - Shutdown initiated...
2024-11-22T09:36:50.713-05:00  INFO 13836 --- [SysPasteleriaDulcesitoFx] [SpringApplicationShutdownHook] com.zaxxer.hikari.HikariDataSource       : HikariPool-1 - Shutdown completed.
2024-11-22T09:36:53.113-05:00  INFO 13244 --- [SysPasteleriaDulcesitoFx] [JavaFX-Launcher] o.s.boot.SpringApplication               : Starting application using Java 18.0.1.1 with PID 13244 (started by PC-Laboratorio in D:\omar 2\PROYECTO-FINAL-U2-main\PROYECTO-FINAL-U2-main\SysPasteleriaDulcesitoFx\SysPasteleriaDulcesitoFx)
2024-11-22T09:36:53.117-05:00  INFO 13244 --- [SysPasteleriaDulcesitoFx] [JavaFX-Launcher] o.s.boot.SpringApplication               : No active profile set, falling back to 1 default profile: "default"
2024-11-22T09:36:53.881-05:00  INFO 13244 --- [SysPasteleriaDulcesitoFx] [JavaFX-Launcher] .s.d.r.c.RepositoryConfigurationDelegate : Bootstrapping Spring Data JPA repositories in DEFAULT mode.
2024-11-22T09:36:53.982-05:00  INFO 13244 --- [SysPasteleriaDulcesitoFx] [JavaFX-Launcher] .s.d.r.c.RepositoryConfigurationDelegate : Finished Spring Data repository scanning in 92 ms. Found 15 JPA repository interfaces.
2024-11-22T09:36:54.638-05:00  INFO 13244 --- [SysPasteleriaDulcesitoFx] [JavaFX-Launcher] o.hibernate.jpa.internal.util.LogHelper  : HHH000204: Processing PersistenceUnitInfo [name: default]
2024-11-22T09:36:54.720-05:00  INFO 13244 --- [SysPasteleriaDulcesitoFx] [JavaFX-Launcher] org.hibernate.Version                    : HHH000412: Hibernate ORM core version 6.5.3.Final
2024-11-22T09:36:54.777-05:00  INFO 13244 --- [SysPasteleriaDulcesitoFx] [JavaFX-Launcher] o.h.c.internal.RegionFactoryInitiator    : HHH000026: Second-level cache disabled
2024-11-22T09:36:55.118-05:00  INFO 13244 --- [SysPasteleriaDulcesitoFx] [JavaFX-Launcher] o.s.o.j.p.SpringPersistenceUnitInfo      : No LoadTimeWeaver setup: ignoring JPA class transformer
2024-11-22T09:36:55.152-05:00  INFO 13244 --- [SysPasteleriaDulcesitoFx] [JavaFX-Launcher] com.zaxxer.hikari.HikariDataSource       : HikariPool-1 - Starting...
2024-11-22T09:36:55.261-05:00  INFO 13244 --- [SysPasteleriaDulcesitoFx] [JavaFX-Launcher] com.zaxxer.hikari.pool.HikariPool        : HikariPool-1 - Added connection org.sqlite.jdbc4.JDBC4Connection@c43cf07
2024-11-22T09:36:55.263-05:00  INFO 13244 --- [SysPasteleriaDulcesitoFx] [JavaFX-Launcher] com.zaxxer.hikari.HikariDataSource       : HikariPool-1 - Start completed.
2024-11-22T09:36:56.393-05:00  INFO 13244 --- [SysPasteleriaDulcesitoFx] [JavaFX-Launcher] o.h.e.t.j.p.i.JtaPlatformInitiator       : HHH000489: No JTA platform available (set 'hibernate.transaction.jta.platform' to enable JTA platform integration)
2024-11-22T09:36:56.456-05:00  INFO 13244 --- [SysPasteleriaDulcesitoFx] [JavaFX-Launcher] j.LocalContainerEntityManagerFactoryBean : Initialized JPA EntityManagerFactory for persistence unit 'default'
2024-11-22T09:36:56.874-05:00  INFO 13244 --- [SysPasteleriaDulcesitoFx] [JavaFX-Launcher] o.s.d.j.r.query.QueryEnhancerFactory     : Hibernate is in classpath; If applicable, HQL parser will be used.
2024-11-22T09:36:57.899-05:00  INFO 13244 --- [SysPasteleriaDulcesitoFx] [JavaFX-Launcher] o.s.boot.SpringApplication               : Started application in 5.365 seconds (process running for 6.027)
2024-11-22T09:39:52.635-05:00  INFO 13244 --- [SysPasteleriaDulcesitoFx] [SpringApplicationShutdownHook] j.LocalContainerEntityManagerFactoryBean : Closing JPA EntityManagerFactory for persistence unit 'default'
2024-11-22T09:39:52.641-05:00  INFO 13244 --- [SysPasteleriaDulcesitoFx] [SpringApplicationShutdownHook] com.zaxxer.hikari.HikariDataSource       : HikariPool-1 - Shutdown initiated...
2024-11-22T09:39:52.648-05:00  INFO 13244 --- [SysPasteleriaDulcesitoFx] [SpringApplicationShutdownHook] com.zaxxer.hikari.HikariDataSource       : HikariPool-1 - Shutdown completed.
2024-11-22T09:39:55.116-05:00  INFO 18420 --- [SysPasteleriaDulcesitoFx] [JavaFX-Launcher] o.s.boot.SpringApplication               : Starting application using Java 18.0.1.1 with PID 18420 (started by PC-Laboratorio in D:\omar 2\PROYECTO-FINAL-U2-main\PROYECTO-FINAL-U2-main\SysPasteleriaDulcesitoFx\SysPasteleriaDulcesitoFx)
2024-11-22T09:39:55.119-05:00  INFO 18420 --- [SysPasteleriaDulcesitoFx] [JavaFX-Launcher] o.s.boot.SpringApplication               : No active profile set, falling back to 1 default profile: "default"
2024-11-22T09:39:55.887-05:00  INFO 18420 --- [SysPasteleriaDulcesitoFx] [JavaFX-Launcher] .s.d.r.c.RepositoryConfigurationDelegate : Bootstrapping Spring Data JPA repositories in DEFAULT mode.
2024-11-22T09:39:55.980-05:00  INFO 18420 --- [SysPasteleriaDulcesitoFx] [JavaFX-Launcher] .s.d.r.c.RepositoryConfigurationDelegate : Finished Spring Data repository scanning in 86 ms. Found 15 JPA repository interfaces.
2024-11-22T09:39:56.689-05:00  INFO 18420 --- [SysPasteleriaDulcesitoFx] [JavaFX-Launcher] o.hibernate.jpa.internal.util.LogHelper  : HHH000204: Processing PersistenceUnitInfo [name: default]
2024-11-22T09:39:56.791-05:00  INFO 18420 --- [SysPasteleriaDulcesitoFx] [JavaFX-Launcher] org.hibernate.Version                    : HHH000412: Hibernate ORM core version 6.5.3.Final
2024-11-22T09:39:56.851-05:00  INFO 18420 --- [SysPasteleriaDulcesitoFx] [JavaFX-Launcher] o.h.c.internal.RegionFactoryInitiator    : HHH000026: Second-level cache disabled
2024-11-22T09:39:57.251-05:00  INFO 18420 --- [SysPasteleriaDulcesitoFx] [JavaFX-Launcher] o.s.o.j.p.SpringPersistenceUnitInfo      : No LoadTimeWeaver setup: ignoring JPA class transformer
2024-11-22T09:39:57.291-05:00  INFO 18420 --- [SysPasteleriaDulcesitoFx] [JavaFX-Launcher] com.zaxxer.hikari.HikariDataSource       : HikariPool-1 - Starting...
2024-11-22T09:39:57.432-05:00  INFO 18420 --- [SysPasteleriaDulcesitoFx] [JavaFX-Launcher] com.zaxxer.hikari.pool.HikariPool        : HikariPool-1 - Added connection org.sqlite.jdbc4.JDBC4Connection@179760bf
2024-11-22T09:39:57.434-05:00  INFO 18420 --- [SysPasteleriaDulcesitoFx] [JavaFX-Launcher] com.zaxxer.hikari.HikariDataSource       : HikariPool-1 - Start completed.
2024-11-22T09:39:58.599-05:00  INFO 18420 --- [SysPasteleriaDulcesitoFx] [JavaFX-Launcher] o.h.e.t.j.p.i.JtaPlatformInitiator       : HHH000489: No JTA platform available (set 'hibernate.transaction.jta.platform' to enable JTA platform integration)
2024-11-22T09:39:58.638-05:00  INFO 18420 --- [SysPasteleriaDulcesitoFx] [JavaFX-Launcher] j.LocalContainerEntityManagerFactoryBean : Initialized JPA EntityManagerFactory for persistence unit 'default'
2024-11-22T09:39:59.031-05:00  INFO 18420 --- [SysPasteleriaDulcesitoFx] [JavaFX-Launcher] o.s.d.j.r.query.QueryEnhancerFactory     : Hibernate is in classpath; If applicable, HQL parser will be used.
2024-11-22T09:39:59.993-05:00  INFO 18420 --- [SysPasteleriaDulcesitoFx] [JavaFX-Launcher] o.s.boot.SpringApplication               : Started application in 5.477 seconds (process running for 6.162)
2024-11-22T09:40:17.371-05:00  WARN 18420 --- [SysPasteleriaDulcesitoFx] [JavaFX Application Thread] javafx.css                               : CSS Error parsing '*{-fx-background-color: #FFDAB9; -fx-text-fill: <?xml version="1.0" encoding="UTF-8"?><?import javafx.scene.control.Label?><Label fx:id="lbnMsg" maxHeight="1.7976931348623157E308" maxWidth="1.7976931348623157E308" prefHeight="47.0" prefWidth="398.0" style="-fx-text-fill: #D35400;" xmlns="http://javafx.com/javafx/17.0.2-ea" xmlns:fx="http://javafx.com/fxml/1" />;}: Unexpected token '<' at [1,48]
2024-11-22T09:41:15.548-05:00  WARN 18420 --- [SysPasteleriaDulcesitoFx] [JavaFX Application Thread] o.h.engine.jdbc.spi.SqlExceptionHelper   : SQL Error: 19, SQLState: null
2024-11-22T09:41:15.548-05:00 ERROR 18420 --- [SysPasteleriaDulcesitoFx] [JavaFX Application Thread] o.h.engine.jdbc.spi.SqlExceptionHelper   : [SQLITE_CONSTRAINT_NOTNULL] A NOT NULL constraint failed (NOT NULL constraint failed: upeu_venta.dniruc)
2024-11-22T09:41:21.982-05:00  WARN 18420 --- [SysPasteleriaDulcesitoFx] [JavaFX Application Thread] o.h.engine.jdbc.spi.SqlExceptionHelper   : SQL Error: 19, SQLState: null
2024-11-22T09:41:21.983-05:00 ERROR 18420 --- [SysPasteleriaDulcesitoFx] [JavaFX Application Thread] o.h.engine.jdbc.spi.SqlExceptionHelper   : [SQLITE_CONSTRAINT_NOTNULL] A NOT NULL constraint failed (NOT NULL constraint failed: upeu_venta.dniruc)
2024-11-22T09:45:16.088-05:00  INFO 18420 --- [SysPasteleriaDulcesitoFx] [SpringApplicationShutdownHook] j.LocalContainerEntityManagerFactoryBean : Closing JPA EntityManagerFactory for persistence unit 'default'
2024-11-22T09:45:16.090-05:00  INFO 18420 --- [SysPasteleriaDulcesitoFx] [SpringApplicationShutdownHook] com.zaxxer.hikari.HikariDataSource       : HikariPool-1 - Shutdown initiated...
2024-11-22T09:45:16.094-05:00  INFO 18420 --- [SysPasteleriaDulcesitoFx] [SpringApplicationShutdownHook] com.zaxxer.hikari.HikariDataSource       : HikariPool-1 - Shutdown completed.
2024-11-26T00:03:23.082-05:00  INFO 17096 --- [SysPasteleriaDulcesitoFx] [JavaFX-Launcher] o.s.boot.SpringApplication               : Starting application using Java 18.0.2 with PID 17096 (started by ASUS in D:\Omar 2\PROYECTO-FINAL-U2-main (1)\PROYECTO-FINAL-U2-main\SysPasteleriaDulcesitoFx\SysPasteleriaDulcesitoFx)
2024-11-26T00:03:23.086-05:00  INFO 17096 --- [SysPasteleriaDulcesitoFx] [JavaFX-Launcher] o.s.boot.SpringApplication               : No active profile set, falling back to 1 default profile: "default"
2024-11-26T00:03:24.370-05:00  INFO 17096 --- [SysPasteleriaDulcesitoFx] [JavaFX-Launcher] .s.d.r.c.RepositoryConfigurationDelegate : Bootstrapping Spring Data JPA repositories in DEFAULT mode.
2024-11-26T00:03:24.457-05:00  INFO 17096 --- [SysPasteleriaDulcesitoFx] [JavaFX-Launcher] .s.d.r.c.RepositoryConfigurationDelegate : Finished Spring Data repository scanning in 81 ms. Found 15 JPA repository interfaces.
2024-11-26T00:03:24.923-05:00  INFO 17096 --- [SysPasteleriaDulcesitoFx] [JavaFX-Launcher] o.hibernate.jpa.internal.util.LogHelper  : HHH000204: Processing PersistenceUnitInfo [name: default]
2024-11-26T00:03:24.969-05:00  INFO 17096 --- [SysPasteleriaDulcesitoFx] [JavaFX-Launcher] org.hibernate.Version                    : HHH000412: Hibernate ORM core version 6.5.3.Final
2024-11-26T00:03:24.995-05:00  INFO 17096 --- [SysPasteleriaDulcesitoFx] [JavaFX-Launcher] o.h.c.internal.RegionFactoryInitiator    : HHH000026: Second-level cache disabled
2024-11-26T00:03:25.273-05:00  INFO 17096 --- [SysPasteleriaDulcesitoFx] [JavaFX-Launcher] o.s.o.j.p.SpringPersistenceUnitInfo      : No LoadTimeWeaver setup: ignoring JPA class transformer
2024-11-26T00:03:25.297-05:00  INFO 17096 --- [SysPasteleriaDulcesitoFx] [JavaFX-Launcher] com.zaxxer.hikari.HikariDataSource       : HikariPool-1 - Starting...
2024-11-26T00:03:25.455-05:00  INFO 17096 --- [SysPasteleriaDulcesitoFx] [JavaFX-Launcher] com.zaxxer.hikari.pool.HikariPool        : HikariPool-1 - Added connection org.sqlite.jdbc4.JDBC4Connection@50b44b3a
2024-11-26T00:03:25.456-05:00  INFO 17096 --- [SysPasteleriaDulcesitoFx] [JavaFX-Launcher] com.zaxxer.hikari.HikariDataSource       : HikariPool-1 - Start completed.
2024-11-26T00:03:26.583-05:00  INFO 17096 --- [SysPasteleriaDulcesitoFx] [JavaFX-Launcher] o.h.e.t.j.p.i.JtaPlatformInitiator       : HHH000489: No JTA platform available (set 'hibernate.transaction.jta.platform' to enable JTA platform integration)
2024-11-26T00:03:26.622-05:00  INFO 17096 --- [SysPasteleriaDulcesitoFx] [JavaFX-Launcher] j.LocalContainerEntityManagerFactoryBean : Initialized JPA EntityManagerFactory for persistence unit 'default'
2024-11-26T00:03:27.066-05:00  INFO 17096 --- [SysPasteleriaDulcesitoFx] [JavaFX-Launcher] o.s.d.j.r.query.QueryEnhancerFactory     : Hibernate is in classpath; If applicable, HQL parser will be used.
2024-11-26T00:03:27.842-05:00  INFO 17096 --- [SysPasteleriaDulcesitoFx] [JavaFX-Launcher] o.s.boot.SpringApplication               : Started application in 5.567 seconds (process running for 6.487)
2024-11-26T00:11:57.295-05:00  INFO 17096 --- [SysPasteleriaDulcesitoFx] [SpringApplicationShutdownHook] j.LocalContainerEntityManagerFactoryBean : Closing JPA EntityManagerFactory for persistence unit 'default'
2024-11-26T00:11:57.315-05:00  INFO 17096 --- [SysPasteleriaDulcesitoFx] [SpringApplicationShutdownHook] com.zaxxer.hikari.HikariDataSource       : HikariPool-1 - Shutdown initiated...
2024-11-26T00:11:57.323-05:00  INFO 17096 --- [SysPasteleriaDulcesitoFx] [SpringApplicationShutdownHook] com.zaxxer.hikari.HikariDataSource       : HikariPool-1 - Shutdown completed.
2024-11-26T00:12:03.620-05:00  INFO 10620 --- [SysPasteleriaDulcesitoFx] [JavaFX-Launcher] o.s.boot.SpringApplication               : Starting application using Java 18.0.2 with PID 10620 (started by ASUS in D:\Omar 2\PROYECTO-FINAL-U2-main (1)\PROYECTO-FINAL-U2-main\SysPasteleriaDulcesitoFx\SysPasteleriaDulcesitoFx)
2024-11-26T00:12:03.626-05:00  INFO 10620 --- [SysPasteleriaDulcesitoFx] [JavaFX-Launcher] o.s.boot.SpringApplication               : No active profile set, falling back to 1 default profile: "default"
2024-11-26T00:12:04.595-05:00  INFO 10620 --- [SysPasteleriaDulcesitoFx] [JavaFX-Launcher] .s.d.r.c.RepositoryConfigurationDelegate : Bootstrapping Spring Data JPA repositories in DEFAULT mode.
2024-11-26T00:12:04.805-05:00  INFO 10620 --- [SysPasteleriaDulcesitoFx] [JavaFX-Launcher] .s.d.r.c.RepositoryConfigurationDelegate : Finished Spring Data repository scanning in 191 ms. Found 15 JPA repository interfaces.
2024-11-26T00:12:05.544-05:00  INFO 10620 --- [SysPasteleriaDulcesitoFx] [JavaFX-Launcher] o.hibernate.jpa.internal.util.LogHelper  : HHH000204: Processing PersistenceUnitInfo [name: default]
2024-11-26T00:12:05.620-05:00  INFO 10620 --- [SysPasteleriaDulcesitoFx] [JavaFX-Launcher] org.hibernate.Version                    : HHH000412: Hibernate ORM core version 6.5.3.Final
2024-11-26T00:12:05.648-05:00  INFO 10620 --- [SysPasteleriaDulcesitoFx] [JavaFX-Launcher] o.h.c.internal.RegionFactoryInitiator    : HHH000026: Second-level cache disabled
2024-11-26T00:12:05.958-05:00  INFO 10620 --- [SysPasteleriaDulcesitoFx] [JavaFX-Launcher] o.s.o.j.p.SpringPersistenceUnitInfo      : No LoadTimeWeaver setup: ignoring JPA class transformer
2024-11-26T00:12:05.986-05:00  INFO 10620 --- [SysPasteleriaDulcesitoFx] [JavaFX-Launcher] com.zaxxer.hikari.HikariDataSource       : HikariPool-1 - Starting...
2024-11-26T00:12:06.355-05:00  INFO 10620 --- [SysPasteleriaDulcesitoFx] [JavaFX-Launcher] com.zaxxer.hikari.pool.HikariPool        : HikariPool-1 - Added connection org.sqlite.jdbc4.JDBC4Connection@1a6d1d87
2024-11-26T00:12:06.358-05:00  INFO 10620 --- [SysPasteleriaDulcesitoFx] [JavaFX-Launcher] com.zaxxer.hikari.HikariDataSource       : HikariPool-1 - Start completed.
2024-11-26T00:12:07.902-05:00  INFO 10620 --- [SysPasteleriaDulcesitoFx] [JavaFX-Launcher] o.h.e.t.j.p.i.JtaPlatformInitiator       : HHH000489: No JTA platform available (set 'hibernate.transaction.jta.platform' to enable JTA platform integration)
2024-11-26T00:12:07.938-05:00  INFO 10620 --- [SysPasteleriaDulcesitoFx] [JavaFX-Launcher] j.LocalContainerEntityManagerFactoryBean : Initialized JPA EntityManagerFactory for persistence unit 'default'
2024-11-26T00:12:08.463-05:00  INFO 10620 --- [SysPasteleriaDulcesitoFx] [JavaFX-Launcher] o.s.d.j.r.query.QueryEnhancerFactory     : Hibernate is in classpath; If applicable, HQL parser will be used.
2024-11-26T00:12:09.490-05:00  INFO 10620 --- [SysPasteleriaDulcesitoFx] [JavaFX-Launcher] o.s.boot.SpringApplication               : Started application in 6.513 seconds (process running for 7.181)
2024-11-26T00:12:31.872-05:00  WARN 10620 --- [SysPasteleriaDulcesitoFx] [JavaFX Application Thread] javafx.css                               : CSS Error parsing '*{-fx-background-color: #FFDAB9; -fx-text-fill: <?xml version="1.0" encoding="UTF-8"?><?import javafx.scene.control.Label?><Label fx:id="lbnMsg" maxHeight="1.7976931348623157E308" maxWidth="1.7976931348623157E308" prefHeight="47.0" prefWidth="398.0" style="-fx-text-fill: #D35400;" xmlns="http://javafx.com/javafx/17.0.2-ea" xmlns:fx="http://javafx.com/fxml/1" />;}: Unexpected token '<' at [1,48]
2024-11-26T00:13:23.440-05:00  INFO 10620 --- [SysPasteleriaDulcesitoFx] [SpringApplicationShutdownHook] j.LocalContainerEntityManagerFactoryBean : Closing JPA EntityManagerFactory for persistence unit 'default'
2024-11-26T00:13:23.443-05:00  INFO 10620 --- [SysPasteleriaDulcesitoFx] [SpringApplicationShutdownHook] com.zaxxer.hikari.HikariDataSource       : HikariPool-1 - Shutdown initiated...
2024-11-26T00:13:23.448-05:00  INFO 10620 --- [SysPasteleriaDulcesitoFx] [SpringApplicationShutdownHook] com.zaxxer.hikari.HikariDataSource       : HikariPool-1 - Shutdown completed.
2024-11-26T00:13:26.011-05:00  INFO 1188 --- [SysPasteleriaDulcesitoFx] [JavaFX-Launcher] o.s.boot.SpringApplication               : Starting application using Java 18.0.2 with PID 1188 (started by ASUS in D:\Omar 2\PROYECTO-FINAL-U2-main (1)\PROYECTO-FINAL-U2-main\SysPasteleriaDulcesitoFx\SysPasteleriaDulcesitoFx)
2024-11-26T00:13:26.018-05:00  INFO 1188 --- [SysPasteleriaDulcesitoFx] [JavaFX-Launcher] o.s.boot.SpringApplication               : No active profile set, falling back to 1 default profile: "default"
2024-11-26T00:13:26.823-05:00  INFO 1188 --- [SysPasteleriaDulcesitoFx] [JavaFX-Launcher] .s.d.r.c.RepositoryConfigurationDelegate : Bootstrapping Spring Data JPA repositories in DEFAULT mode.
2024-11-26T00:13:26.905-05:00  INFO 1188 --- [SysPasteleriaDulcesitoFx] [JavaFX-Launcher] .s.d.r.c.RepositoryConfigurationDelegate : Finished Spring Data repository scanning in 75 ms. Found 15 JPA repository interfaces.
2024-11-26T00:13:27.522-05:00  INFO 1188 --- [SysPasteleriaDulcesitoFx] [JavaFX-Launcher] o.hibernate.jpa.internal.util.LogHelper  : HHH000204: Processing PersistenceUnitInfo [name: default]
2024-11-26T00:13:27.569-05:00  INFO 1188 --- [SysPasteleriaDulcesitoFx] [JavaFX-Launcher] org.hibernate.Version                    : HHH000412: Hibernate ORM core version 6.5.3.Final
2024-11-26T00:13:27.615-05:00  INFO 1188 --- [SysPasteleriaDulcesitoFx] [JavaFX-Launcher] o.h.c.internal.RegionFactoryInitiator    : HHH000026: Second-level cache disabled
2024-11-26T00:13:27.911-05:00  INFO 1188 --- [SysPasteleriaDulcesitoFx] [JavaFX-Launcher] o.s.o.j.p.SpringPersistenceUnitInfo      : No LoadTimeWeaver setup: ignoring JPA class transformer
2024-11-26T00:13:27.940-05:00  INFO 1188 --- [SysPasteleriaDulcesitoFx] [JavaFX-Launcher] com.zaxxer.hikari.HikariDataSource       : HikariPool-1 - Starting...
2024-11-26T00:13:28.166-05:00  INFO 1188 --- [SysPasteleriaDulcesitoFx] [JavaFX-Launcher] com.zaxxer.hikari.pool.HikariPool        : HikariPool-1 - Added connection org.sqlite.jdbc4.JDBC4Connection@3b8fb99f
2024-11-26T00:13:28.167-05:00  INFO 1188 --- [SysPasteleriaDulcesitoFx] [JavaFX-Launcher] com.zaxxer.hikari.HikariDataSource       : HikariPool-1 - Start completed.
2024-11-26T00:13:29.240-05:00  INFO 1188 --- [SysPasteleriaDulcesitoFx] [JavaFX-Launcher] o.h.e.t.j.p.i.JtaPlatformInitiator       : HHH000489: No JTA platform available (set 'hibernate.transaction.jta.platform' to enable JTA platform integration)
2024-11-26T00:13:29.286-05:00  INFO 1188 --- [SysPasteleriaDulcesitoFx] [JavaFX-Launcher] j.LocalContainerEntityManagerFactoryBean : Initialized JPA EntityManagerFactory for persistence unit 'default'
2024-11-26T00:13:29.631-05:00  INFO 1188 --- [SysPasteleriaDulcesitoFx] [JavaFX-Launcher] o.s.d.j.r.query.QueryEnhancerFactory     : Hibernate is in classpath; If applicable, HQL parser will be used.
2024-11-26T00:13:30.369-05:00  INFO 1188 --- [SysPasteleriaDulcesitoFx] [JavaFX-Launcher] o.s.boot.SpringApplication               : Started application in 5.059 seconds (process running for 5.778)
2024-11-26T00:14:57.445-05:00  INFO 1188 --- [SysPasteleriaDulcesitoFx] [SpringApplicationShutdownHook] j.LocalContainerEntityManagerFactoryBean : Closing JPA EntityManagerFactory for persistence unit 'default'
2024-11-26T00:14:57.447-05:00  INFO 1188 --- [SysPasteleriaDulcesitoFx] [SpringApplicationShutdownHook] com.zaxxer.hikari.HikariDataSource       : HikariPool-1 - Shutdown initiated...
2024-11-26T00:14:57.450-05:00  INFO 1188 --- [SysPasteleriaDulcesitoFx] [SpringApplicationShutdownHook] com.zaxxer.hikari.HikariDataSource       : HikariPool-1 - Shutdown completed.
2024-11-26T00:15:01.437-05:00  INFO 16224 --- [SysPasteleriaDulcesitoFx] [JavaFX-Launcher] o.s.boot.SpringApplication               : Starting application using Java 18.0.2 with PID 16224 (started by ASUS in D:\Omar 2\PROYECTO-FINAL-U2-main (1)\PROYECTO-FINAL-U2-main\SysPasteleriaDulcesitoFx\SysPasteleriaDulcesitoFx)
2024-11-26T00:15:01.442-05:00  INFO 16224 --- [SysPasteleriaDulcesitoFx] [JavaFX-Launcher] o.s.boot.SpringApplication               : No active profile set, falling back to 1 default profile: "default"
2024-11-26T00:15:02.299-05:00  INFO 16224 --- [SysPasteleriaDulcesitoFx] [JavaFX-Launcher] .s.d.r.c.RepositoryConfigurationDelegate : Bootstrapping Spring Data JPA repositories in DEFAULT mode.
2024-11-26T00:15:02.379-05:00  INFO 16224 --- [SysPasteleriaDulcesitoFx] [JavaFX-Launcher] .s.d.r.c.RepositoryConfigurationDelegate : Finished Spring Data repository scanning in 73 ms. Found 15 JPA repository interfaces.
2024-11-26T00:15:02.987-05:00  INFO 16224 --- [SysPasteleriaDulcesitoFx] [JavaFX-Launcher] o.hibernate.jpa.internal.util.LogHelper  : HHH000204: Processing PersistenceUnitInfo [name: default]
2024-11-26T00:15:03.045-05:00  INFO 16224 --- [SysPasteleriaDulcesitoFx] [JavaFX-Launcher] org.hibernate.Version                    : HHH000412: Hibernate ORM core version 6.5.3.Final
2024-11-26T00:15:03.104-05:00  INFO 16224 --- [SysPasteleriaDulcesitoFx] [JavaFX-Launcher] o.h.c.internal.RegionFactoryInitiator    : HHH000026: Second-level cache disabled
2024-11-26T00:15:03.466-05:00  INFO 16224 --- [SysPasteleriaDulcesitoFx] [JavaFX-Launcher] o.s.o.j.p.SpringPersistenceUnitInfo      : No LoadTimeWeaver setup: ignoring JPA class transformer
2024-11-26T00:15:03.489-05:00  INFO 16224 --- [SysPasteleriaDulcesitoFx] [JavaFX-Launcher] com.zaxxer.hikari.HikariDataSource       : HikariPool-1 - Starting...
2024-11-26T00:15:03.723-05:00  INFO 16224 --- [SysPasteleriaDulcesitoFx] [JavaFX-Launcher] com.zaxxer.hikari.pool.HikariPool        : HikariPool-1 - Added connection org.sqlite.jdbc4.JDBC4Connection@64a847c9
2024-11-26T00:15:03.725-05:00  INFO 16224 --- [SysPasteleriaDulcesitoFx] [JavaFX-Launcher] com.zaxxer.hikari.HikariDataSource       : HikariPool-1 - Start completed.
2024-11-26T00:15:04.765-05:00  INFO 16224 --- [SysPasteleriaDulcesitoFx] [JavaFX-Launcher] o.h.e.t.j.p.i.JtaPlatformInitiator       : HHH000489: No JTA platform available (set 'hibernate.transaction.jta.platform' to enable JTA platform integration)
2024-11-26T00:15:04.809-05:00  INFO 16224 --- [SysPasteleriaDulcesitoFx] [JavaFX-Launcher] j.LocalContainerEntityManagerFactoryBean : Initialized JPA EntityManagerFactory for persistence unit 'default'
2024-11-26T00:15:05.227-05:00  INFO 16224 --- [SysPasteleriaDulcesitoFx] [JavaFX-Launcher] o.s.d.j.r.query.QueryEnhancerFactory     : Hibernate is in classpath; If applicable, HQL parser will be used.
2024-11-26T00:15:05.956-05:00  INFO 16224 --- [SysPasteleriaDulcesitoFx] [JavaFX-Launcher] o.s.boot.SpringApplication               : Started application in 5.219 seconds (process running for 5.86)
2024-11-26T00:15:46.395-05:00  WARN 16224 --- [SysPasteleriaDulcesitoFx] [JavaFX Application Thread] o.h.engine.jdbc.spi.SqlExceptionHelper   : SQL Error: 19, SQLState: null
2024-11-26T00:15:46.395-05:00 ERROR 16224 --- [SysPasteleriaDulcesitoFx] [JavaFX Application Thread] o.h.engine.jdbc.spi.SqlExceptionHelper   : [SQLITE_CONSTRAINT_NOTNULL] A NOT NULL constraint failed (NOT NULL constraint failed: upeu_proveedor.tipo_doc)
2024-11-26T00:19:08.665-05:00  INFO 16224 --- [SysPasteleriaDulcesitoFx] [SpringApplicationShutdownHook] j.LocalContainerEntityManagerFactoryBean : Closing JPA EntityManagerFactory for persistence unit 'default'
2024-11-26T00:19:08.720-05:00  INFO 16224 --- [SysPasteleriaDulcesitoFx] [SpringApplicationShutdownHook] com.zaxxer.hikari.HikariDataSource       : HikariPool-1 - Shutdown initiated...
2024-11-26T00:19:08.737-05:00  INFO 16224 --- [SysPasteleriaDulcesitoFx] [SpringApplicationShutdownHook] com.zaxxer.hikari.HikariDataSource       : HikariPool-1 - Shutdown completed.
2024-11-26T00:19:12.046-05:00  INFO 10600 --- [SysPasteleriaDulcesitoFx] [JavaFX-Launcher] o.s.boot.SpringApplication               : Starting application using Java 18.0.2 with PID 10600 (started by ASUS in D:\Omar 2\PROYECTO-FINAL-U2-main (1)\PROYECTO-FINAL-U2-main\SysPasteleriaDulcesitoFx\SysPasteleriaDulcesitoFx)
2024-11-26T00:19:12.049-05:00  INFO 10600 --- [SysPasteleriaDulcesitoFx] [JavaFX-Launcher] o.s.boot.SpringApplication               : No active profile set, falling back to 1 default profile: "default"
2024-11-26T00:19:12.826-05:00  INFO 10600 --- [SysPasteleriaDulcesitoFx] [JavaFX-Launcher] .s.d.r.c.RepositoryConfigurationDelegate : Bootstrapping Spring Data JPA repositories in DEFAULT mode.
2024-11-26T00:19:12.915-05:00  INFO 10600 --- [SysPasteleriaDulcesitoFx] [JavaFX-Launcher] .s.d.r.c.RepositoryConfigurationDelegate : Finished Spring Data repository scanning in 81 ms. Found 15 JPA repository interfaces.
2024-11-26T00:19:13.482-05:00  INFO 10600 --- [SysPasteleriaDulcesitoFx] [JavaFX-Launcher] o.hibernate.jpa.internal.util.LogHelper  : HHH000204: Processing PersistenceUnitInfo [name: default]
2024-11-26T00:19:13.535-05:00  INFO 10600 --- [SysPasteleriaDulcesitoFx] [JavaFX-Launcher] org.hibernate.Version                    : HHH000412: Hibernate ORM core version 6.5.3.Final
2024-11-26T00:19:13.576-05:00  INFO 10600 --- [SysPasteleriaDulcesitoFx] [JavaFX-Launcher] o.h.c.internal.RegionFactoryInitiator    : HHH000026: Second-level cache disabled
2024-11-26T00:19:13.928-05:00  INFO 10600 --- [SysPasteleriaDulcesitoFx] [JavaFX-Launcher] o.s.o.j.p.SpringPersistenceUnitInfo      : No LoadTimeWeaver setup: ignoring JPA class transformer
2024-11-26T00:19:13.957-05:00  INFO 10600 --- [SysPasteleriaDulcesitoFx] [JavaFX-Launcher] com.zaxxer.hikari.HikariDataSource       : HikariPool-1 - Starting...
2024-11-26T00:19:14.120-05:00  INFO 10600 --- [SysPasteleriaDulcesitoFx] [JavaFX-Launcher] com.zaxxer.hikari.pool.HikariPool        : HikariPool-1 - Added connection org.sqlite.jdbc4.JDBC4Connection@6609b8be
2024-11-26T00:19:14.121-05:00  INFO 10600 --- [SysPasteleriaDulcesitoFx] [JavaFX-Launcher] com.zaxxer.hikari.HikariDataSource       : HikariPool-1 - Start completed.
2024-11-26T00:19:15.183-05:00  INFO 10600 --- [SysPasteleriaDulcesitoFx] [JavaFX-Launcher] o.h.e.t.j.p.i.JtaPlatformInitiator       : HHH000489: No JTA platform available (set 'hibernate.transaction.jta.platform' to enable JTA platform integration)
2024-11-26T00:19:15.217-05:00  INFO 10600 --- [SysPasteleriaDulcesitoFx] [JavaFX-Launcher] j.LocalContainerEntityManagerFactoryBean : Initialized JPA EntityManagerFactory for persistence unit 'default'
2024-11-26T00:19:15.635-05:00  INFO 10600 --- [SysPasteleriaDulcesitoFx] [JavaFX-Launcher] o.s.d.j.r.query.QueryEnhancerFactory     : Hibernate is in classpath; If applicable, HQL parser will be used.
2024-11-26T00:19:16.454-05:00  INFO 10600 --- [SysPasteleriaDulcesitoFx] [JavaFX-Launcher] o.s.boot.SpringApplication               : Started application in 4.946 seconds (process running for 6.06)
2024-11-26T00:20:06.291-05:00  WARN 10600 --- [SysPasteleriaDulcesitoFx] [JavaFX Application Thread] o.h.engine.jdbc.spi.SqlExceptionHelper   : SQL Error: 19, SQLState: null
2024-11-26T00:20:06.292-05:00 ERROR 10600 --- [SysPasteleriaDulcesitoFx] [JavaFX Application Thread] o.h.engine.jdbc.spi.SqlExceptionHelper   : [SQLITE_CONSTRAINT_NOTNULL] A NOT NULL constraint failed (NOT NULL constraint failed: upeu_proveedor.tipo_doc)
2024-11-26T00:27:33.692-05:00  INFO 10600 --- [SysPasteleriaDulcesitoFx] [SpringApplicationShutdownHook] j.LocalContainerEntityManagerFactoryBean : Closing JPA EntityManagerFactory for persistence unit 'default'
2024-11-26T00:27:33.734-05:00  INFO 10600 --- [SysPasteleriaDulcesitoFx] [SpringApplicationShutdownHook] com.zaxxer.hikari.HikariDataSource       : HikariPool-1 - Shutdown initiated...
2024-11-26T00:27:33.749-05:00  INFO 10600 --- [SysPasteleriaDulcesitoFx] [SpringApplicationShutdownHook] com.zaxxer.hikari.HikariDataSource       : HikariPool-1 - Shutdown completed.
2024-11-26T00:27:37.971-05:00  INFO 17460 --- [SysPasteleriaDulcesitoFx] [JavaFX-Launcher] o.s.boot.SpringApplication               : Starting application using Java 18.0.2 with PID 17460 (started by ASUS in D:\Omar 2\PROYECTO-FINAL-U2-main (1)\PROYECTO-FINAL-U2-main\SysPasteleriaDulcesitoFx\SysPasteleriaDulcesitoFx)
2024-11-26T00:27:37.972-05:00  INFO 17460 --- [SysPasteleriaDulcesitoFx] [JavaFX-Launcher] o.s.boot.SpringApplication               : No active profile set, falling back to 1 default profile: "default"
2024-11-26T00:27:38.651-05:00  INFO 17460 --- [SysPasteleriaDulcesitoFx] [JavaFX-Launcher] .s.d.r.c.RepositoryConfigurationDelegate : Bootstrapping Spring Data JPA repositories in DEFAULT mode.
2024-11-26T00:27:38.725-05:00  INFO 17460 --- [SysPasteleriaDulcesitoFx] [JavaFX-Launcher] .s.d.r.c.RepositoryConfigurationDelegate : Finished Spring Data repository scanning in 67 ms. Found 15 JPA repository interfaces.
2024-11-26T00:27:39.240-05:00  INFO 17460 --- [SysPasteleriaDulcesitoFx] [JavaFX-Launcher] o.hibernate.jpa.internal.util.LogHelper  : HHH000204: Processing PersistenceUnitInfo [name: default]
2024-11-26T00:27:39.314-05:00  INFO 17460 --- [SysPasteleriaDulcesitoFx] [JavaFX-Launcher] org.hibernate.Version                    : HHH000412: Hibernate ORM core version 6.5.3.Final
2024-11-26T00:27:39.358-05:00  INFO 17460 --- [SysPasteleriaDulcesitoFx] [JavaFX-Launcher] o.h.c.internal.RegionFactoryInitiator    : HHH000026: Second-level cache disabled
2024-11-26T00:27:39.712-05:00  INFO 17460 --- [SysPasteleriaDulcesitoFx] [JavaFX-Launcher] o.s.o.j.p.SpringPersistenceUnitInfo      : No LoadTimeWeaver setup: ignoring JPA class transformer
2024-11-26T00:27:39.749-05:00  INFO 17460 --- [SysPasteleriaDulcesitoFx] [JavaFX-Launcher] com.zaxxer.hikari.HikariDataSource       : HikariPool-1 - Starting...
2024-11-26T00:27:40.008-05:00  INFO 17460 --- [SysPasteleriaDulcesitoFx] [JavaFX-Launcher] com.zaxxer.hikari.pool.HikariPool        : HikariPool-1 - Added connection org.sqlite.jdbc4.JDBC4Connection@680cfa4b
2024-11-26T00:27:40.009-05:00  INFO 17460 --- [SysPasteleriaDulcesitoFx] [JavaFX-Launcher] com.zaxxer.hikari.HikariDataSource       : HikariPool-1 - Start completed.
2024-11-26T00:27:41.401-05:00  INFO 17460 --- [SysPasteleriaDulcesitoFx] [JavaFX-Launcher] o.h.e.t.j.p.i.JtaPlatformInitiator       : HHH000489: No JTA platform available (set 'hibernate.transaction.jta.platform' to enable JTA platform integration)
2024-11-26T00:27:41.441-05:00  INFO 17460 --- [SysPasteleriaDulcesitoFx] [JavaFX-Launcher] j.LocalContainerEntityManagerFactoryBean : Initialized JPA EntityManagerFactory for persistence unit 'default'
2024-11-26T00:27:41.826-05:00  INFO 17460 --- [SysPasteleriaDulcesitoFx] [JavaFX-Launcher] o.s.d.j.r.query.QueryEnhancerFactory     : Hibernate is in classpath; If applicable, HQL parser will be used.
2024-11-26T00:27:42.672-05:00  INFO 17460 --- [SysPasteleriaDulcesitoFx] [JavaFX-Launcher] o.s.boot.SpringApplication               : Started application in 5.181 seconds (process running for 5.814)
2024-11-26T00:28:22.980-05:00  WARN 17460 --- [SysPasteleriaDulcesitoFx] [JavaFX Application Thread] o.h.engine.jdbc.spi.SqlExceptionHelper   : SQL Error: 19, SQLState: null
2024-11-26T00:28:22.981-05:00 ERROR 17460 --- [SysPasteleriaDulcesitoFx] [JavaFX Application Thread] o.h.engine.jdbc.spi.SqlExceptionHelper   : [SQLITE_CONSTRAINT_NOTNULL] A NOT NULL constraint failed (NOT NULL constraint failed: upeu_proveedor.tipo_doc)
2024-11-26T00:30:04.360-05:00  WARN 17460 --- [SysPasteleriaDulcesitoFx] [JavaFX Application Thread] javafx.css                               : CSS Error parsing '*{-fx-background-color: #FFDAB9; -fx-text-fill: <?xml version="1.0" encoding="UTF-8"?><?import javafx.scene.control.Label?><Label fx:id="lbnMsg" maxHeight="1.7976931348623157E308" maxWidth="1.7976931348623157E308" prefHeight="47.0" prefWidth="398.0" style="-fx-text-fill: #D35400;" xmlns="http://javafx.com/javafx/17.0.2-ea" xmlns:fx="http://javafx.com/fxml/1" />;}: Unexpected token '<' at [1,48]
2024-11-26T00:37:21.916-05:00  INFO 17460 --- [SysPasteleriaDulcesitoFx] [JavaFX Application Thread] j.LocalContainerEntityManagerFactoryBean : Closing JPA EntityManagerFactory for persistence unit 'default'
2024-11-26T00:37:21.945-05:00  INFO 17460 --- [SysPasteleriaDulcesitoFx] [JavaFX Application Thread] com.zaxxer.hikari.HikariDataSource       : HikariPool-1 - Shutdown initiated...
2024-11-26T00:37:21.957-05:00  INFO 17460 --- [SysPasteleriaDulcesitoFx] [JavaFX Application Thread] com.zaxxer.hikari.HikariDataSource       : HikariPool-1 - Shutdown completed.
2024-11-26T00:37:30.158-05:00  INFO 21028 --- [SysPasteleriaDulcesitoFx] [JavaFX-Launcher] o.s.boot.SpringApplication               : Starting application using Java 18.0.2 with PID 21028 (started by ASUS in D:\Omar 2\PROYECTO-FINAL-U2-main (1)\PROYECTO-FINAL-U2-main\SysPasteleriaDulcesitoFx\SysPasteleriaDulcesitoFx)
2024-11-26T00:37:30.161-05:00  INFO 21028 --- [SysPasteleriaDulcesitoFx] [JavaFX-Launcher] o.s.boot.SpringApplication               : No active profile set, falling back to 1 default profile: "default"
2024-11-26T00:37:30.871-05:00  INFO 21028 --- [SysPasteleriaDulcesitoFx] [JavaFX-Launcher] .s.d.r.c.RepositoryConfigurationDelegate : Bootstrapping Spring Data JPA repositories in DEFAULT mode.
2024-11-26T00:37:30.955-05:00  INFO 21028 --- [SysPasteleriaDulcesitoFx] [JavaFX-Launcher] .s.d.r.c.RepositoryConfigurationDelegate : Finished Spring Data repository scanning in 78 ms. Found 15 JPA repository interfaces.
2024-11-26T00:37:31.486-05:00  INFO 21028 --- [SysPasteleriaDulcesitoFx] [JavaFX-Launcher] o.hibernate.jpa.internal.util.LogHelper  : HHH000204: Processing PersistenceUnitInfo [name: default]
2024-11-26T00:37:31.557-05:00  INFO 21028 --- [SysPasteleriaDulcesitoFx] [JavaFX-Launcher] org.hibernate.Version                    : HHH000412: Hibernate ORM core version 6.5.3.Final
2024-11-26T00:37:31.590-05:00  INFO 21028 --- [SysPasteleriaDulcesitoFx] [JavaFX-Launcher] o.h.c.internal.RegionFactoryInitiator    : HHH000026: Second-level cache disabled
2024-11-26T00:37:31.955-05:00  INFO 21028 --- [SysPasteleriaDulcesitoFx] [JavaFX-Launcher] o.s.o.j.p.SpringPersistenceUnitInfo      : No LoadTimeWeaver setup: ignoring JPA class transformer
2024-11-26T00:37:31.987-05:00  INFO 21028 --- [SysPasteleriaDulcesitoFx] [JavaFX-Launcher] com.zaxxer.hikari.HikariDataSource       : HikariPool-1 - Starting...
2024-11-26T00:37:32.181-05:00  INFO 21028 --- [SysPasteleriaDulcesitoFx] [JavaFX-Launcher] com.zaxxer.hikari.pool.HikariPool        : HikariPool-1 - Added connection org.sqlite.jdbc4.JDBC4Connection@38bd3cff
2024-11-26T00:37:32.182-05:00  INFO 21028 --- [SysPasteleriaDulcesitoFx] [JavaFX-Launcher] com.zaxxer.hikari.HikariDataSource       : HikariPool-1 - Start completed.
2024-11-26T00:37:33.342-05:00  INFO 21028 --- [SysPasteleriaDulcesitoFx] [JavaFX-Launcher] o.h.e.t.j.p.i.JtaPlatformInitiator       : HHH000489: No JTA platform available (set 'hibernate.transaction.jta.platform' to enable JTA platform integration)
2024-11-26T00:37:33.374-05:00  INFO 21028 --- [SysPasteleriaDulcesitoFx] [JavaFX-Launcher] j.LocalContainerEntityManagerFactoryBean : Initialized JPA EntityManagerFactory for persistence unit 'default'
2024-11-26T00:37:33.784-05:00  INFO 21028 --- [SysPasteleriaDulcesitoFx] [JavaFX-Launcher] o.s.d.j.r.query.QueryEnhancerFactory     : Hibernate is in classpath; If applicable, HQL parser will be used.
2024-11-26T00:37:34.512-05:00  INFO 21028 --- [SysPasteleriaDulcesitoFx] [JavaFX-Launcher] o.s.boot.SpringApplication               : Started application in 4.857 seconds (process running for 5.619)
2024-11-26T00:40:27.467-05:00  WARN 21028 --- [SysPasteleriaDulcesitoFx] [JavaFX Application Thread] javafx.css                               : CSS Error parsing '*{-fx-background-color: #FFDAB9; -fx-text-fill: <?xml version="1.0" encoding="UTF-8"?><?import javafx.scene.control.Label?><Label fx:id="lbnMsg" maxHeight="1.7976931348623157E308" maxWidth="1.7976931348623157E308" prefHeight="47.0" prefWidth="398.0" style="-fx-text-fill: #D35400;" xmlns="http://javafx.com/javafx/17.0.2-ea" xmlns:fx="http://javafx.com/fxml/1" />;}: Unexpected token '<' at [1,48]
2024-11-26T00:41:38.011-05:00  WARN 21028 --- [SysPasteleriaDulcesitoFx] [JavaFX Application Thread] javafx.css                               : CSS Error parsing '*{-fx-background-color: #FFDAB9; -fx-text-fill: <?xml version="1.0" encoding="UTF-8"?><?import javafx.scene.control.Label?><Label fx:id="lbnMsg" maxHeight="1.7976931348623157E308" maxWidth="1.7976931348623157E308" prefHeight="47.0" prefWidth="398.0" style="-fx-text-fill: #D35400;" xmlns="http://javafx.com/javafx/17.0.2-ea" xmlns:fx="http://javafx.com/fxml/1" />;}: Unexpected token '<' at [1,48]
2024-11-26T00:45:36.188-05:00  WARN 21028 --- [SysPasteleriaDulcesitoFx] [JavaFX Application Thread] javafx.css                               : CSS Error parsing '*{-fx-background-color: #FFDAB9; -fx-text-fill: <?xml version="1.0" encoding="UTF-8"?><?import javafx.scene.control.Label?><Label fx:id="lbnMsg" maxHeight="1.7976931348623157E308" maxWidth="1.7976931348623157E308" prefHeight="47.0" prefWidth="398.0" style="-fx-text-fill: #D35400;" xmlns="http://javafx.com/javafx/17.0.2-ea" xmlns:fx="http://javafx.com/fxml/1" />;}: Unexpected token '<' at [1,48]
2024-11-26T00:49:08.921-05:00  INFO 21028 --- [SysPasteleriaDulcesitoFx] [JavaFX Application Thread] j.LocalContainerEntityManagerFactoryBean : Closing JPA EntityManagerFactory for persistence unit 'default'
2024-11-26T00:49:08.956-05:00  INFO 21028 --- [SysPasteleriaDulcesitoFx] [JavaFX Application Thread] com.zaxxer.hikari.HikariDataSource       : HikariPool-1 - Shutdown initiated...
2024-11-26T00:49:08.996-05:00  INFO 21028 --- [SysPasteleriaDulcesitoFx] [JavaFX Application Thread] com.zaxxer.hikari.HikariDataSource       : HikariPool-1 - Shutdown completed.
2024-11-26T00:49:14.648-05:00  INFO 5700 --- [SysPasteleriaDulcesitoFx] [JavaFX-Launcher] o.s.boot.SpringApplication               : Starting application using Java 18.0.2 with PID 5700 (started by ASUS in D:\Omar 2\PROYECTO-FINAL-U2-main (1)\PROYECTO-FINAL-U2-main\SysPasteleriaDulcesitoFx\SysPasteleriaDulcesitoFx)
2024-11-26T00:49:14.650-05:00  INFO 5700 --- [SysPasteleriaDulcesitoFx] [JavaFX-Launcher] o.s.boot.SpringApplication               : No active profile set, falling back to 1 default profile: "default"
2024-11-26T00:49:15.333-05:00  INFO 5700 --- [SysPasteleriaDulcesitoFx] [JavaFX-Launcher] .s.d.r.c.RepositoryConfigurationDelegate : Bootstrapping Spring Data JPA repositories in DEFAULT mode.
2024-11-26T00:49:15.410-05:00  INFO 5700 --- [SysPasteleriaDulcesitoFx] [JavaFX-Launcher] .s.d.r.c.RepositoryConfigurationDelegate : Finished Spring Data repository scanning in 71 ms. Found 15 JPA repository interfaces.
2024-11-26T00:49:15.933-05:00  INFO 5700 --- [SysPasteleriaDulcesitoFx] [JavaFX-Launcher] o.hibernate.jpa.internal.util.LogHelper  : HHH000204: Processing PersistenceUnitInfo [name: default]
2024-11-26T00:49:15.994-05:00  INFO 5700 --- [SysPasteleriaDulcesitoFx] [JavaFX-Launcher] org.hibernate.Version                    : HHH000412: Hibernate ORM core version 6.5.3.Final
2024-11-26T00:49:16.023-05:00  INFO 5700 --- [SysPasteleriaDulcesitoFx] [JavaFX-Launcher] o.h.c.internal.RegionFactoryInitiator    : HHH000026: Second-level cache disabled
2024-11-26T00:49:16.316-05:00  INFO 5700 --- [SysPasteleriaDulcesitoFx] [JavaFX-Launcher] o.s.o.j.p.SpringPersistenceUnitInfo      : No LoadTimeWeaver setup: ignoring JPA class transformer
2024-11-26T00:49:16.344-05:00  INFO 5700 --- [SysPasteleriaDulcesitoFx] [JavaFX-Launcher] com.zaxxer.hikari.HikariDataSource       : HikariPool-1 - Starting...
2024-11-26T00:49:16.570-05:00  INFO 5700 --- [SysPasteleriaDulcesitoFx] [JavaFX-Launcher] com.zaxxer.hikari.pool.HikariPool        : HikariPool-1 - Added connection org.sqlite.jdbc4.JDBC4Connection@4df81b2f
2024-11-26T00:49:16.571-05:00  INFO 5700 --- [SysPasteleriaDulcesitoFx] [JavaFX-Launcher] com.zaxxer.hikari.HikariDataSource       : HikariPool-1 - Start completed.
2024-11-26T00:49:17.564-05:00  INFO 5700 --- [SysPasteleriaDulcesitoFx] [JavaFX-Launcher] o.h.e.t.j.p.i.JtaPlatformInitiator       : HHH000489: No JTA platform available (set 'hibernate.transaction.jta.platform' to enable JTA platform integration)
2024-11-26T00:49:17.601-05:00  INFO 5700 --- [SysPasteleriaDulcesitoFx] [JavaFX-Launcher] j.LocalContainerEntityManagerFactoryBean : Initialized JPA EntityManagerFactory for persistence unit 'default'
2024-11-26T00:49:17.891-05:00  INFO 5700 --- [SysPasteleriaDulcesitoFx] [JavaFX-Launcher] o.s.d.j.r.query.QueryEnhancerFactory     : Hibernate is in classpath; If applicable, HQL parser will be used.
2024-11-26T00:49:18.422-05:00  INFO 5700 --- [SysPasteleriaDulcesitoFx] [JavaFX-Launcher] o.s.boot.SpringApplication               : Started application in 4.282 seconds (process running for 5.003)
2024-11-26T00:49:27.498-05:00  INFO 5700 --- [SysPasteleriaDulcesitoFx] [JavaFX Application Thread] j.LocalContainerEntityManagerFactoryBean : Closing JPA EntityManagerFactory for persistence unit 'default'
2024-11-26T00:49:27.506-05:00  INFO 5700 --- [SysPasteleriaDulcesitoFx] [JavaFX Application Thread] com.zaxxer.hikari.HikariDataSource       : HikariPool-1 - Shutdown initiated...
2024-11-26T00:49:27.512-05:00  INFO 5700 --- [SysPasteleriaDulcesitoFx] [JavaFX Application Thread] com.zaxxer.hikari.HikariDataSource       : HikariPool-1 - Shutdown completed.
2024-11-26T00:53:54.150-05:00  INFO 15024 --- [SysPasteleriaDulcesitoFx] [JavaFX-Launcher] o.s.boot.SpringApplication               : Starting application using Java 18.0.2 with PID 15024 (started by ASUS in D:\Omar 2\PROYECTO-FINAL-U2-main (1)\PROYECTO-FINAL-U2-main\SysPasteleriaDulcesitoFx\SysPasteleriaDulcesitoFx)
2024-11-26T00:53:54.152-05:00  INFO 15024 --- [SysPasteleriaDulcesitoFx] [JavaFX-Launcher] o.s.boot.SpringApplication               : No active profile set, falling back to 1 default profile: "default"
2024-11-26T00:53:54.822-05:00  INFO 15024 --- [SysPasteleriaDulcesitoFx] [JavaFX-Launcher] .s.d.r.c.RepositoryConfigurationDelegate : Bootstrapping Spring Data JPA repositories in DEFAULT mode.
2024-11-26T00:53:54.893-05:00  INFO 15024 --- [SysPasteleriaDulcesitoFx] [JavaFX-Launcher] .s.d.r.c.RepositoryConfigurationDelegate : Finished Spring Data repository scanning in 64 ms. Found 15 JPA repository interfaces.
2024-11-26T00:53:55.364-05:00  INFO 15024 --- [SysPasteleriaDulcesitoFx] [JavaFX-Launcher] o.hibernate.jpa.internal.util.LogHelper  : HHH000204: Processing PersistenceUnitInfo [name: default]
2024-11-26T00:53:55.418-05:00  INFO 15024 --- [SysPasteleriaDulcesitoFx] [JavaFX-Launcher] org.hibernate.Version                    : HHH000412: Hibernate ORM core version 6.5.3.Final
2024-11-26T00:53:55.446-05:00  INFO 15024 --- [SysPasteleriaDulcesitoFx] [JavaFX-Launcher] o.h.c.internal.RegionFactoryInitiator    : HHH000026: Second-level cache disabled
2024-11-26T00:53:55.731-05:00  INFO 15024 --- [SysPasteleriaDulcesitoFx] [JavaFX-Launcher] o.s.o.j.p.SpringPersistenceUnitInfo      : No LoadTimeWeaver setup: ignoring JPA class transformer
2024-11-26T00:53:55.760-05:00  INFO 15024 --- [SysPasteleriaDulcesitoFx] [JavaFX-Launcher] com.zaxxer.hikari.HikariDataSource       : HikariPool-1 - Starting...
2024-11-26T00:53:55.970-05:00  INFO 15024 --- [SysPasteleriaDulcesitoFx] [JavaFX-Launcher] com.zaxxer.hikari.pool.HikariPool        : HikariPool-1 - Added connection org.sqlite.jdbc4.JDBC4Connection@4f88ef1b
2024-11-26T00:53:55.971-05:00  INFO 15024 --- [SysPasteleriaDulcesitoFx] [JavaFX-Launcher] com.zaxxer.hikari.HikariDataSource       : HikariPool-1 - Start completed.
2024-11-26T00:53:57.013-05:00  INFO 15024 --- [SysPasteleriaDulcesitoFx] [JavaFX-Launcher] o.h.e.t.j.p.i.JtaPlatformInitiator       : HHH000489: No JTA platform available (set 'hibernate.transaction.jta.platform' to enable JTA platform integration)
2024-11-26T00:53:57.046-05:00  INFO 15024 --- [SysPasteleriaDulcesitoFx] [JavaFX-Launcher] j.LocalContainerEntityManagerFactoryBean : Initialized JPA EntityManagerFactory for persistence unit 'default'
2024-11-26T00:53:57.407-05:00  INFO 15024 --- [SysPasteleriaDulcesitoFx] [JavaFX-Launcher] o.s.d.j.r.query.QueryEnhancerFactory     : Hibernate is in classpath; If applicable, HQL parser will be used.
2024-11-26T00:53:57.957-05:00  INFO 15024 --- [SysPasteleriaDulcesitoFx] [JavaFX-Launcher] o.s.boot.SpringApplication               : Started application in 4.313 seconds (process running for 4.901)
2024-11-26T00:54:27.998-05:00  WARN 15024 --- [SysPasteleriaDulcesitoFx] [JavaFX Application Thread] o.h.engine.jdbc.spi.SqlExceptionHelper   : SQL Error: 19, SQLState: null
2024-11-26T00:54:27.999-05:00 ERROR 15024 --- [SysPasteleriaDulcesitoFx] [JavaFX Application Thread] o.h.engine.jdbc.spi.SqlExceptionHelper   : [SQLITE_CONSTRAINT_NOTNULL] A NOT NULL constraint failed (NOT NULL constraint failed: upeu_proveedor.tipo_doc)
2024-11-26T00:58:33.842-05:00  WARN 15024 --- [SysPasteleriaDulcesitoFx] [JavaFX Application Thread] javafx.css                               : CSS Error parsing '*{-fx-background-color: #FFDAB9; -fx-text-fill: <?xml version="1.0" encoding="UTF-8"?><?import javafx.scene.control.Label?><Label fx:id="lbnMsg" maxHeight="1.7976931348623157E308" maxWidth="1.7976931348623157E308" prefHeight="47.0" prefWidth="398.0" style="-fx-text-fill: #D35400;" xmlns="http://javafx.com/javafx/17.0.2-ea" xmlns:fx="http://javafx.com/fxml/1" />;}: Unexpected token '<' at [1,48]
2024-11-26T01:06:36.814-05:00  INFO 15024 --- [SysPasteleriaDulcesitoFx] [SpringApplicationShutdownHook] j.LocalContainerEntityManagerFactoryBean : Closing JPA EntityManagerFactory for persistence unit 'default'
2024-11-26T01:06:36.865-05:00  INFO 15024 --- [SysPasteleriaDulcesitoFx] [SpringApplicationShutdownHook] com.zaxxer.hikari.HikariDataSource       : HikariPool-1 - Shutdown initiated...
2024-11-26T01:06:36.890-05:00  INFO 15024 --- [SysPasteleriaDulcesitoFx] [SpringApplicationShutdownHook] com.zaxxer.hikari.HikariDataSource       : HikariPool-1 - Shutdown completed.
2024-11-26T01:06:41.789-05:00  INFO 20412 --- [SysPasteleriaDulcesitoFx] [JavaFX-Launcher] o.s.boot.SpringApplication               : Starting application using Java 18.0.2 with PID 20412 (started by ASUS in D:\Omar 2\PROYECTO-FINAL-U2-main (1)\PROYECTO-FINAL-U2-main\SysPasteleriaDulcesitoFx\SysPasteleriaDulcesitoFx)
2024-11-26T01:06:41.794-05:00  INFO 20412 --- [SysPasteleriaDulcesitoFx] [JavaFX-Launcher] o.s.boot.SpringApplication               : No active profile set, falling back to 1 default profile: "default"
2024-11-26T01:06:42.594-05:00  INFO 20412 --- [SysPasteleriaDulcesitoFx] [JavaFX-Launcher] .s.d.r.c.RepositoryConfigurationDelegate : Bootstrapping Spring Data JPA repositories in DEFAULT mode.
2024-11-26T01:06:42.674-05:00  INFO 20412 --- [SysPasteleriaDulcesitoFx] [JavaFX-Launcher] .s.d.r.c.RepositoryConfigurationDelegate : Finished Spring Data repository scanning in 70 ms. Found 15 JPA repository interfaces.
2024-11-26T01:06:43.138-05:00  INFO 20412 --- [SysPasteleriaDulcesitoFx] [JavaFX-Launcher] o.hibernate.jpa.internal.util.LogHelper  : HHH000204: Processing PersistenceUnitInfo [name: default]
2024-11-26T01:06:43.198-05:00  INFO 20412 --- [SysPasteleriaDulcesitoFx] [JavaFX-Launcher] org.hibernate.Version                    : HHH000412: Hibernate ORM core version 6.5.3.Final
2024-11-26T01:06:43.228-05:00  INFO 20412 --- [SysPasteleriaDulcesitoFx] [JavaFX-Launcher] o.h.c.internal.RegionFactoryInitiator    : HHH000026: Second-level cache disabled
2024-11-26T01:06:43.523-05:00  INFO 20412 --- [SysPasteleriaDulcesitoFx] [JavaFX-Launcher] o.s.o.j.p.SpringPersistenceUnitInfo      : No LoadTimeWeaver setup: ignoring JPA class transformer
2024-11-26T01:06:43.551-05:00  INFO 20412 --- [SysPasteleriaDulcesitoFx] [JavaFX-Launcher] com.zaxxer.hikari.HikariDataSource       : HikariPool-1 - Starting...
2024-11-26T01:06:43.781-05:00  INFO 20412 --- [SysPasteleriaDulcesitoFx] [JavaFX-Launcher] com.zaxxer.hikari.pool.HikariPool        : HikariPool-1 - Added connection org.sqlite.jdbc4.JDBC4Connection@41e4aedf
2024-11-26T01:06:43.784-05:00  INFO 20412 --- [SysPasteleriaDulcesitoFx] [JavaFX-Launcher] com.zaxxer.hikari.HikariDataSource       : HikariPool-1 - Start completed.
2024-11-26T01:06:44.927-05:00  INFO 20412 --- [SysPasteleriaDulcesitoFx] [JavaFX-Launcher] o.h.e.t.j.p.i.JtaPlatformInitiator       : HHH000489: No JTA platform available (set 'hibernate.transaction.jta.platform' to enable JTA platform integration)
2024-11-26T01:06:44.961-05:00  INFO 20412 --- [SysPasteleriaDulcesitoFx] [JavaFX-Launcher] j.LocalContainerEntityManagerFactoryBean : Initialized JPA EntityManagerFactory for persistence unit 'default'
2024-11-26T01:06:45.273-05:00  INFO 20412 --- [SysPasteleriaDulcesitoFx] [JavaFX-Launcher] o.s.d.j.r.query.QueryEnhancerFactory     : Hibernate is in classpath; If applicable, HQL parser will be used.
2024-11-26T01:06:45.922-05:00  INFO 20412 --- [SysPasteleriaDulcesitoFx] [JavaFX-Launcher] o.s.boot.SpringApplication               : Started application in 4.797 seconds (process running for 5.506)
2024-11-26T01:07:23.227-05:00  WARN 20412 --- [SysPasteleriaDulcesitoFx] [JavaFX Application Thread] o.h.engine.jdbc.spi.SqlExceptionHelper   : SQL Error: 19, SQLState: null
2024-11-26T01:07:23.227-05:00 ERROR 20412 --- [SysPasteleriaDulcesitoFx] [JavaFX Application Thread] o.h.engine.jdbc.spi.SqlExceptionHelper   : [SQLITE_CONSTRAINT_NOTNULL] A NOT NULL constraint failed (NOT NULL constraint failed: upeu_proveedor.tipo_doc)
2024-11-26T01:11:45.844-05:00  INFO 20412 --- [SysPasteleriaDulcesitoFx] [SpringApplicationShutdownHook] j.LocalContainerEntityManagerFactoryBean : Closing JPA EntityManagerFactory for persistence unit 'default'
2024-11-26T01:11:45.889-05:00  INFO 20412 --- [SysPasteleriaDulcesitoFx] [SpringApplicationShutdownHook] com.zaxxer.hikari.HikariDataSource       : HikariPool-1 - Shutdown initiated...
2024-11-26T01:11:45.905-05:00  INFO 20412 --- [SysPasteleriaDulcesitoFx] [SpringApplicationShutdownHook] com.zaxxer.hikari.HikariDataSource       : HikariPool-1 - Shutdown completed.
2024-11-26T07:43:01.962-05:00  INFO 2192 --- [SysPasteleriaDulcesitoFx] [JavaFX-Launcher] o.s.boot.SpringApplication               : Starting application using Java 18.0.2 with PID 2192 (started by ASUS in D:\Omar 2\PROYECTO-FINAL-U2-main (1)\PROYECTO-FINAL-U2-main\SysPasteleriaDulcesitoFx\SysPasteleriaDulcesitoFx)
2024-11-26T07:43:01.965-05:00  INFO 2192 --- [SysPasteleriaDulcesitoFx] [JavaFX-Launcher] o.s.boot.SpringApplication               : No active profile set, falling back to 1 default profile: "default"
2024-11-26T07:43:03.409-05:00  INFO 2192 --- [SysPasteleriaDulcesitoFx] [JavaFX-Launcher] .s.d.r.c.RepositoryConfigurationDelegate : Bootstrapping Spring Data JPA repositories in DEFAULT mode.
2024-11-26T07:43:03.539-05:00  INFO 2192 --- [SysPasteleriaDulcesitoFx] [JavaFX-Launcher] .s.d.r.c.RepositoryConfigurationDelegate : Finished Spring Data repository scanning in 112 ms. Found 15 JPA repository interfaces.
2024-11-26T07:43:04.303-05:00  INFO 2192 --- [SysPasteleriaDulcesitoFx] [JavaFX-Launcher] o.hibernate.jpa.internal.util.LogHelper  : HHH000204: Processing PersistenceUnitInfo [name: default]
2024-11-26T07:43:04.390-05:00  INFO 2192 --- [SysPasteleriaDulcesitoFx] [JavaFX-Launcher] org.hibernate.Version                    : HHH000412: Hibernate ORM core version 6.5.3.Final
2024-11-26T07:43:04.432-05:00  INFO 2192 --- [SysPasteleriaDulcesitoFx] [JavaFX-Launcher] o.h.c.internal.RegionFactoryInitiator    : HHH000026: Second-level cache disabled
2024-11-26T07:43:04.756-05:00  INFO 2192 --- [SysPasteleriaDulcesitoFx] [JavaFX-Launcher] o.s.o.j.p.SpringPersistenceUnitInfo      : No LoadTimeWeaver setup: ignoring JPA class transformer
2024-11-26T07:43:04.785-05:00  INFO 2192 --- [SysPasteleriaDulcesitoFx] [JavaFX-Launcher] com.zaxxer.hikari.HikariDataSource       : HikariPool-1 - Starting...
2024-11-26T07:43:04.938-05:00  INFO 2192 --- [SysPasteleriaDulcesitoFx] [JavaFX-Launcher] com.zaxxer.hikari.pool.HikariPool        : HikariPool-1 - Added connection org.sqlite.jdbc4.JDBC4Connection@433eb100
2024-11-26T07:43:04.939-05:00  INFO 2192 --- [SysPasteleriaDulcesitoFx] [JavaFX-Launcher] com.zaxxer.hikari.HikariDataSource       : HikariPool-1 - Start completed.
2024-11-26T07:43:06.282-05:00  INFO 2192 --- [SysPasteleriaDulcesitoFx] [JavaFX-Launcher] o.h.e.t.j.p.i.JtaPlatformInitiator       : HHH000489: No JTA platform available (set 'hibernate.transaction.jta.platform' to enable JTA platform integration)
2024-11-26T07:43:06.341-05:00  INFO 2192 --- [SysPasteleriaDulcesitoFx] [JavaFX-Launcher] j.LocalContainerEntityManagerFactoryBean : Initialized JPA EntityManagerFactory for persistence unit 'default'
2024-11-26T07:43:06.822-05:00  INFO 2192 --- [SysPasteleriaDulcesitoFx] [JavaFX-Launcher] o.s.d.j.r.query.QueryEnhancerFactory     : Hibernate is in classpath; If applicable, HQL parser will be used.
2024-11-26T07:43:07.662-05:00  INFO 2192 --- [SysPasteleriaDulcesitoFx] [JavaFX-Launcher] o.s.boot.SpringApplication               : Started application in 6.709 seconds (process running for 7.555)
2024-11-26T07:43:25.234-05:00  WARN 2192 --- [SysPasteleriaDulcesitoFx] [JavaFX Application Thread] javafx.css                               : CSS Error parsing '*{-fx-background-color: #FFDAB9; -fx-text-fill: <?xml version="1.0" encoding="UTF-8"?><?import javafx.scene.control.Label?><Label fx:id="lbnMsg" maxHeight="1.7976931348623157E308" maxWidth="1.7976931348623157E308" prefHeight="47.0" prefWidth="398.0" style="-fx-text-fill: #D35400;" xmlns="http://javafx.com/javafx/17.0.2-ea" xmlns:fx="http://javafx.com/fxml/1" />;}: Unexpected token '<' at [1,48]
2024-11-26T08:17:06.902-05:00  INFO 2192 --- [SysPasteleriaDulcesitoFx] [SpringApplicationShutdownHook] j.LocalContainerEntityManagerFactoryBean : Closing JPA EntityManagerFactory for persistence unit 'default'
2024-11-26T08:17:06.952-05:00  INFO 2192 --- [SysPasteleriaDulcesitoFx] [SpringApplicationShutdownHook] com.zaxxer.hikari.HikariDataSource       : HikariPool-1 - Shutdown initiated...
2024-11-26T08:17:06.965-05:00  INFO 2192 --- [SysPasteleriaDulcesitoFx] [SpringApplicationShutdownHook] com.zaxxer.hikari.HikariDataSource       : HikariPool-1 - Shutdown completed.
2024-11-26T08:17:18.030-05:00  INFO 19872 --- [SysPasteleriaDulcesitoFx] [JavaFX-Launcher] o.s.boot.SpringApplication               : Starting application using Java 18.0.2 with PID 19872 (started by ASUS in D:\Omar 2\PROYECTO-FINAL-U2-main (1)\PROYECTO-FINAL-U2-main\SysPasteleriaDulcesitoFx\SysPasteleriaDulcesitoFx)
2024-11-26T08:17:18.034-05:00  INFO 19872 --- [SysPasteleriaDulcesitoFx] [JavaFX-Launcher] o.s.boot.SpringApplication               : No active profile set, falling back to 1 default profile: "default"
2024-11-26T08:17:19.274-05:00  INFO 19872 --- [SysPasteleriaDulcesitoFx] [JavaFX-Launcher] .s.d.r.c.RepositoryConfigurationDelegate : Bootstrapping Spring Data JPA repositories in DEFAULT mode.
2024-11-26T08:17:19.360-05:00  INFO 19872 --- [SysPasteleriaDulcesitoFx] [JavaFX-Launcher] .s.d.r.c.RepositoryConfigurationDelegate : Finished Spring Data repository scanning in 78 ms. Found 15 JPA repository interfaces.
2024-11-26T08:17:19.866-05:00  INFO 19872 --- [SysPasteleriaDulcesitoFx] [JavaFX-Launcher] o.hibernate.jpa.internal.util.LogHelper  : HHH000204: Processing PersistenceUnitInfo [name: default]
2024-11-26T08:17:19.932-05:00  INFO 19872 --- [SysPasteleriaDulcesitoFx] [JavaFX-Launcher] org.hibernate.Version                    : HHH000412: Hibernate ORM core version 6.5.3.Final
2024-11-26T08:17:19.962-05:00  INFO 19872 --- [SysPasteleriaDulcesitoFx] [JavaFX-Launcher] o.h.c.internal.RegionFactoryInitiator    : HHH000026: Second-level cache disabled
2024-11-26T08:17:20.269-05:00  INFO 19872 --- [SysPasteleriaDulcesitoFx] [JavaFX-Launcher] o.s.o.j.p.SpringPersistenceUnitInfo      : No LoadTimeWeaver setup: ignoring JPA class transformer
2024-11-26T08:17:20.296-05:00  INFO 19872 --- [SysPasteleriaDulcesitoFx] [JavaFX-Launcher] com.zaxxer.hikari.HikariDataSource       : HikariPool-1 - Starting...
2024-11-26T08:17:20.467-05:00  INFO 19872 --- [SysPasteleriaDulcesitoFx] [JavaFX-Launcher] com.zaxxer.hikari.pool.HikariPool        : HikariPool-1 - Added connection org.sqlite.jdbc4.JDBC4Connection@335574b9
2024-11-26T08:17:20.469-05:00  INFO 19872 --- [SysPasteleriaDulcesitoFx] [JavaFX-Launcher] com.zaxxer.hikari.HikariDataSource       : HikariPool-1 - Start completed.
2024-11-26T08:17:21.683-05:00  INFO 19872 --- [SysPasteleriaDulcesitoFx] [JavaFX-Launcher] o.h.e.t.j.p.i.JtaPlatformInitiator       : HHH000489: No JTA platform available (set 'hibernate.transaction.jta.platform' to enable JTA platform integration)
2024-11-26T08:17:21.729-05:00  INFO 19872 --- [SysPasteleriaDulcesitoFx] [JavaFX-Launcher] j.LocalContainerEntityManagerFactoryBean : Initialized JPA EntityManagerFactory for persistence unit 'default'
2024-11-26T08:17:22.144-05:00  INFO 19872 --- [SysPasteleriaDulcesitoFx] [JavaFX-Launcher] o.s.d.j.r.query.QueryEnhancerFactory     : Hibernate is in classpath; If applicable, HQL parser will be used.
2024-11-26T08:17:23.105-05:00  INFO 19872 --- [SysPasteleriaDulcesitoFx] [JavaFX-Launcher] o.s.boot.SpringApplication               : Started application in 6.024 seconds (process running for 8.134)
2024-11-26T08:24:39.237-05:00  INFO 19872 --- [SysPasteleriaDulcesitoFx] [SpringApplicationShutdownHook] j.LocalContainerEntityManagerFactoryBean : Closing JPA EntityManagerFactory for persistence unit 'default'
2024-11-26T08:24:39.240-05:00  INFO 19872 --- [SysPasteleriaDulcesitoFx] [SpringApplicationShutdownHook] com.zaxxer.hikari.HikariDataSource       : HikariPool-1 - Shutdown initiated...
2024-11-26T08:24:39.246-05:00  INFO 19872 --- [SysPasteleriaDulcesitoFx] [SpringApplicationShutdownHook] com.zaxxer.hikari.HikariDataSource       : HikariPool-1 - Shutdown completed.
2024-11-26T08:30:03.957-05:00  INFO 11524 --- [SysPasteleriaDulcesitoFx] [JavaFX-Launcher] o.s.boot.SpringApplication               : Starting application using Java 18.0.2 with PID 11524 (started by ASUS in D:\Omar 2\PROYECTO-FINAL-U2-main (1)\PROYECTO-FINAL-U2-main\SysPasteleriaDulcesitoFx\SysPasteleriaDulcesitoFx)
2024-11-26T08:30:03.958-05:00  INFO 11524 --- [SysPasteleriaDulcesitoFx] [JavaFX-Launcher] o.s.boot.SpringApplication               : No active profile set, falling back to 1 default profile: "default"
2024-11-26T08:30:04.880-05:00  INFO 11524 --- [SysPasteleriaDulcesitoFx] [JavaFX-Launcher] .s.d.r.c.RepositoryConfigurationDelegate : Bootstrapping Spring Data JPA repositories in DEFAULT mode.
2024-11-26T08:30:04.980-05:00  INFO 11524 --- [SysPasteleriaDulcesitoFx] [JavaFX-Launcher] .s.d.r.c.RepositoryConfigurationDelegate : Finished Spring Data repository scanning in 90 ms. Found 15 JPA repository interfaces.
2024-11-26T08:30:05.525-05:00  INFO 11524 --- [SysPasteleriaDulcesitoFx] [JavaFX-Launcher] o.hibernate.jpa.internal.util.LogHelper  : HHH000204: Processing PersistenceUnitInfo [name: default]
2024-11-26T08:30:05.576-05:00  INFO 11524 --- [SysPasteleriaDulcesitoFx] [JavaFX-Launcher] org.hibernate.Version                    : HHH000412: Hibernate ORM core version 6.5.3.Final
2024-11-26T08:30:05.605-05:00  INFO 11524 --- [SysPasteleriaDulcesitoFx] [JavaFX-Launcher] o.h.c.internal.RegionFactoryInitiator    : HHH000026: Second-level cache disabled
2024-11-26T08:30:05.955-05:00  INFO 11524 --- [SysPasteleriaDulcesitoFx] [JavaFX-Launcher] o.s.o.j.p.SpringPersistenceUnitInfo      : No LoadTimeWeaver setup: ignoring JPA class transformer
2024-11-26T08:30:05.978-05:00  INFO 11524 --- [SysPasteleriaDulcesitoFx] [JavaFX-Launcher] com.zaxxer.hikari.HikariDataSource       : HikariPool-1 - Starting...
2024-11-26T08:30:06.120-05:00  INFO 11524 --- [SysPasteleriaDulcesitoFx] [JavaFX-Launcher] com.zaxxer.hikari.pool.HikariPool        : HikariPool-1 - Added connection org.sqlite.jdbc4.JDBC4Connection@5a05b77
2024-11-26T08:30:06.122-05:00  INFO 11524 --- [SysPasteleriaDulcesitoFx] [JavaFX-Launcher] com.zaxxer.hikari.HikariDataSource       : HikariPool-1 - Start completed.
2024-11-26T08:30:07.272-05:00  INFO 11524 --- [SysPasteleriaDulcesitoFx] [JavaFX-Launcher] o.h.e.t.j.p.i.JtaPlatformInitiator       : HHH000489: No JTA platform available (set 'hibernate.transaction.jta.platform' to enable JTA platform integration)
2024-11-26T08:30:07.312-05:00  INFO 11524 --- [SysPasteleriaDulcesitoFx] [JavaFX-Launcher] j.LocalContainerEntityManagerFactoryBean : Initialized JPA EntityManagerFactory for persistence unit 'default'
2024-11-26T08:30:07.740-05:00  INFO 11524 --- [SysPasteleriaDulcesitoFx] [JavaFX-Launcher] o.s.d.j.r.query.QueryEnhancerFactory     : Hibernate is in classpath; If applicable, HQL parser will be used.
2024-11-26T08:30:08.356-05:00  INFO 11524 --- [SysPasteleriaDulcesitoFx] [JavaFX-Launcher] o.s.boot.SpringApplication               : Started application in 5.196 seconds (process running for 6.159)
2024-11-26T08:32:07.569-05:00  WARN 11524 --- [SysPasteleriaDulcesitoFx] [JavaFX Application Thread] o.h.engine.jdbc.spi.SqlExceptionHelper   : SQL Error: 19, SQLState: null
2024-11-26T08:32:07.569-05:00 ERROR 11524 --- [SysPasteleriaDulcesitoFx] [JavaFX Application Thread] o.h.engine.jdbc.spi.SqlExceptionHelper   : [SQLITE_CONSTRAINT_NOTNULL] A NOT NULL constraint failed (NOT NULL constraint failed: upeu_proveedor.tipo_doc)
2024-11-26T08:35:32.623-05:00  INFO 11524 --- [SysPasteleriaDulcesitoFx] [JavaFX Application Thread] j.LocalContainerEntityManagerFactoryBean : Closing JPA EntityManagerFactory for persistence unit 'default'
2024-11-26T08:35:32.628-05:00  INFO 11524 --- [SysPasteleriaDulcesitoFx] [JavaFX Application Thread] com.zaxxer.hikari.HikariDataSource       : HikariPool-1 - Shutdown initiated...
2024-11-26T08:35:32.632-05:00  INFO 11524 --- [SysPasteleriaDulcesitoFx] [JavaFX Application Thread] com.zaxxer.hikari.HikariDataSource       : HikariPool-1 - Shutdown completed.
2024-11-26T09:04:16.734-05:00  INFO 1632 --- [SysPasteleriaDulcesitoFx] [JavaFX-Launcher] o.s.boot.SpringApplication               : Starting application using Java 18.0.2 with PID 1632 (started by ASUS in D:\Omar 2\PROYECTO-FINAL-U2-main (1)\PROYECTO-FINAL-U2-main\SysPasteleriaDulcesitoFx\SysPasteleriaDulcesitoFx)
2024-11-26T09:04:16.737-05:00  INFO 1632 --- [SysPasteleriaDulcesitoFx] [JavaFX-Launcher] o.s.boot.SpringApplication               : No active profile set, falling back to 1 default profile: "default"
2024-11-26T09:04:17.551-05:00  INFO 1632 --- [SysPasteleriaDulcesitoFx] [JavaFX-Launcher] .s.d.r.c.RepositoryConfigurationDelegate : Bootstrapping Spring Data JPA repositories in DEFAULT mode.
2024-11-26T09:04:17.636-05:00  INFO 1632 --- [SysPasteleriaDulcesitoFx] [JavaFX-Launcher] .s.d.r.c.RepositoryConfigurationDelegate : Finished Spring Data repository scanning in 77 ms. Found 15 JPA repository interfaces.
2024-11-26T09:04:18.178-05:00  INFO 1632 --- [SysPasteleriaDulcesitoFx] [JavaFX-Launcher] o.hibernate.jpa.internal.util.LogHelper  : HHH000204: Processing PersistenceUnitInfo [name: default]
2024-11-26T09:04:18.235-05:00  INFO 1632 --- [SysPasteleriaDulcesitoFx] [JavaFX-Launcher] org.hibernate.Version                    : HHH000412: Hibernate ORM core version 6.5.3.Final
2024-11-26T09:04:18.271-05:00  INFO 1632 --- [SysPasteleriaDulcesitoFx] [JavaFX-Launcher] o.h.c.internal.RegionFactoryInitiator    : HHH000026: Second-level cache disabled
2024-11-26T09:04:18.583-05:00  INFO 1632 --- [SysPasteleriaDulcesitoFx] [JavaFX-Launcher] o.s.o.j.p.SpringPersistenceUnitInfo      : No LoadTimeWeaver setup: ignoring JPA class transformer
2024-11-26T09:04:18.613-05:00  INFO 1632 --- [SysPasteleriaDulcesitoFx] [JavaFX-Launcher] com.zaxxer.hikari.HikariDataSource       : HikariPool-1 - Starting...
2024-11-26T09:04:18.770-05:00  INFO 1632 --- [SysPasteleriaDulcesitoFx] [JavaFX-Launcher] com.zaxxer.hikari.pool.HikariPool        : HikariPool-1 - Added connection org.sqlite.jdbc4.JDBC4Connection@680cfa4b
2024-11-26T09:04:18.771-05:00  INFO 1632 --- [SysPasteleriaDulcesitoFx] [JavaFX-Launcher] com.zaxxer.hikari.HikariDataSource       : HikariPool-1 - Start completed.
2024-11-26T09:04:20.011-05:00  INFO 1632 --- [SysPasteleriaDulcesitoFx] [JavaFX-Launcher] o.h.e.t.j.p.i.JtaPlatformInitiator       : HHH000489: No JTA platform available (set 'hibernate.transaction.jta.platform' to enable JTA platform integration)
2024-11-26T09:04:20.053-05:00  INFO 1632 --- [SysPasteleriaDulcesitoFx] [JavaFX-Launcher] j.LocalContainerEntityManagerFactoryBean : Initialized JPA EntityManagerFactory for persistence unit 'default'
2024-11-26T09:04:20.398-05:00  INFO 1632 --- [SysPasteleriaDulcesitoFx] [JavaFX-Launcher] o.s.d.j.r.query.QueryEnhancerFactory     : Hibernate is in classpath; If applicable, HQL parser will be used.
2024-11-26T09:04:21.042-05:00  INFO 1632 --- [SysPasteleriaDulcesitoFx] [JavaFX-Launcher] o.s.boot.SpringApplication               : Started application in 5.016 seconds (process running for 5.909)
2024-11-26T09:04:52.785-05:00  WARN 1632 --- [SysPasteleriaDulcesitoFx] [JavaFX Application Thread] o.h.engine.jdbc.spi.SqlExceptionHelper   : SQL Error: 19, SQLState: null
2024-11-26T09:04:52.786-05:00 ERROR 1632 --- [SysPasteleriaDulcesitoFx] [JavaFX Application Thread] o.h.engine.jdbc.spi.SqlExceptionHelper   : [SQLITE_CONSTRAINT_NOTNULL] A NOT NULL constraint failed (NOT NULL constraint failed: upeu_proveedor.celular)
2024-11-26T09:07:26.667-05:00  INFO 1632 --- [SysPasteleriaDulcesitoFx] [JavaFX Application Thread] j.LocalContainerEntityManagerFactoryBean : Closing JPA EntityManagerFactory for persistence unit 'default'
2024-11-26T09:07:26.674-05:00  INFO 1632 --- [SysPasteleriaDulcesitoFx] [JavaFX Application Thread] com.zaxxer.hikari.HikariDataSource       : HikariPool-1 - Shutdown initiated...
2024-11-26T09:07:26.678-05:00  INFO 1632 --- [SysPasteleriaDulcesitoFx] [JavaFX Application Thread] com.zaxxer.hikari.HikariDataSource       : HikariPool-1 - Shutdown completed.
2024-11-26T09:07:34.921-05:00  INFO 15764 --- [SysPasteleriaDulcesitoFx] [JavaFX-Launcher] o.s.boot.SpringApplication               : Starting application using Java 18.0.2 with PID 15764 (started by ASUS in D:\Omar 2\PROYECTO-FINAL-U2-main (1)\PROYECTO-FINAL-U2-main\SysPasteleriaDulcesitoFx\SysPasteleriaDulcesitoFx)
2024-11-26T09:07:34.925-05:00  INFO 15764 --- [SysPasteleriaDulcesitoFx] [JavaFX-Launcher] o.s.boot.SpringApplication               : No active profile set, falling back to 1 default profile: "default"
2024-11-26T09:07:35.858-05:00  INFO 15764 --- [SysPasteleriaDulcesitoFx] [JavaFX-Launcher] .s.d.r.c.RepositoryConfigurationDelegate : Bootstrapping Spring Data JPA repositories in DEFAULT mode.
2024-11-26T09:07:35.986-05:00  INFO 15764 --- [SysPasteleriaDulcesitoFx] [JavaFX-Launcher] .s.d.r.c.RepositoryConfigurationDelegate : Finished Spring Data repository scanning in 121 ms. Found 15 JPA repository interfaces.
2024-11-26T09:07:36.761-05:00  INFO 15764 --- [SysPasteleriaDulcesitoFx] [JavaFX-Launcher] o.hibernate.jpa.internal.util.LogHelper  : HHH000204: Processing PersistenceUnitInfo [name: default]
2024-11-26T09:07:36.858-05:00  INFO 15764 --- [SysPasteleriaDulcesitoFx] [JavaFX-Launcher] org.hibernate.Version                    : HHH000412: Hibernate ORM core version 6.5.3.Final
2024-11-26T09:07:36.903-05:00  INFO 15764 --- [SysPasteleriaDulcesitoFx] [JavaFX-Launcher] o.h.c.internal.RegionFactoryInitiator    : HHH000026: Second-level cache disabled
2024-11-26T09:07:37.316-05:00  INFO 15764 --- [SysPasteleriaDulcesitoFx] [JavaFX-Launcher] o.s.o.j.p.SpringPersistenceUnitInfo      : No LoadTimeWeaver setup: ignoring JPA class transformer
2024-11-26T09:07:37.371-05:00  INFO 15764 --- [SysPasteleriaDulcesitoFx] [JavaFX-Launcher] com.zaxxer.hikari.HikariDataSource       : HikariPool-1 - Starting...
2024-11-26T09:07:37.645-05:00  INFO 15764 --- [SysPasteleriaDulcesitoFx] [JavaFX-Launcher] com.zaxxer.hikari.pool.HikariPool        : HikariPool-1 - Added connection org.sqlite.jdbc4.JDBC4Connection@35c486e1
2024-11-26T09:07:37.649-05:00  INFO 15764 --- [SysPasteleriaDulcesitoFx] [JavaFX-Launcher] com.zaxxer.hikari.HikariDataSource       : HikariPool-1 - Start completed.
2024-11-26T09:07:39.107-05:00  INFO 15764 --- [SysPasteleriaDulcesitoFx] [JavaFX-Launcher] o.h.e.t.j.p.i.JtaPlatformInitiator       : HHH000489: No JTA platform available (set 'hibernate.transaction.jta.platform' to enable JTA platform integration)
2024-11-26T09:07:39.145-05:00  INFO 15764 --- [SysPasteleriaDulcesitoFx] [JavaFX-Launcher] j.LocalContainerEntityManagerFactoryBean : Initialized JPA EntityManagerFactory for persistence unit 'default'
2024-11-26T09:07:39.629-05:00  INFO 15764 --- [SysPasteleriaDulcesitoFx] [JavaFX-Launcher] o.s.d.j.r.query.QueryEnhancerFactory     : Hibernate is in classpath; If applicable, HQL parser will be used.
2024-11-26T09:07:40.755-05:00  INFO 15764 --- [SysPasteleriaDulcesitoFx] [JavaFX-Launcher] o.s.boot.SpringApplication               : Started application in 6.708 seconds (process running for 7.448)
2024-11-26T09:16:08.178-05:00  INFO 15764 --- [SysPasteleriaDulcesitoFx] [SpringApplicationShutdownHook] j.LocalContainerEntityManagerFactoryBean : Closing JPA EntityManagerFactory for persistence unit 'default'
2024-11-26T09:16:08.186-05:00  INFO 15764 --- [SysPasteleriaDulcesitoFx] [SpringApplicationShutdownHook] com.zaxxer.hikari.HikariDataSource       : HikariPool-1 - Shutdown initiated...
2024-11-26T09:16:08.191-05:00  INFO 15764 --- [SysPasteleriaDulcesitoFx] [SpringApplicationShutdownHook] com.zaxxer.hikari.HikariDataSource       : HikariPool-1 - Shutdown completed.
2024-11-26T09:16:11.201-05:00  INFO 7800 --- [SysPasteleriaDulcesitoFx] [JavaFX-Launcher] o.s.boot.SpringApplication               : Starting application using Java 18.0.2 with PID 7800 (started by ASUS in D:\Omar 2\PROYECTO-FINAL-U2-main (1)\PROYECTO-FINAL-U2-main\SysPasteleriaDulcesitoFx\SysPasteleriaDulcesitoFx)
2024-11-26T09:16:11.211-05:00  INFO 7800 --- [SysPasteleriaDulcesitoFx] [JavaFX-Launcher] o.s.boot.SpringApplication               : No active profile set, falling back to 1 default profile: "default"
2024-11-26T09:16:12.027-05:00  INFO 7800 --- [SysPasteleriaDulcesitoFx] [JavaFX-Launcher] .s.d.r.c.RepositoryConfigurationDelegate : Bootstrapping Spring Data JPA repositories in DEFAULT mode.
2024-11-26T09:16:12.105-05:00  INFO 7800 --- [SysPasteleriaDulcesitoFx] [JavaFX-Launcher] .s.d.r.c.RepositoryConfigurationDelegate : Finished Spring Data repository scanning in 73 ms. Found 15 JPA repository interfaces.
2024-11-26T09:16:12.780-05:00  INFO 7800 --- [SysPasteleriaDulcesitoFx] [JavaFX-Launcher] o.hibernate.jpa.internal.util.LogHelper  : HHH000204: Processing PersistenceUnitInfo [name: default]
2024-11-26T09:16:12.894-05:00  INFO 7800 --- [SysPasteleriaDulcesitoFx] [JavaFX-Launcher] org.hibernate.Version                    : HHH000412: Hibernate ORM core version 6.5.3.Final
2024-11-26T09:16:12.931-05:00  INFO 7800 --- [SysPasteleriaDulcesitoFx] [JavaFX-Launcher] o.h.c.internal.RegionFactoryInitiator    : HHH000026: Second-level cache disabled
2024-11-26T09:16:13.247-05:00  INFO 7800 --- [SysPasteleriaDulcesitoFx] [JavaFX-Launcher] o.s.o.j.p.SpringPersistenceUnitInfo      : No LoadTimeWeaver setup: ignoring JPA class transformer
2024-11-26T09:16:13.282-05:00  INFO 7800 --- [SysPasteleriaDulcesitoFx] [JavaFX-Launcher] com.zaxxer.hikari.HikariDataSource       : HikariPool-1 - Starting...
2024-11-26T09:16:13.506-05:00  INFO 7800 --- [SysPasteleriaDulcesitoFx] [JavaFX-Launcher] com.zaxxer.hikari.pool.HikariPool        : HikariPool-1 - Added connection org.sqlite.jdbc4.JDBC4Connection@4b1d8373
2024-11-26T09:16:13.508-05:00  INFO 7800 --- [SysPasteleriaDulcesitoFx] [JavaFX-Launcher] com.zaxxer.hikari.HikariDataSource       : HikariPool-1 - Start completed.
2024-11-26T09:16:14.652-05:00  INFO 7800 --- [SysPasteleriaDulcesitoFx] [JavaFX-Launcher] o.h.e.t.j.p.i.JtaPlatformInitiator       : HHH000489: No JTA platform available (set 'hibernate.transaction.jta.platform' to enable JTA platform integration)
2024-11-26T09:16:14.700-05:00  INFO 7800 --- [SysPasteleriaDulcesitoFx] [JavaFX-Launcher] j.LocalContainerEntityManagerFactoryBean : Initialized JPA EntityManagerFactory for persistence unit 'default'
2024-11-26T09:16:15.084-05:00  INFO 7800 --- [SysPasteleriaDulcesitoFx] [JavaFX-Launcher] o.s.d.j.r.query.QueryEnhancerFactory     : Hibernate is in classpath; If applicable, HQL parser will be used.
2024-11-26T09:16:16.203-05:00  INFO 7800 --- [SysPasteleriaDulcesitoFx] [JavaFX-Launcher] o.s.boot.SpringApplication               : Started application in 5.72 seconds (process running for 6.808)
2024-11-26T09:20:03.597-05:00  INFO 7800 --- [SysPasteleriaDulcesitoFx] [SpringApplicationShutdownHook] j.LocalContainerEntityManagerFactoryBean : Closing JPA EntityManagerFactory for persistence unit 'default'
2024-11-26T09:20:03.598-05:00  INFO 7800 --- [SysPasteleriaDulcesitoFx] [SpringApplicationShutdownHook] com.zaxxer.hikari.HikariDataSource       : HikariPool-1 - Shutdown initiated...
2024-11-26T09:20:03.602-05:00  INFO 7800 --- [SysPasteleriaDulcesitoFx] [SpringApplicationShutdownHook] com.zaxxer.hikari.HikariDataSource       : HikariPool-1 - Shutdown completed.
2024-11-26T11:45:21.497-05:00  INFO 21104 --- [SysPasteleriaDulcesitoFx] [JavaFX-Launcher] o.s.boot.SpringApplication               : Starting application using Java 18.0.2 with PID 21104 (started by ASUS in D:\Omar 2\SysPasteleriaDulcesitoFx\SysPasteleriaDulcesitoFx)
2024-11-26T11:45:21.501-05:00  INFO 21104 --- [SysPasteleriaDulcesitoFx] [JavaFX-Launcher] o.s.boot.SpringApplication               : No active profile set, falling back to 1 default profile: "default"
2024-11-26T11:45:22.833-05:00  INFO 21104 --- [SysPasteleriaDulcesitoFx] [JavaFX-Launcher] .s.d.r.c.RepositoryConfigurationDelegate : Bootstrapping Spring Data JPA repositories in DEFAULT mode.
2024-11-26T11:45:22.908-05:00  INFO 21104 --- [SysPasteleriaDulcesitoFx] [JavaFX-Launcher] .s.d.r.c.RepositoryConfigurationDelegate : Finished Spring Data repository scanning in 68 ms. Found 15 JPA repository interfaces.
2024-11-26T11:45:23.346-05:00  INFO 21104 --- [SysPasteleriaDulcesitoFx] [JavaFX-Launcher] o.hibernate.jpa.internal.util.LogHelper  : HHH000204: Processing PersistenceUnitInfo [name: default]
2024-11-26T11:45:23.397-05:00  INFO 21104 --- [SysPasteleriaDulcesitoFx] [JavaFX-Launcher] org.hibernate.Version                    : HHH000412: Hibernate ORM core version 6.5.3.Final
2024-11-26T11:45:23.424-05:00  INFO 21104 --- [SysPasteleriaDulcesitoFx] [JavaFX-Launcher] o.h.c.internal.RegionFactoryInitiator    : HHH000026: Second-level cache disabled
2024-11-26T11:45:23.700-05:00  INFO 21104 --- [SysPasteleriaDulcesitoFx] [JavaFX-Launcher] o.s.o.j.p.SpringPersistenceUnitInfo      : No LoadTimeWeaver setup: ignoring JPA class transformer
2024-11-26T11:45:23.724-05:00  INFO 21104 --- [SysPasteleriaDulcesitoFx] [JavaFX-Launcher] com.zaxxer.hikari.HikariDataSource       : HikariPool-1 - Starting...
2024-11-26T11:45:23.876-05:00  INFO 21104 --- [SysPasteleriaDulcesitoFx] [JavaFX-Launcher] com.zaxxer.hikari.pool.HikariPool        : HikariPool-1 - Added connection org.sqlite.jdbc4.JDBC4Connection@11e92b0
2024-11-26T11:45:23.877-05:00  INFO 21104 --- [SysPasteleriaDulcesitoFx] [JavaFX-Launcher] com.zaxxer.hikari.HikariDataSource       : HikariPool-1 - Start completed.
2024-11-26T11:45:24.968-05:00  INFO 21104 --- [SysPasteleriaDulcesitoFx] [JavaFX-Launcher] o.h.e.t.j.p.i.JtaPlatformInitiator       : HHH000489: No JTA platform available (set 'hibernate.transaction.jta.platform' to enable JTA platform integration)
2024-11-26T11:45:25.002-05:00  INFO 21104 --- [SysPasteleriaDulcesitoFx] [JavaFX-Launcher] j.LocalContainerEntityManagerFactoryBean : Initialized JPA EntityManagerFactory for persistence unit 'default'
2024-11-26T11:45:25.316-05:00  INFO 21104 --- [SysPasteleriaDulcesitoFx] [JavaFX-Launcher] o.s.d.j.r.query.QueryEnhancerFactory     : Hibernate is in classpath; If applicable, HQL parser will be used.
2024-11-26T11:45:25.976-05:00  INFO 21104 --- [SysPasteleriaDulcesitoFx] [JavaFX-Launcher] o.s.boot.SpringApplication               : Started application in 4.998 seconds (process running for 5.67)
2024-11-26T11:49:31.717-05:00  INFO 21104 --- [SysPasteleriaDulcesitoFx] [SpringApplicationShutdownHook] j.LocalContainerEntityManagerFactoryBean : Closing JPA EntityManagerFactory for persistence unit 'default'
2024-11-26T11:49:31.725-05:00  INFO 21104 --- [SysPasteleriaDulcesitoFx] [SpringApplicationShutdownHook] com.zaxxer.hikari.HikariDataSource       : HikariPool-1 - Shutdown initiated...
2024-11-26T11:49:31.731-05:00  INFO 21104 --- [SysPasteleriaDulcesitoFx] [SpringApplicationShutdownHook] com.zaxxer.hikari.HikariDataSource       : HikariPool-1 - Shutdown completed.
2024-11-26T11:49:35.692-05:00  INFO 23436 --- [SysPasteleriaDulcesitoFx] [JavaFX-Launcher] o.s.boot.SpringApplication               : Starting application using Java 18.0.2 with PID 23436 (started by ASUS in D:\Omar 2\SysPasteleriaDulcesitoFx\SysPasteleriaDulcesitoFx)
2024-11-26T11:49:35.694-05:00  INFO 23436 --- [SysPasteleriaDulcesitoFx] [JavaFX-Launcher] o.s.boot.SpringApplication               : No active profile set, falling back to 1 default profile: "default"
2024-11-26T11:49:36.326-05:00  INFO 23436 --- [SysPasteleriaDulcesitoFx] [JavaFX-Launcher] .s.d.r.c.RepositoryConfigurationDelegate : Bootstrapping Spring Data JPA repositories in DEFAULT mode.
2024-11-26T11:49:36.398-05:00  INFO 23436 --- [SysPasteleriaDulcesitoFx] [JavaFX-Launcher] .s.d.r.c.RepositoryConfigurationDelegate : Finished Spring Data repository scanning in 65 ms. Found 15 JPA repository interfaces.
2024-11-26T11:49:36.940-05:00  INFO 23436 --- [SysPasteleriaDulcesitoFx] [JavaFX-Launcher] o.hibernate.jpa.internal.util.LogHelper  : HHH000204: Processing PersistenceUnitInfo [name: default]
2024-11-26T11:49:37.009-05:00  INFO 23436 --- [SysPasteleriaDulcesitoFx] [JavaFX-Launcher] org.hibernate.Version                    : HHH000412: Hibernate ORM core version 6.5.3.Final
2024-11-26T11:49:37.052-05:00  INFO 23436 --- [SysPasteleriaDulcesitoFx] [JavaFX-Launcher] o.h.c.internal.RegionFactoryInitiator    : HHH000026: Second-level cache disabled
2024-11-26T11:49:37.343-05:00  INFO 23436 --- [SysPasteleriaDulcesitoFx] [JavaFX-Launcher] o.s.o.j.p.SpringPersistenceUnitInfo      : No LoadTimeWeaver setup: ignoring JPA class transformer
2024-11-26T11:49:37.372-05:00  INFO 23436 --- [SysPasteleriaDulcesitoFx] [JavaFX-Launcher] com.zaxxer.hikari.HikariDataSource       : HikariPool-1 - Starting...
2024-11-26T11:49:37.523-05:00  INFO 23436 --- [SysPasteleriaDulcesitoFx] [JavaFX-Launcher] com.zaxxer.hikari.pool.HikariPool        : HikariPool-1 - Added connection org.sqlite.jdbc4.JDBC4Connection@68339bac
2024-11-26T11:49:37.524-05:00  INFO 23436 --- [SysPasteleriaDulcesitoFx] [JavaFX-Launcher] com.zaxxer.hikari.HikariDataSource       : HikariPool-1 - Start completed.
2024-11-26T11:49:38.513-05:00  INFO 23436 --- [SysPasteleriaDulcesitoFx] [JavaFX-Launcher] o.h.e.t.j.p.i.JtaPlatformInitiator       : HHH000489: No JTA platform available (set 'hibernate.transaction.jta.platform' to enable JTA platform integration)
2024-11-26T11:49:38.542-05:00  INFO 23436 --- [SysPasteleriaDulcesitoFx] [JavaFX-Launcher] j.LocalContainerEntityManagerFactoryBean : Initialized JPA EntityManagerFactory for persistence unit 'default'
2024-11-26T11:49:38.859-05:00  INFO 23436 --- [SysPasteleriaDulcesitoFx] [JavaFX-Launcher] o.s.d.j.r.query.QueryEnhancerFactory     : Hibernate is in classpath; If applicable, HQL parser will be used.
2024-11-26T11:49:39.465-05:00  INFO 23436 --- [SysPasteleriaDulcesitoFx] [JavaFX-Launcher] o.s.boot.SpringApplication               : Started application in 4.268 seconds (process running for 4.823)
2024-11-26T11:54:35.451-05:00  INFO 23436 --- [SysPasteleriaDulcesitoFx] [SpringApplicationShutdownHook] j.LocalContainerEntityManagerFactoryBean : Closing JPA EntityManagerFactory for persistence unit 'default'
2024-11-26T11:54:35.464-05:00  INFO 23436 --- [SysPasteleriaDulcesitoFx] [SpringApplicationShutdownHook] com.zaxxer.hikari.HikariDataSource       : HikariPool-1 - Shutdown initiated...
2024-11-26T11:54:35.470-05:00  INFO 23436 --- [SysPasteleriaDulcesitoFx] [SpringApplicationShutdownHook] com.zaxxer.hikari.HikariDataSource       : HikariPool-1 - Shutdown completed.
2024-11-26T15:44:08.119-05:00  INFO 23400 --- [SysPasteleriaDulcesitoFx] [JavaFX-Launcher] o.s.boot.SpringApplication               : Starting application using Java 18.0.2 with PID 23400 (started by ASUS in D:\Omar 2\SysPasteleriaDulcesitoFx\SysPasteleriaDulcesitoFx)
2024-11-26T15:44:08.121-05:00  INFO 23400 --- [SysPasteleriaDulcesitoFx] [JavaFX-Launcher] o.s.boot.SpringApplication               : No active profile set, falling back to 1 default profile: "default"
2024-11-26T15:44:09.389-05:00  INFO 23400 --- [SysPasteleriaDulcesitoFx] [JavaFX-Launcher] .s.d.r.c.RepositoryConfigurationDelegate : Bootstrapping Spring Data JPA repositories in DEFAULT mode.
2024-11-26T15:44:09.504-05:00  INFO 23400 --- [SysPasteleriaDulcesitoFx] [JavaFX-Launcher] .s.d.r.c.RepositoryConfigurationDelegate : Finished Spring Data repository scanning in 105 ms. Found 15 JPA repository interfaces.
2024-11-26T15:44:10.235-05:00  INFO 23400 --- [SysPasteleriaDulcesitoFx] [JavaFX-Launcher] o.hibernate.jpa.internal.util.LogHelper  : HHH000204: Processing PersistenceUnitInfo [name: default]
2024-11-26T15:44:10.303-05:00  INFO 23400 --- [SysPasteleriaDulcesitoFx] [JavaFX-Launcher] org.hibernate.Version                    : HHH000412: Hibernate ORM core version 6.5.3.Final
2024-11-26T15:44:10.337-05:00  INFO 23400 --- [SysPasteleriaDulcesitoFx] [JavaFX-Launcher] o.h.c.internal.RegionFactoryInitiator    : HHH000026: Second-level cache disabled
2024-11-26T15:44:10.687-05:00  INFO 23400 --- [SysPasteleriaDulcesitoFx] [JavaFX-Launcher] o.s.o.j.p.SpringPersistenceUnitInfo      : No LoadTimeWeaver setup: ignoring JPA class transformer
2024-11-26T15:44:10.718-05:00  INFO 23400 --- [SysPasteleriaDulcesitoFx] [JavaFX-Launcher] com.zaxxer.hikari.HikariDataSource       : HikariPool-1 - Starting...
2024-11-26T15:44:10.951-05:00  INFO 23400 --- [SysPasteleriaDulcesitoFx] [JavaFX-Launcher] com.zaxxer.hikari.pool.HikariPool        : HikariPool-1 - Added connection org.sqlite.jdbc4.JDBC4Connection@4381030d
2024-11-26T15:44:10.953-05:00  INFO 23400 --- [SysPasteleriaDulcesitoFx] [JavaFX-Launcher] com.zaxxer.hikari.HikariDataSource       : HikariPool-1 - Start completed.
2024-11-26T15:44:12.170-05:00  INFO 23400 --- [SysPasteleriaDulcesitoFx] [JavaFX-Launcher] o.h.e.t.j.p.i.JtaPlatformInitiator       : HHH000489: No JTA platform available (set 'hibernate.transaction.jta.platform' to enable JTA platform integration)
2024-11-26T15:44:12.211-05:00  INFO 23400 --- [SysPasteleriaDulcesitoFx] [JavaFX-Launcher] j.LocalContainerEntityManagerFactoryBean : Initialized JPA EntityManagerFactory for persistence unit 'default'
2024-11-26T15:44:12.638-05:00  INFO 23400 --- [SysPasteleriaDulcesitoFx] [JavaFX-Launcher] o.s.d.j.r.query.QueryEnhancerFactory     : Hibernate is in classpath; If applicable, HQL parser will be used.
2024-11-26T15:44:13.563-05:00  INFO 23400 --- [SysPasteleriaDulcesitoFx] [JavaFX-Launcher] o.s.boot.SpringApplication               : Started application in 6.34 seconds (process running for 7.666)
2024-11-26T15:45:24.715-05:00  INFO 23400 --- [SysPasteleriaDulcesitoFx] [JavaFX Application Thread] j.LocalContainerEntityManagerFactoryBean : Closing JPA EntityManagerFactory for persistence unit 'default'
2024-11-26T15:45:24.721-05:00  INFO 23400 --- [SysPasteleriaDulcesitoFx] [JavaFX Application Thread] com.zaxxer.hikari.HikariDataSource       : HikariPool-1 - Shutdown initiated...
2024-11-26T15:45:24.727-05:00  INFO 23400 --- [SysPasteleriaDulcesitoFx] [JavaFX Application Thread] com.zaxxer.hikari.HikariDataSource       : HikariPool-1 - Shutdown completed.
